0 388 638 11 782 1553 1429 675 1662 1711 54 56 702 833 1487 1107 1493 1122 612 1400 
1 1155 388 1673 11 782 656 1657 1403 1302 1050 294 811 1711 1072 944 56 702 1470 1218 1097 719 1616 1487 210 850 1493 1122 357 997 1256 494 1529 1147 509 
2 11 1553 54 1591 56 57 579 1607 72 1613 1615 1624 1116 1629 1122 1637 616 1657 638 1151 1153 1675 146 1171 1183 675 1703 171 172 1711 703 192 197 717 730 1251 1254 1255 754 246 782 783 1302 279 1306 1309 799 1312 294 811 822 340 856 349 355 371 1399 377 1405 896 388 904 1417 905 397 924 414 1443 933 429 1469 960 969 1483 972 1493 1497 1508 
3 1122 388 1541 11 782 1711 1263 1493 
4 1122 388 11 782 1711 1493 
5 1122 388 612 11 782 1711 1487 1107 1493 54 
6 388 1541 11 782 1553 1429 1050 1691 1711 54 56 61 1470 73 719 1616 1487 1107 1493 96 1122 612 1263 633 1400 
7 1 514 1540 517 521 1034 11 525 15 1552 1553 529 533 22 536 1561 26 1564 28 30 1054 1053 542 32 1570 549 1574 550 1064 1577 1067 1072 1073 1588 54 1591 55 56 1079 576 578 579 1607 72 1096 1611 79 592 1615 1106 595 83 1108 1621 1619 591 1107 1624 1115 1116 93 1628 1119 610 1122 612 1637 102 98 1640 1126 1649 1139 1657 633 1147 1662 638 1152 1163 139 1677 1166 141 656 144 1169 1684 661 1173 1688 155 668 157 1183 672 675 1699 1187 679 680 1193 1706 172 1709 685 1199 1712 1713 1711 179 1197 1206 185 699 188 702 703 192 1220 709 197 1224 713 204 718 209 210 727 217 1246 737 226 743 1256 237 1262 754 1276 1279 768 771 1285 1288 268 782 1295 784 789 277 790 281 1310 287 293 294 808 809 1322 1329 820 310 313 314 315 317 833 334 848 1362 850 340 1365 343 857 858 347 1373 350 865 358 1393 882 1399 1400 377 379 892 380 1406 1407 1403 1411 1412 900 388 389 1420 399 917 1429 407 1431 410 1434 412 925 414 417 1442 419 935 424 1447 938 1451 1455 944 1457 951 954 1467 444 1471 448 453 1478 968 1485 1486 1487 977 1490 1491 465 1493 470 474 475 987 997 1513 1003 1004 1012 1018 1021 
8 1122 388 1541 612 11 782 1711 1487 1263 1107 1493 54 
9 1122 388 1541 11 782 1711 1263 1493 
10 388 1541 11 523 782 656 913 1180 670 166 1711 1334 567 56 447 1471 457 1487 335 1364 1493 1122 106 
11 388 1541 138 11 782 656 794 810 1711 303 54 182 56 835 719 1487 1616 1107 1620 1493 1116 1122 868 612 1263 633 
12 0 1025 2 1539 516 1034 11 1040 1553 1559 24 1050 543 1568 548 549 1580 559 1075 54 1078 1591 56 61 64 577 1092 1097 73 587 592 1616 80 1107 1108 1620 596 1116 1628 96 1122 612 1637 1640 110 1143 1657 633 638 639 641 1155 131 138 652 1679 656 1169 150 1176 1689 676 1191 1704 681 1711 178 1716 182 192 1219 1220 197 719 1242 1248 231 746 1264 775 1289 269 782 783 278 794 797 806 810 813 303 835 327 1360 340 862 1390 884 1399 1400 1401 889 388 1429 405 919 920 925 928 1443 935 423 425 435 1463 440 1470 958 448 1487 1493 1498 986 1006 1522 
13 1122 388 11 782 1711 1493 
14 1122 388 11 782 1711 1493 
15 1122 388 11 782 1711 656 1493 1400 
16 1122 388 11 782 1711 1493 
17 1122 835 388 612 11 782 1711 1487 275 1107 1493 
18 1122 388 11 782 1711 1487 1493 56 
19 388 11 782 656 1302 1444 549 1193 811 1711 1199 1073 1716 54 1591 56 1096 1224 1487 1107 1493 1122 612 496 
20 1122 388 11 782 1711 1493 
21 1122 388 11 782 1711 656 1493 
22 1122 388 612 11 782 1711 1487 1107 1493 54 
23 1122 835 388 1541 612 11 782 1263 1711 1487 633 1107 1493 54 56 
24 1122 388 612 1675 11 782 1711 1487 1107 1493 54 56 
25 0 1 8 11 15 30 41 52 54 56 57 63 67 72 87 95 96 101 111 117 139 150 169 172 173 180 185 187 192 197 204 208 212 217 218 236 250 256 271 273 278 279 282 290 295 302 303 305 310 317 321 340 350 357 367 371 372 380 388 392 397 399 401 407 409 413 417 418 421 425 429 442 455 471 479 480 484 491 496 502 505 506 508 513 514 517 522 524 539 540 542 546 551 568 569 573 574 575 579 581 583 585 587 592 608 609 610 611 612 613 638 656 659 668 674 675 679 681 682 702 706 717 730 733 738 748 756 766 772 780 782 783 787 789 790 791 794 799 807 808 835 840 858 862 865 867 879 884 885 910 916 917 918 922 924 925 934 935 938 945 960 961 965 969 971 977 983 984 990 997 999 1003 1004 1005 1010 1011 1015 1018 1024 1026 1033 1034 1037 1039 1040 1042 1047 1061 1067 1072 1074 1077 1079 1100 1107 1108 1110 1116 1122 1127 1130 1131 1143 1152 1153 1154 1169 1170 1171 1173 1179 1181 1183 1184 1191 1206 1217 1219 1220 1221 1224 1235 1246 1254 1255 1266 1267 1272 1275 1279 1281 1282 1285 1288 1309 1312 1313 1314 1320 1322 1324 1329 1335 1336 1337 1341 1343 1351 1357 1362 1364 1366 1367 1369 1373 1374 1375 1386 1393 1394 1399 1400 1405 1407 1417 1423 1427 1429 1432 1442 1444 1451 1454 1459 1460 1463 1468 1469 1475 1482 1483 1487 1488 1489 1493 1501 1506 1507 1508 1509 1513 1517 1521 1522 1525 1534 1535 1539 1542 1550 1553 1554 1555 1559 1566 1568 1570 1592 1594 1599 1613 1620 1624 1629 1637 1638 1640 1651 1657 1662 1671 1675 1677 1680 1686 1694 
26 1122 388 11 782 1711 1493 
27 1122 388 612 11 782 1711 1487 1107 1493 54 
28 1122 388 457 394 1227 11 782 1711 656 817 1427 1493 863 56 1657 
29 1122 388 11 782 1711 1493 
30 1122 388 11 782 1711 1493 
31 641 1122 388 1541 612 11 782 1711 1263 1487 1107 1493 54 
32 388 11 782 1553 1429 543 1704 1711 54 56 701 1597 835 1487 1107 1493 1122 612 
33 1122 388 11 782 1711 1493 
34 1122 388 11 782 1711 1493 
35 1122 388 11 782 1711 1493 56 
36 1122 388 11 782 1711 656 1493 
37 1122 388 11 782 1711 1493 
38 1122 388 1541 11 782 1711 1263 1493 
39 1122 388 11 782 1711 1493 
40 388 1288 11 1677 782 15 656 529 22 666 287 549 685 1711 1717 951 56 576 579 1493 1497 1116 1122 1513 1262 1657 
41 1122 388 11 782 1711 1493 
42 1122 388 11 782 1711 1493 
43 1122 612 388 11 782 1711 1487 1107 1493 54 
44 1122 388 11 782 719 1616 1711 1493 56 1657 
45 1122 388 1541 11 782 1711 1263 1493 
46 1 517 1542 11 1548 1045 1048 1049 26 1053 544 547 1573 549 553 1067 1068 558 1074 1588 564 52 1591 55 56 67 72 585 588 1620 600 1626 1122 101 614 1127 1647 1657 648 653 1677 141 1688 665 1691 1183 671 1188 164 683 173 175 1711 1202 1206 1209 706 213 727 1239 1246 232 1262 1272 258 1285 1289 782 277 789 794 796 1314 803 290 1315 808 303 833 835 332 337 1362 1366 857 347 1375 359 1393 892 900 388 902 1421 1423 401 405 922 417 1444 420 1446 448 450 1482 460 1486 977 1493 471 484 999 496 499 1015 1528 
47 1408 388 637 648 1034 638 908 11 782 656 1553 400 147 1045 405 407 536 1429 1050 286 1566 1182 163 803 294 1534 1066 942 1199 1711 1457 694 1591 54 56 698 699 1468 702 1470 703 704 450 1223 1096 1482 1487 848 592 1107 1493 986 91 1116 1628 733 1122 868 228 612 360 1129 747 366 1266 1270 1015 1400 1657 253 
48 1122 388 1541 11 782 1711 1263 1493 
49 1122 612 1092 388 11 782 1711 1553 1107 1493 54 1429 1400 1657 
50 1281 1155 388 1541 902 646 11 1037 782 656 1553 1044 661 164 549 807 1193 938 170 172 1070 1711 1454 1073 945 54 1591 1336 56 954 699 573 320 1472 1603 68 1097 334 1487 848 1362 1107 1493 471 1116 737 1634 1122 612 741 873 1263 111 372 1399 
51 1122 388 1541 612 11 782 1711 1487 1263 1107 1493 54 
52 258 388 638 11 782 783 656 1553 1429 672 1534 1711 565 54 1335 56 954 62 702 334 1487 1616 719 1615 1107 1493 1369 1628 1122 612 1640 1399 1400 
53 1122 388 612 11 782 1487 1711 1107 1493 54 
54 1536 1539 517 1030 1029 1034 522 524 11 15 1553 1530 1559 536 540 1054 32 1571 548 549 1064 553 1067 45 47 1073 1588 54 1591 56 1078 65 579 67 1603 583 1607 587 592 80 1618 1107 1627 1116 1628 606 1631 608 1122 612 613 102 105 107 1135 630 120 1145 1658 1657 633 1662 639 638 1159 1160 138 653 1677 1679 656 657 1682 146 1685 672 1185 675 676 679 1705 173 1199 1711 1203 1717 182 1205 698 189 702 1220 1224 204 718 209 218 1242 733 1246 1248 237 241 754 248 766 258 1289 782 274 278 1307 287 1316 810 1322 813 1333 1335 312 1337 317 321 835 337 1362 1369 858 1371 865 884 1399 1400 1401 387 388 396 1429 921 410 412 414 1440 418 1442 1444 425 938 1455 434 435 1458 436 951 1463 1468 1471 1475 968 1481 1485 974 1487 461 981 1494 471 1493 1501 997 1512 1513 1003 1005 1010 1526 1015 1018 
55 1122 388 11 782 1711 1493 
56 382 1122 388 1566 11 782 1711 1234 531 1556 1493 1204 56 
57 388 1541 11 782 783 1041 1171 279 794 1711 303 54 56 958 835 1487 1107 1620 1493 1122 612 1255 1640 1263 633 
58 1122 388 11 782 1711 1493 
59 1155 388 1541 11 782 656 147 1428 1557 1050 671 933 1064 1322 1662 1451 1711 564 54 696 56 61 1470 958 327 455 1097 73 1487 1616 719 466 1107 1493 343 1116 1628 97 1122 355 868 612 746 1263 881 1400 
60 1539 1029 1541 1542 11 1040 1553 1559 1048 1564 1571 1069 45 54 1591 56 1090 72 587 592 83 1107 1116 93 1122 612 105 1649 630 1657 633 1660 638 1662 639 1160 138 1163 656 150 662 1183 1184 1189 172 173 1710 1711 1200 1204 1717 182 699 702 1219 1220 1224 1230 725 742 232 1262 1263 241 268 782 278 294 1322 1323 810 813 301 310 835 334 335 1364 1365 1373 884 1400 891 1406 1409 388 394 1423 916 1429 1442 421 423 424 425 431 951 953 954 958 968 1487 1493 474 992 1000 1006 1530 
61 1122 388 1541 11 782 1711 1263 1493 
62 1122 388 11 782 1711 1493 
63 1122 388 11 782 1711 1493 
64 1122 388 612 11 782 1711 656 1487 1107 1493 
65 1122 388 11 782 1711 1493 
66 1122 388 11 782 1711 1493 
67 1122 388 170 11 782 1711 1364 1493 
68 1030 1034 11 16 1553 1045 24 536 1050 1566 549 1066 54 56 1603 68 72 1096 79 1107 1620 1116 1628 1122 100 612 102 1657 638 1151 143 656 146 1182 1199 1711 1717 694 185 704 706 1223 206 212 733 1246 228 742 747 1294 782 1302 794 1316 808 1320 811 301 302 303 306 311 833 1358 857 355 1383 366 372 1399 1400 386 388 908 1423 400 1429 410 942 1457 947 1468 1470 965 968 1485 974 1487 980 1493 1498 997 
69 1122 388 11 782 1711 1493 
70 1122 388 612 11 782 1711 1487 1107 1493 54 
71 388 11 782 1553 1184 421 1534 1322 1711 54 440 56 702 1612 1487 1107 1493 1116 1122 612 1006 
72 1122 388 612 11 782 1711 1487 633 1107 1493 54 56 
73 1122 388 612 11 782 1711 1487 1107 1493 54 
74 1122 388 11 782 1711 1493 
75 1122 388 612 11 782 1711 1487 1107 1493 54 
76 388 1541 11 782 656 785 1050 1323 301 558 1711 56 699 702 1470 457 1493 90 1122 742 1263 
77 1122 388 11 782 1711 1493 
78 1122 388 11 782 1711 1493 
79 1411 1668 388 1034 11 782 1302 1566 670 287 936 811 1711 54 1591 568 56 72 1487 1107 1493 1250 1122 612 1657 
80 353 1122 388 11 782 1711 656 1493 1400 
81 1122 388 11 782 1711 1493 
82 1122 388 11 782 1711 1493 
83 1122 388 11 782 1711 1493 
84 1122 388 11 782 1711 1493 
85 388 1541 1030 517 8 11 782 271 679 938 1711 306 1077 56 702 62 1349 72 971 977 1493 1122 1263 1010 1400 
86 1122 388 1541 11 782 1711 1263 1493 
87 1122 388 11 782 1711 1493 
88 1122 388 11 782 1711 1493 
89 1539 388 1034 11 638 782 1553 1555 1429 1571 1534 169 1711 54 56 699 1224 587 1107 1493 1116 1246 480 1122 105 241 630 1400 1657 
90 1155 388 138 638 11 782 1553 1429 1050 926 810 1711 435 182 1591 951 54 56 1470 1097 718 719 1616 1487 1107 1493 1248 1122 612 1399 1400 
91 1122 388 1541 11 782 1487 1263 1711 1234 1493 
92 1122 388 11 782 1711 1493 
93 1122 388 11 782 1711 1493 
94 1122 388 612 11 782 1711 1487 1107 1493 54 
95 1122 388 612 11 782 1487 1711 633 1107 1493 54 56 1657 1050 
96 1122 388 11 782 1711 1493 
97 1122 835 388 1541 612 11 782 1487 1263 1711 1107 1493 1400 1657 56 
98 1122 388 11 782 1711 1493 
99 835 612 1541 1487 1263 
100 0 641 386 3 388 1541 1542 1160 11 141 782 1423 656 1553 16 400 1302 794 926 1568 674 1064 1322 811 812 426 302 303 1711 1584 947 1716 54 311 56 1593 958 1089 835 206 1487 1103 1107 1620 1493 218 862 1375 96 248 1122 868 612 1127 1383 236 366 1263 242 1267 1400 1657 
101 1122 388 612 11 782 1711 1487 1107 1493 54 
102 1122 835 388 1541 11 782 1711 1263 1487 1493 
103 1122 388 11 782 1711 1493 
104 672 382 835 612 1541 742 1160 301 1487 1263 147 1107 1493 
105 320 1122 388 612 638 11 782 1487 1711 1553 1107 1493 54 1429 56 
106 1122 388 200 11 782 1711 1487 1493 1400 1657 
107 1541 7 1036 1420 277 1048 1561 666 1056 291 292 1446 321 194 833 68 72 1493 1507 484 615 1129 874 363 1388 1263 1147 
108 388 1541 11 782 656 148 1302 407 278 1559 1064 425 811 1711 433 563 1591 56 1342 718 206 592 1493 597 1116 1122 1263 884 1399 1400 1657 
109 1122 388 1541 868 1385 11 782 1263 656 1711 1493 1045 
110 612 1541 327 170 746 1487 656 1263 1107 
111 1541 1544 1034 11 1548 12 15 1553 1559 1048 1053 1578 1072 1073 54 1591 56 55 574 1086 579 1604 70 1607 72 79 592 1107 1624 1628 1116 92 1633 1122 1636 612 1646 1137 1657 633 121 1662 638 639 129 1161 656 146 147 1171 149 669 1697 675 171 172 1711 698 699 192 1220 737 230 1255 237 750 1263 239 245 258 262 782 783 1296 1299 278 279 808 1326 815 1342 835 1352 1355 1364 854 857 372 884 1397 1399 377 388 907 402 1429 925 414 1444 425 938 444 448 967 1486 1487 1493 496 
112 1122 388 11 782 1711 1493 
113 388 11 782 656 660 150 1434 926 1054 1444 294 1064 1711 1717 951 56 1468 712 1609 1487 80 725 1493 1497 858 1116 733 606 1122 630 
114 769 388 1034 11 782 912 1553 146 1429 1173 414 287 32 549 1534 1711 1455 54 56 1465 313 574 581 1607 591 1487 209 1107 1493 1116 1122 355 612 483 633 1399 1657 
115 1122 388 1541 612 11 782 1711 1263 1487 1107 1493 54 
116 388 638 11 782 1553 1657 1429 1711 54 56 1221 1107 1493 1116 1122 997 1400 633 
117 1156 388 11 1294 782 656 1553 1556 1301 1566 1700 933 424 1711 54 56 954 457 842 334 1487 1616 719 1107 1364 1493 1122 612 1253 1392 1400 
118 576 1122 388 638 11 782 1711 1493 56 
119 1122 868 388 11 782 1711 147 1493 56 
120 1122 612 388 11 782 1711 1487 1107 1493 54 
121 388 11 1420 1678 782 656 277 1561 286 1188 549 1574 1662 555 172 1711 176 1201 1204 54 1591 56 1342 833 450 835 193 1477 1224 1487 1107 1364 1493 1122 355 612 1527 1400 
122 1539 11 15 1046 1564 1064 54 1591 56 567 575 579 1603 1097 587 79 1616 594 1107 1621 604 1122 612 1637 103 1144 1657 1660 1155 1675 656 657 1169 1183 675 172 1711 1717 185 699 197 1224 719 208 725 737 1258 237 1264 256 1293 782 1322 305 321 846 1362 1365 861 1379 881 372 388 905 1423 917 924 925 1446 937 1463 443 958 463 1487 1493 
123 1122 388 11 782 1711 1493 
124 1122 835 388 1541 612 11 782 1711 1487 1263 633 1107 1493 54 56 
125 1122 388 1541 11 782 1711 1263 1493 
126 1122 388 11 782 1711 1493 
127 1122 388 11 782 1711 656 1493 
128 1122 388 11 782 1711 1493 
129 1541 1034 11 1036 1040 1553 1045 1559 536 1564 1054 549 1574 564 54 1591 56 1078 574 576 70 1607 1096 1609 592 1107 1116 1628 604 1122 612 1129 619 1653 1657 633 1662 638 639 1160 1679 146 161 162 685 173 1199 1711 1717 702 706 1219 195 204 1242 1249 1257 1259 1263 241 754 255 260 1288 782 1295 788 278 291 294 313 314 1342 833 835 848 858 1373 1380 360 880 881 884 1399 1400 1401 1408 388 1429 410 925 926 414 928 418 425 1457 1468 1486 1487 1493 1497 1501 
130 1122 388 11 782 1711 1493 
131 1155 1029 1541 656 916 1183 1184 549 1189 421 424 178 574 1471 581 1097 1493 1116 1263 
132 1122 388 1541 612 11 782 1711 1263 1107 1493 
133 1122 388 11 782 1711 1493 
134 11 1039 1553 531 1558 32 1571 549 1062 54 56 574 579 1607 1106 1107 1122 612 1637 102 105 630 121 1657 124 638 1163 1677 145 146 673 675 171 172 1711 690 1203 180 1717 185 192 197 209 725 733 1246 1262 241 754 255 257 1285 782 790 1309 287 1311 294 317 833 340 858 870 877 878 1399 1400 377 382 388 916 1429 410 414 1442 1444 1455 1465 1468 1485 1487 980 1493 983 995 1512 
135 388 1034 11 782 1553 1429 663 1050 287 1711 54 440 56 1470 719 1616 1487 1107 1493 1116 1122 612 633 
136 1122 388 612 11 782 1711 303 1107 1620 1493 56 
137 1122 388 11 782 1711 1493 
138 1160 905 138 1678 656 1553 531 788 150 1302 662 1050 925 30 418 549 1534 810 811 172 435 1204 182 1591 54 1470 1224 204 1487 1107 1365 343 120 1501 1116 1248 739 612 1262 1399 1400 1401 
139 1122 388 612 11 782 1711 1487 1107 1493 54 
140 1024 1537 1026 1539 1542 1034 11 1039 1552 1553 1040 1555 1556 1559 1048 1561 1054 31 544 32 543 1060 549 1064 40 553 1066 1578 1067 1070 1073 564 1588 54 1591 56 1078 1589 571 62 575 578 1603 582 583 72 1607 587 1612 590 79 592 591 1104 595 1107 78 81 1624 1114 91 1116 1115 95 608 98 1122 612 102 104 1132 108 1647 1649 1651 117 1144 120 1657 124 1149 1662 1677 141 1679 656 144 1169 146 1684 661 152 664 1691 157 1182 669 160 672 159 679 172 1198 1710 1711 179 1717 187 699 702 192 707 1223 201 204 209 1235 725 1242 1246 737 226 228 232 747 1261 1262 754 256 257 770 1285 782 1298 787 277 790 280 283 286 287 1314 809 1323 813 1330 1331 309 1334 310 315 317 319 320 833 835 324 1350 334 847 848 1362 1365 343 858 1373 352 355 869 362 1390 367 881 370 1399 1400 1401 380 1405 1407 388 391 907 1420 399 1423 916 918 1432 410 411 414 928 418 1444 420 425 938 1451 942 1455 434 1460 1461 438 951 1465 954 955 958 447 963 1477 453 455 968 970 460 461 1486 1487 1485 977 978 1491 1493 471 1501 484 1509 997 1512 1004 1005 494 496 1010 1013 1532 
141 1536 643 1155 1541 388 138 1034 638 11 782 656 1553 1429 407 1050 1564 414 287 32 810 1711 1455 1073 433 435 182 951 1591 54 56 61 1342 1470 835 1220 1219 327 1607 1097 73 718 1487 1616 719 209 1107 597 1493 1116 1248 1122 612 746 237 1263 633 1399 1657 
142 256 388 11 782 1553 1429 1689 794 1053 808 303 1711 694 54 1336 56 1468 829 1475 1219 1107 1620 1493 733 1122 355 612 361 882 1400 
143 1539 388 1541 638 11 910 782 1040 1553 1657 1429 405 1302 278 1559 1564 1151 418 163 425 811 813 1711 54 1591 951 56 835 1219 587 1487 592 1107 1493 1628 1501 1122 355 612 490 1263 633 884 629 1400 1401 
144 612 1541 1487 1263 1107 
145 612 940 1487 1107 54 633 
146 1122 1400 1541 388 612 11 782 1263 1487 1711 1107 1493 54 1048 
147 1122 388 11 782 1711 1493 
148 1122 388 11 782 1711 1493 
149 2 1539 1541 510 517 1034 522 1036 11 15 528 1553 1048 536 25 1563 1564 1053 1567 549 1575 555 1535 1073 561 1588 54 1591 55 1081 56 1079 57 568 62 576 1091 579 70 1096 72 587 79 1107 596 1621 1110 1623 600 1624 1628 1116 606 1631 608 1633 1122 1629 612 1637 101 616 619 1134 1646 111 1137 1657 633 1662 638 639 129 131 1160 1675 652 656 1684 149 150 662 1176 1173 667 158 1183 1184 675 164 1190 1191 171 172 685 1199 1711 1713 1204 694 184 185 188 702 192 1219 1220 197 707 718 207 211 217 218 1241 733 735 229 230 1254 1259 1262 1263 1264 754 246 761 764 1277 768 256 1282 1281 775 1288 264 1290 782 783 1295 272 277 789 284 285 1310 798 1312 1313 1316 806 807 808 1324 815 304 816 310 1336 314 315 316 833 835 1353 846 848 349 865 1386 367 881 1395 1399 1400 889 1401 379 377 1408 385 387 900 388 905 1419 910 1422 1425 403 916 917 1429 407 410 924 925 928 929 1442 421 422 1447 935 1446 938 940 429 1457 945 951 955 444 1468 958 451 968 974 1486 1487 977 1490 1493 984 985 1497 1500 1501 479 481 996 997 486 999 1002 1003 493 1522 1526 1016 1018 
150 129 612 73 1487 1616 719 178 1107 
151 1161 138 394 272 656 1045 1053 1566 800 1064 424 1706 810 45 1077 182 54 444 1342 1471 327 1224 72 1487 335 1359 1107 1364 1116 612 360 1129 746 1257 748 1524 631 1400 633 
152 1122 388 1541 612 11 782 1711 1487 1263 1553 1107 1493 54 1429 56 
153 388 1541 11 782 1553 1429 549 1662 1711 54 56 835 1224 1487 1107 1364 1493 1122 612 1263 1264 633 1657 
154 388 612 11 1487 1657 1107 54 56 
155 1122 388 11 782 1711 1493 
156 1122 388 612 11 782 1711 1107 1493 
157 388 1541 11 781 782 1679 656 1657 786 531 1432 418 1534 938 1323 172 1662 1711 1334 1591 54 1465 56 1078 440 62 1603 835 195 204 1102 1487 1107 1235 1493 1242 1116 477 1501 608 1122 612 1263 633 242 1651 1400 1401 
158 1122 388 11 782 1711 335 1493 1400 1657 
159 1122 388 11 782 1711 1493 
160 1122 388 11 782 1711 1493 
161 1536 1541 1030 1542 9 11 1036 15 1040 528 1553 1552 1041 1045 1023 1564 28 1567 1059 548 549 1575 1064 1577 1066 39 1073 1588 54 1591 56 1607 72 1611 80 1107 1624 1116 1122 612 1127 1128 1129 103 109 111 1135 1649 1140 1657 633 1147 638 639 1668 648 1161 146 662 150 1691 1182 1183 672 1185 674 675 162 676 1191 680 1708 1197 1711 690 702 192 1219 709 197 1223 204 1234 214 217 225 228 747 748 237 1262 236 1263 1270 255 1281 258 264 268 782 784 276 277 790 1307 287 803 293 807 1322 813 302 305 1336 313 315 833 835 1359 1364 340 1373 1375 355 886 1399 1400 1401 1402 892 388 1412 1423 1429 407 1434 925 926 414 1444 937 1451 942 945 436 951 448 453 1478 1481 1482 1487 1493 1497 1501 1507 997 490 491 497 1522 1524 1015 1529 1018 507 
162 388 1541 11 782 1448 1711 54 56 835 581 1487 1107 1493 1122 612 619 1263 633 1654 1657 
163 1024 260 1029 775 904 268 656 1556 1184 421 1534 1064 1322 835 1486 1487 1107 1116 1628 612 1641 1262 1395 1655 
164 612 236 1487 1107 54 
165 835 612 1487 1107 1429 54 
166 1412 1163 1422 656 1302 1053 1310 1151 672 1444 549 809 1662 811 1577 1331 180 54 1591 313 954 702 448 1603 195 1224 460 1485 206 1487 334 1490 1107 1116 612 496 
167 835 612 294 328 1295 1487 656 1107 54 
168 612 1487 367 1553 1041 1107 1429 54 
169 129 1288 638 907 15 402 917 150 662 408 1434 669 286 800 1444 1188 292 1573 1064 1578 172 685 1326 815 943 50 691 1204 1716 54 55 185 314 699 1468 1339 1086 576 1603 581 967 79 848 720 719 1487 1616 1492 1107 860 733 612 359 360 1257 1132 1262 496 1520 1266 1397 121 1276 253 
170 1536 1026 517 1542 15 1552 1040 23 1048 1050 27 1023 1571 1573 549 1577 1072 1073 562 1584 1078 54 568 1593 1089 579 72 585 1612 79 1616 83 1107 1620 87 1116 93 609 612 105 1130 107 1132 109 624 630 636 1151 1154 644 1160 648 138 1679 656 657 150 1689 155 1183 1185 674 675 1701 678 1191 680 684 685 1197 1713 179 1717 182 185 701 1220 197 712 718 719 210 725 1242 732 734 1250 739 230 1256 746 748 236 237 241 754 1268 245 757 248 1277 765 258 771 775 1288 1293 277 1302 794 287 291 803 805 810 811 812 1325 302 815 303 817 1330 312 314 833 835 327 1362 850 1368 345 1376 361 877 366 878 1394 1397 375 377 890 892 1411 1412 904 1423 399 400 405 1430 1431 407 925 926 927 1443 933 935 936 943 944 436 951 1463 955 1470 448 965 967 1481 458 972 1486 1487 1497 475 1501 1004 1519 496 1522 1530 
171 612 1487 1107 54 
172 1412 779 655 146 1045 536 1434 794 414 549 167 1577 1322 811 1197 175 1199 1457 303 54 313 955 1340 574 1607 843 460 1487 1107 1620 1235 1373 1502 1250 612 1651 1399 
173 96 1122 388 612 11 782 719 1552 1616 1487 1107 1711 1493 54 1400 
174 1536 514 1034 523 524 11 15 528 1553 1555 542 1064 47 1588 54 56 576 579 79 1104 1107 1621 598 600 1626 1116 1628 1633 1122 612 103 1649 1657 633 638 643 1156 1671 1677 141 1183 672 1184 675 1189 1705 1711 1717 1207 699 190 702 204 725 214 737 230 742 1259 1266 769 782 271 301 309 1335 334 1363 1364 343 1369 356 1387 371 1400 1401 388 1417 394 916 1429 410 1435 421 1451 437 951 954 1469 969 457 1487 977 978 1493 1508 1006 495 1010 1528 
175 612 1487 1107 
176 517 9 521 1034 1036 15 1552 18 533 1045 1559 1560 536 1050 26 1023 1053 32 549 1062 552 1577 1072 1073 1074 54 1591 1079 569 576 1603 579 1607 72 585 1096 1614 1616 1617 592 595 1107 1621 599 1624 1116 93 1628 612 101 1638 1127 1126 1132 1133 1135 1146 1147 124 1662 1663 1151 134 1160 138 1163 1678 656 658 148 155 157 1183 672 675 680 1193 1706 170 1708 685 1709 1199 1712 1197 1202 1716 182 188 192 704 1220 709 196 197 1224 199 715 716 1228 718 719 720 206 209 1236 213 727 733 1246 224 225 742 746 748 237 1262 238 754 242 1278 256 1288 779 1291 269 267 1295 1302 278 1307 796 285 1309 287 1310 1313 291 809 810 811 301 302 815 1331 823 314 832 1349 327 843 1357 846 334 848 1364 1365 340 1368 858 349 1373 1375 864 353 1380 873 877 366 1391 369 884 1397 886 1399 1400 377 1401 1406 1412 904 1418 908 1423 400 917 1431 407 411 925 926 414 1442 425 1450 1451 940 939 1455 1457 951 441 954 1467 1468 1470 1473 965 453 967 968 972 1487 1490 1497 473 1501 485 490 491 493 496 497 1527 1529 
177 1122 388 612 11 782 1711 1487 1107 1493 54 56 
178 612 1487 1107 54 
179 612 1487 1107 54 
180 612 772 1487 656 1107 
181 1122 388 612 11 782 1487 1711 1107 1493 54 
182 32 287 612 1487 1455 1393 690 1107 209 54 1399 1400 
183 1024 1 1540 1029 1030 519 1541 520 1034 8 524 1546 15 1553 529 1556 22 534 28 1564 30 1061 553 41 1067 1583 563 52 1077 54 1591 1080 57 575 576 67 1607 583 1613 79 1105 83 1107 85 597 600 1112 91 1116 1628 1629 98 610 612 613 614 101 616 1641 1130 1131 1637 626 1139 1652 1658 1662 638 1152 129 1153 1158 1671 1160 1162 139 652 1677 656 1680 146 147 148 1686 1691 1183 1184 675 1189 679 1703 681 172 173 685 1717 1206 694 185 699 188 701 702 192 197 1221 198 1224 717 212 725 214 728 217 218 730 1246 737 229 1254 744 237 1262 1263 757 246 1272 1274 766 1279 256 1285 775 780 271 273 1297 789 1306 282 1309 287 799 1312 1314 1316 808 1324 813 308 314 1341 835 836 1349 844 334 847 848 1362 340 1366 1367 858 349 865 866 355 358 1390 367 371 372 1398 374 1400 1401 1399 1405 1407 384 391 392 1417 396 909 397 399 401 917 1429 407 922 925 414 928 417 418 929 1444 421 934 938 1451 429 433 434 437 951 1465 954 442 1469 446 1471 960 961 1475 965 453 968 969 971 460 1483 974 1487 1488 977 1489 979 465 1493 983 1497 986 985 474 993 1508 997 999 1517 1005 496 1010 1526 502 505 508 
184 1122 388 612 11 782 1711 1487 1107 1493 54 
185 1536 514 521 15 16 1040 1553 1048 1564 1565 1053 28 544 542 549 551 1578 1580 1584 560 562 54 1591 62 1086 579 1603 1607 585 1100 1615 1616 1617 79 592 1107 1621 1624 1628 1116 612 1127 1128 1653 633 124 1662 1151 638 639 1668 134 137 1161 141 656 146 1683 662 1693 669 1183 680 1193 172 685 174 689 1716 1204 180 695 185 192 706 1219 197 199 718 719 220 230 746 1259 748 237 1262 253 261 1288 1295 1302 1310 802 811 813 302 1326 1330 310 311 314 327 328 334 1365 1368 353 868 870 359 1383 877 366 1399 386 907 400 402 916 917 406 1431 925 926 414 1444 937 1450 1451 939 947 951 441 954 444 451 965 453 968 1487 977 1490 1492 982 472 1497 1496 490 496 1521 1520 
186 1536 1409 258 388 1542 1034 11 782 1423 1553 916 1429 1183 1184 1185 1189 1534 421 1450 45 1711 436 54 1207 56 1471 448 1219 1221 1481 1487 592 719 1616 1107 1108 1493 214 1627 1116 222 1122 612 1639 633 1399 1657 
187 1664 137 146 1556 917 414 1204 54 576 962 1603 1607 719 1616 1487 1234 1107 1364 1624 738 612 1000 1264 1399 
188 1 8 11 15 30 32 40 49 54 56 57 63 67 79 80 89 100 125 129 143 145 146 150 157 172 173 185 187 192 197 198 207 208 209 210 212 217 218 239 249 255 256 258 262 263 273 274 277 278 287 306 308 310 317 334 340 343 347 355 360 367 372 388 392 397 399 407 410 412 413 414 419 425 429 432 433 434 436 437 446 448 455 464 465 466 471 478 490 502 505 517 520 521 522 524 534 536 546 548 549 559 563 564 574 575 576 583 589 592 597 605 610 612 614 626 638 640 648 656 662 667 668 672 673 675 676 679 681 682 685 690 694 695 697 699 701 702 709 712 713 717 719 725 728 730 757 761 768 771 780 782 789 790 799 803 806 808 813 815 833 836 837 839 848 857 858 867 872 873 877 883 884 887 892 900 904 909 917 921 925 929 934 935 949 951 954 955 956 961 967 968 977 985 993 995 997 1003 1004 1005 1006 1010 1018 1022 1024 1030 1034 1039 1040 1042 1049 1050 1059 1061 1064 1067 1073 1079 1080 1096 1107 1110 1112 1114 1116 1122 1130 1131 1137 1147 1153 1157 1158 1160 1164 1173 1185 1187 1199 1206 1215 1217 1220 1221 1228 1240 1246 1254 1262 1267 1274 1279 1282 1285 1286 1288 1301 1312 1314 1320 1322 1324 1337 1341 1349 1353 1354 1355 1361 1362 1366 1367 1386 1390 1393 1394 1397 1399 1400 1405 1423 1426 1429 1442 1446 1447 1450 1451 1455 1457 1459 1460 1468 1470 1471 1481 1484 1487 1488 1489 1491 1493 1495 1507 1510 1513 1517 1526 1534 1542 1553 1559 1563 1567 1575 1580 1581 1590 1591 1601 1607 1609 1612 1613 1616 1624 1625 1629 1631 1653 1657 1662 1672 1677 1682 1686 1688 1691 
189 0 1 2 11 13 15 20 21 24 30 32 40 52 54 55 56 60 64 67 69 72 74 80 87 95 96 98 101 104 108 117 119 124 125 131 139 141 146 150 151 152 159 165 171 172 173 175 179 183 186 187 189 200 202 204 205 210 217 226 227 231 232 233 236 237 239 243 247 249 256 258 265 268 270 277 278 280 286 287 297 298 303 310 313 317 321 322 323 334 346 349 350 355 359 360 367 376 377 380 388 391 393 394 399 401 407 409 410 411 412 413 414 417 418 420 424 425 427 436 438 440 441 446 447 448 450 454 457 462 467 471 472 474 479 484 487 490 494 496 504 505 507 511 512 514 517 520 522 523 532 534 536 542 543 547 548 549 551 552 567 572 573 575 576 577 579 583 584 585 587 588 592 596 601 602 608 609 610 612 616 617 619 626 634 638 640 645 651 656 659 671 673 674 676 679 685 690 692 699 700 701 702 704 706 713 734 737 738 740 748 754 756 761 775 782 787 789 791 794 808 811 813 816 825 836 837 848 849 851 853 854 855 857 858 860 867 878 879 883 884 889 891 892 896 897 900 901 908 910 913 914 917 918 920 921 922 923 925 933 935 938 939 940 946 951 954 964 971 973 977 979 980 985 986 992 994 997 998 999 1005 1006 1007 1008 1010 1011 1018 1022 1029 1030 1034 1037 1039 1040 1043 1045 1049 1053 1054 1058 1059 1064 1067 1070 1075 1078 1079 1080 1084 1096 1107 1108 1110 1112 1116 1118 1119 1122 1129 1142 1143 1144 1149 1150 1151 1152 1166 1169 1170 1174 1176 1177 1183 1185 1188 1191 1192 1195 1199 1200 1203 1204 1206 1209 1210 1215 1220 1221 1224 1225 1226 1230 1234 1235 1237 1242 1245 1246 1256 1261 1266 1269 1272 1279 1285 1289 1299 1301 1302 1310 1314 1315 1322 1323 1324 1336 1347 1349 1354 1357 1362 1364 1367 1368 1373 1374 1378 1387 1392 1396 1399 1400 1401 1420 1423 1429 1432 1435 1440 1443 1444 1445 1450 1451 1454 1455 1457 1459 1460 1464 1465 1468 1471 1479 1481 1484 1486 1487 1490 1493 1495 1501 1503 1504 1507 1513 1515 1522 1526 1528 1534 1535 1537 1539 1542 1545 1546 1548 1550 1553 1554 1555 1556 1559 1561 1564 1566 1569 1572 1579 1589 1590 1591 1592 1595 1596 1603 1607 1615 1620 1622 1623 1624 1630 1637 1644 1646 1647 1648 1649 1651 1652 1653 1656 1657 1658 1662 1663 1665 1676 1677 1679 1698 1702 1707 
190 612 1487 1107 54 633 
191 1122 388 11 782 1711 1493 
192 612 1541 1263 1487 1107 
193 1040 1553 532 533 536 26 543 547 1064 1578 54 1591 1078 576 1102 79 1107 1111 1116 612 1127 1147 638 1662 1666 1677 1679 662 150 152 669 1183 675 165 1190 172 1198 1199 1204 188 702 1219 1220 709 197 199 204 1234 723 727 728 1242 733 743 1262 1266 269 280 1310 286 1322 813 847 848 1362 340 343 1368 350 360 1399 1401 383 907 1429 925 418 1444 934 1450 1451 939 431 1468 447 448 961 965 970 1487 1490 470 472 1497 1501 492 1528 
194 0 1024 1539 517 1541 1033 1034 1040 1553 1557 1559 1048 1560 1050 1561 536 1053 1564 31 1568 32 539 1059 549 47 1072 1075 54 1085 62 64 576 577 1096 587 1615 592 1617 1618 1107 1110 1116 608 1634 612 615 1129 1130 1135 1653 121 633 1145 24 1662 638 1671 143 656 145 1682 1683 1685 1693 1183 162 675 164 1189 678 681 1705 172 685 1199 690 1717 694 185 186 702 703 1219 709 214 218 733 1246 1247 737 744 1263 1270 764 766 261 269 272 1297 274 1307 287 802 294 1318 808 298 1322 815 306 1335 1336 314 829 847 848 340 1369 858 862 355 356 1381 360 879 882 1395 372 1397 1399 1400 1401 1405 382 387 904 1419 1420 910 399 1428 1429 406 407 920 921 410 925 1442 422 423 425 938 1451 1455 1457 434 1468 1470 967 1487 1489 1493 981 986 1501 480 995 1513 1003 1004 495 496 1010 1018 508 
195 1034 15 278 1559 549 425 1662 1717 54 1591 702 1487 592 1107 725 1116 1628 612 237 884 
196 137 1034 1289 15 1040 1553 656 405 920 1689 24 1691 1564 1183 672 543 548 549 1573 676 680 938 1662 685 1073 1075 1717 54 1591 951 314 64 577 1219 579 835 1487 80 1107 725 1116 606 612 1005 1262 245 1399 1400 1405 
197 1024 1034 15 1578 45 1073 49 54 1594 1086 1087 79 83 1107 1116 612 102 614 1647 631 633 638 1160 1677 656 1172 148 155 669 680 173 1716 197 1224 203 718 210 1246 738 742 237 252 259 261 802 808 1322 1323 1325 1326 301 827 1342 1343 1364 1365 858 355 1380 877 366 380 1407 388 907 400 402 1427 1429 407 1444 937 1451 944 442 1478 968 1485 1487 983 997 496 
198 892 1677 1553 1429 791 24 1432 922 1434 26 1053 157 1693 920 161 1187 932 549 1064 809 683 1196 1452 946 1075 564 54 441 444 317 702 958 192 64 577 835 453 72 586 461 1485 1487 1107 980 1235 727 857 120 1373 253 226 355 612 997 102 109 505 365 633 882 1651 628 374 1400 377 1147 124 1405 
199 1556 1048 1050 1566 549 37 1064 54 575 585 1100 1616 592 1619 1107 1624 1628 1116 612 105 1653 1662 1151 1158 656 1683 661 1693 675 167 1717 699 188 198 1224 719 725 732 1246 748 269 783 272 784 277 1302 1310 811 302 305 820 1334 313 1341 835 334 1362 1365 868 1385 361 375 1399 1400 382 383 904 909 406 926 1465 954 1470 965 459 1487 977 1490 993 1012 
200 1029 521 1034 1036 15 528 1040 1553 1045 536 1050 1564 28 33 549 1064 1066 555 1073 52 54 1591 57 574 1088 1096 1097 586 73 585 1613 1616 1107 1620 1619 1116 1629 612 1130 1644 1135 112 1653 633 638 129 1153 1155 1671 1160 138 1675 141 656 1683 157 1182 1183 1184 670 1693 675 1189 1704 680 685 1199 182 185 699 192 1220 709 1223 1224 719 730 733 228 1254 747 236 1262 754 248 1272 764 769 775 1288 788 794 284 796 285 287 799 1312 810 1324 303 314 335 1359 355 357 371 1399 1401 1405 1417 397 1429 406 1431 924 925 927 421 423 429 942 1457 951 1468 1469 958 1470 448 1473 1474 451 453 966 969 458 1487 1491 1501 1508 1512 489 1524 1526 1016 
201 258 612 1487 1107 54 
202 388 1553 529 1041 1684 1429 1428 22 1688 1557 1534 1322 1451 813 949 54 951 574 203 719 1616 1487 1107 605 612 997 118 1400 633 1660 1021 
203 1541 1034 1553 1048 24 32 1571 549 552 553 1584 562 1075 54 1591 64 1089 577 1603 70 72 592 1107 1623 1624 606 609 612 102 1129 105 1646 630 637 1662 1160 1678 656 149 674 172 178 690 1716 1717 188 718 209 725 1246 230 1257 1263 241 769 277 791 287 1342 835 334 1364 858 360 1393 1399 1400 394 920 930 419 933 1446 424 938 1455 954 1471 1482 1485 1486 1487 974 1493 1003 1015 
204 1542 1423 1050 794 559 303 54 1470 448 1092 1487 1107 1620 1116 96 612 1513 1006 882 
205 145 150 536 925 672 1444 1322 1199 1457 54 56 1468 576 1220 1096 718 1487 1107 858 612 1513 1521 1653 629 
206 612 702 1487 1107 54 
207 1122 388 612 457 11 782 1711 1107 1493 56 
208 1122 388 11 782 1711 1493 
209 1024 514 1539 517 1030 1542 8 521 1546 1036 525 15 1552 1553 16 19 1554 1041 536 1023 28 1564 542 548 549 1064 552 1070 1583 1073 1074 1075 564 1077 54 1591 1078 578 1603 579 1091 1607 72 585 583 587 1100 589 1615 80 1617 595 1107 596 1624 1628 1116 605 607 98 1124 101 612 1127 615 1129 1130 1126 1649 633 1147 1661 638 1151 641 131 1159 649 1163 1164 141 139 1679 656 146 147 661 662 150 1691 1183 672 1184 675 676 679 680 1191 1706 172 685 1196 1199 1709 1713 1716 1717 1206 695 185 699 187 702 703 192 1219 1220 197 709 199 712 1224 1229 206 210 212 725 1242 733 1246 226 741 748 238 1264 1266 242 757 1277 766 255 260 1285 775 1288 1289 271 784 274 277 1302 789 282 287 1311 293 294 809 1322 1323 811 1324 302 815 311 313 314 317 318 835 1349 1351 1357 334 847 848 1362 1364 1365 1368 345 1372 1375 353 1377 867 1380 1383 363 366 1393 1394 883 372 1397 1399 1400 1406 1407 898 904 910 1423 400 399 1427 916 1429 407 1434 925 926 414 416 1442 420 933 421 423 938 1451 940 434 1459 1460 949 441 954 1468 1471 965 1478 967 968 453 971 460 1485 1487 977 980 471 1501 1004 493 1522 1523 1010 1525 1018 
210 1122 1603 388 11 782 431 656 559 1711 1493 56 
211 1122 388 612 11 782 1711 1487 1107 1493 54 
212 1160 1034 146 1429 278 407 1559 1564 925 926 1183 1184 414 1189 421 425 938 1662 172 1708 54 1591 1468 958 1219 709 1607 1487 592 848 1107 603 1116 1628 1500 1246 868 612 619 748 237 1262 884 1399 1402 
213 1541 775 782 656 1553 1429 794 1711 303 54 835 1487 1107 1620 1493 1122 612 1263 633 
214 1155 612 675 835 327 1097 746 638 719 1616 1487 1107 54 633 1050 
215 96 223 612 1662 1487 1107 54 
216 1536 509 1026 1034 1548 15 1040 528 529 1045 22 536 26 1023 544 32 1573 41 1578 1073 564 54 1591 1086 578 67 579 1607 1096 586 1611 1612 78 79 1107 1108 87 1116 605 1119 609 612 1128 1132 625 633 1662 639 1673 1163 653 1684 662 155 157 669 672 674 675 680 171 1199 689 690 703 192 1218 197 718 210 727 737 225 236 1262 754 246 1270 257 258 261 1288 276 277 1303 1309 287 800 1313 802 294 302 1326 1331 1336 1342 1349 848 1373 1391 1393 372 1399 1400 377 1403 389 907 402 916 917 1429 412 926 414 418 419 1444 934 431 1455 1457 944 949 951 448 961 453 1487 977 978 470 1494 1497 997 490 1003 496 1521 1520 497 505 1021 
217 1122 1541 782 1711 1263 303 1620 
218 1664 1122 388 612 1034 11 782 1487 656 1711 531 1107 1493 54 56 1657 
219 1024 1018 1539 519 8 1034 1548 1040 1553 529 531 528 22 536 1561 1050 1564 1053 1054 32 1571 37 1064 1065 1580 1072 1073 51 54 1591 1079 61 62 1598 576 575 579 1092 581 1607 1097 74 73 1612 587 1616 1105 1106 83 1107 1624 1116 612 105 1130 107 1132 624 630 120 633 124 638 1151 1155 1158 1671 1160 138 656 657 658 1682 146 1183 1184 1185 674 163 1188 1701 1189 170 172 1199 690 1204 1717 182 185 699 702 1219 198 204 718 719 209 725 214 733 737 241 1266 1267 766 255 258 1294 271 1302 280 287 808 1322 810 811 813 815 317 1341 1362 858 863 1376 355 867 1381 357 372 1397 1399 1400 1401 379 898 904 1420 909 1429 1430 407 1434 925 414 421 938 1455 1457 1459 436 951 1463 1468 444 958 1470 448 967 968 1481 459 972 971 1487 1491 993 490 1004 495 1010 502 1530 
220 644 612 74 15 1487 1107 1079 54 1431 
221 612 1541 1263 1487 1107 1493 
222 612 1541 1263 1487 1107 
223 1024 1536 1034 15 1551 1553 1040 1555 1559 1564 1053 1054 32 549 1535 1073 563 54 1591 574 1607 72 585 1100 590 592 83 1107 597 1620 1624 1116 612 1127 616 1132 1653 633 124 638 1671 1159 1161 146 1683 662 157 1693 1183 1184 675 171 1709 690 192 1219 204 209 214 728 748 237 1262 246 1274 253 255 258 278 794 1309 287 809 1323 813 302 303 313 315 835 1349 852 855 858 349 1373 1375 884 1399 1400 377 1411 1429 406 1434 925 414 416 1444 421 934 936 937 425 1455 433 951 444 961 451 453 1487 1497 508 
224 1541 1263 656 1493 
225 1122 388 11 782 1711 1493 56 
226 612 549 1542 1096 366 1423 400 1457 1199 1487 1107 54 
227 1122 612 1541 782 1487 1263 1711 1107 
228 388 612 11 1487 1683 1107 
229 769 388 1669 1034 638 11 782 1553 785 1429 1434 930 1662 1711 54 56 702 1349 1487 1107 1493 1116 1122 612 997 1640 1262 633 
230 1122 388 11 782 1711 1493 
231 0 1 1539 1541 1030 1542 1544 9 1034 8 1036 1037 11 15 16 1553 1040 1557 1048 1561 536 1560 1564 1023 30 1053 1568 32 546 549 1574 1576 1066 560 1584 562 1072 565 54 1591 1078 1081 566 1590 56 1080 573 1599 576 1092 72 1096 585 587 1100 80 1617 1106 1107 1112 1624 1628 93 1116 96 97 1634 1122 612 100 103 1128 1129 1640 619 615 105 1127 107 1137 626 629 630 1657 633 121 1145 637 638 1662 1151 129 639 124 1668 1671 1160 139 141 1677 1679 656 147 1686 662 152 1181 1182 1695 162 1187 675 163 170 683 171 685 1199 1711 1716 1717 1206 696 185 187 699 702 706 1219 708 1221 1223 1224 716 204 718 1229 206 209 1234 212 725 1242 732 1246 228 229 747 236 748 1262 750 1263 241 239 255 769 1285 262 263 780 782 271 273 277 1302 791 789 1309 287 803 293 805 1322 811 1324 302 814 815 1333 311 313 314 315 1337 831 1343 833 835 324 836 334 854 858 1373 862 350 868 1381 1383 359 361 366 1390 1397 1399 1400 377 375 386 387 388 390 904 1420 1423 400 1428 1429 407 925 926 928 426 938 1454 942 1455 1457 432 947 1458 1460 951 1464 441 954 1468 444 965 967 1487 1489 977 1493 985 986 475 1500 1501 1507 997 1513 496 1526 1015 505 506 508 
232 1122 388 11 782 1711 1493 
233 612 1541 1675 1003 1487 656 1263 1107 1493 
234 1539 1541 11 1044 1045 1559 547 548 549 1077 54 1591 56 570 1084 1088 1090 1093 586 587 592 80 1107 1623 1122 612 1128 616 619 1140 1653 633 1657 1662 639 1664 1683 676 167 172 1198 1711 1204 702 1224 733 1246 1263 1264 246 781 782 272 278 293 302 1328 313 320 835 848 1362 1364 349 884 1400 388 406 1433 425 441 1465 1468 959 1472 1487 1493 1504 1516 1010 
235 382 580 612 523 1487 1107 1204 1301 54 
236 1666 388 11 782 656 1553 1301 1050 1451 1711 54 1464 56 1470 702 1487 719 1616 1107 1493 1122 612 1264 1400 
237 1122 56 388 811 11 782 1711 303 1620 1493 1302 1400 1657 794 
238 612 1541 1487 1263 1107 
239 641 388 11 656 1553 912 1429 1195 54 56 702 1599 1092 1487 1107 612 1400 
240 1026 1539 1029 1034 11 15 1040 1553 1048 1566 1073 1591 56 574 66 1603 1607 587 79 1107 87 1624 1116 609 1122 612 105 1651 630 1657 1662 1160 1675 1677 656 144 146 662 674 172 1711 689 1716 1717 699 702 706 204 1235 1246 742 236 1262 241 781 782 272 277 294 1322 813 301 305 320 835 1351 343 1395 1399 1400 388 1432 924 925 414 1444 423 951 968 1486 1487 1493 474 986 1501 1525 
241 1122 1444 388 612 135 71 11 782 1711 1107 1493 56 
242 1543 11 1036 1040 1553 1073 54 1591 568 56 575 1092 72 1611 1105 1107 87 608 98 610 612 1122 1131 1140 633 1657 1660 638 1151 641 1668 1158 134 656 1172 674 1711 702 1217 1221 198 1224 718 212 215 1246 741 757 1279 768 782 1302 1322 811 317 1341 1362 347 355 881 886 1400 388 1419 909 399 1429 927 417 937 938 1451 441 965 1487 1491 1493 471 1501 993 1507 997 1517 1010 502 
243 388 1543 137 11 782 784 656 145 146 534 407 1691 412 414 1056 1059 1322 1711 689 1588 56 320 834 1603 835 197 1485 1487 1362 1107 340 1493 1624 1122 612 102 1132 1399 1400 
244 1031 1159 656 1682 1556 148 534 1302 536 407 1301 27 412 157 1441 1698 1316 294 1064 811 1199 1713 563 1716 949 54 1591 1342 325 453 968 1100 1485 974 79 1487 1616 719 977 1107 728 1116 605 480 612 102 1127 1129 1261 248 1146 
245 779 1053 1183 287 32 1059 1455 307 54 1340 444 1213 843 1612 1487 1107 1502 351 612 1518 1400 
246 612 1487 1107 54 
247 835 612 1541 1487 1263 
248 612 1541 1263 1487 1107 
249 1122 388 1541 11 782 1711 1263 1493 
250 612 1487 1107 1206 54 
251 130 612 638 1487 1199 337 1457 1107 1553 1429 54 
252 1122 612 388 11 782 1487 1711 1107 1493 54 
253 388 1541 11 782 1553 1657 1429 1322 1070 1711 54 56 1487 1107 1493 1122 612 1263 
254 1122 388 11 781 782 1711 1493 
255 1122 388 612 11 782 1711 656 633 1107 1493 54 56 1657 
256 1030 1675 656 1553 1429 1048 924 424 1073 179 54 1342 835 458 1615 1487 975 83 1107 1371 868 612 1388 881 1010 
257 1536 1 1539 1030 1040 1553 529 22 536 1050 1564 28 1567 1575 1065 1580 1583 1073 54 581 1607 1096 587 1612 592 83 1108 1107 1620 1624 1627 1116 605 612 616 1641 1130 110 1143 633 1658 1660 638 1151 648 1162 1169 146 672 1185 675 1199 179 1717 185 701 192 707 1220 709 1221 1219 1224 1228 718 206 725 217 732 736 227 231 237 238 239 1264 1266 757 246 258 260 1286 775 269 1293 789 1302 790 794 803 811 303 1331 316 326 1354 1363 349 1377 867 1393 1399 1401 379 904 1429 925 414 1457 434 1459 436 949 950 951 440 1470 448 453 1481 1487 470 1494 490 492 1006 496 1021 
258 1541 1034 11 15 1040 1553 529 22 1564 31 32 1059 1064 1578 45 47 1073 54 1591 56 1603 1607 1615 79 1106 1107 1621 1624 1116 612 1135 1657 633 638 1662 1671 137 656 145 146 662 669 1705 172 690 1203 703 1219 1220 197 209 1234 214 220 1250 744 237 1262 1263 1295 1297 1307 287 1313 294 1318 1322 813 1335 1351 1355 340 857 1369 353 356 1399 1400 1411 388 907 910 1429 410 925 414 1444 936 938 1455 951 968 1487 1493 982 981 1501 490 496 1525 1526 1016 508 
259 1664 1541 1543 1674 1292 784 1553 1428 1429 926 1191 1071 815 1204 54 967 1107 1493 1109 221 1263 1522 1011 1397 1400 
260 1541 526 1263 207 1266 767 1204 1493 660 863 186 
261 226 612 1487 1107 54 
262 1536 1024 1026 1540 7 1033 11 1548 1040 1553 529 1554 19 1045 22 1559 536 534 539 1053 1055 32 1570 552 1065 1578 41 1580 1070 1589 54 1591 56 1086 576 69 1607 584 78 79 592 591 1618 1107 1621 86 599 1624 1116 93 604 1119 1122 612 1129 1139 1657 121 635 1148 124 638 137 651 141 1166 1682 146 1685 1174 669 672 1698 1187 171 685 175 1199 1711 1202 1203 179 191 192 705 704 1225 1228 209 1237 1243 733 1246 227 232 1256 1258 748 237 750 1287 267 782 278 280 287 1313 297 813 1326 815 816 305 1331 317 846 1362 854 858 350 351 358 359 873 1395 884 1397 1399 1400 892 1405 380 900 901 388 390 907 402 917 1429 923 412 925 1438 414 1440 930 1444 425 1450 940 1453 1455 943 1457 951 952 443 1468 444 967 968 456 1482 971 462 1487 1486 1493 1016 986 475 1512 1513 1006 496 1520 1011 1015 504 505 
263 612 1322 1487 1107 
264 835 612 1541 1263 1487 
265 835 612 1487 
266 258 612 294 638 702 141 1487 656 1040 1553 1107 1716 150 54 1400 1116 
267 795 612 1471 170 1035 526 1487 1070 1107 1364 1204 54 1400 1659 
268 612 388 11 1487 1107 54 
269 1122 388 11 782 1711 1493 
270 1155 1541 1542 138 1423 1045 536 1050 1706 810 1199 1457 1204 182 1591 54 702 1470 1096 1097 719 1616 1487 1107 1493 1116 612 
271 1122 388 11 782 1711 1493 
272 770 388 1541 1542 8 779 11 766 1423 656 1552 913 527 271 782 665 411 294 1319 1407 1662 172 431 1711 56 1465 954 317 703 1089 1603 965 843 971 461 1485 1487 334 1107 1493 120 98 1122 612 1507 1510 102 230 1263 1008 1010 1527 1400 1657 
273 1664 1541 902 662 1179 925 287 32 165 1706 1455 702 1603 581 457 849 594 209 1107 1493 1364 1624 1113 223 355 612 1262 1263 1652 1399 
274 1536 1018 1539 2 1542 1546 1034 1548 1036 1549 15 528 16 1040 11 1045 1557 22 1048 1563 1564 1053 1054 28 33 1571 36 549 551 1064 1065 39 47 1072 49 1073 1078 1591 54 56 574 575 579 70 1607 1097 74 1611 1612 585 587 79 1616 73 1100 595 83 1108 1107 596 1624 1626 1116 1628 1117 1631 1119 1122 1124 1637 612 1127 616 105 1130 1132 1135 1137 1652 630 1143 1657 633 124 1662 1151 639 1155 131 133 1157 1160 138 1675 140 653 1167 1679 657 658 1682 148 1172 662 1685 1176 146 157 672 675 167 680 1193 1705 171 1708 685 1199 176 689 178 179 1716 1717 182 1202 1712 698 701 192 1216 1219 1220 709 197 198 200 718 719 725 1238 217 1242 732 1246 227 742 1256 748 237 1262 749 1264 241 754 1266 757 246 248 1276 260 775 1288 269 782 1295 784 1296 274 1302 1307 1309 1310 287 1313 1322 811 1324 810 302 815 301 1332 1335 311 313 314 317 1346 322 334 337 1362 1363 340 1364 339 343 344 850 858 1369 349 1375 1380 357 356 371 1397 1398 1399 1400 1401 377 1402 889 388 390 904 905 906 1419 1417 910 1423 1429 407 410 924 925 414 416 1711 1444 935 424 937 1451 431 1457 1461 951 952 1463 954 955 444 1469 958 1467 448 453 1478 967 968 969 1482 1486 1487 464 977 1490 466 1493 1497 986 989 1502 1508 997 998 1513 490 1006 494 496 1521 1013 1526 1015 1016 502 1530 
275 612 1487 1107 54 
276 1542 1034 11 1555 532 1045 536 1049 28 1064 556 1070 1584 1074 54 1078 56 1592 1594 576 1096 585 588 1617 83 1107 600 602 1116 93 608 1633 98 1122 612 103 1128 109 1653 1657 1151 641 1666 1160 141 1678 1679 656 1683 150 1693 670 1702 170 1708 685 1199 175 1711 1204 1716 1717 1210 702 706 709 1224 713 204 1234 1242 1245 738 748 1262 1266 258 782 784 1301 1302 1304 1316 296 1322 1323 812 811 302 815 316 835 1356 334 849 1364 1365 858 868 1380 366 1391 1400 1401 1402 384 386 388 910 1423 400 406 407 925 418 1457 947 440 1465 954 1485 1486 1487 974 1493 1501 481 1513 496 1526 
277 1671 1159 638 907 1034 1040 1553 402 1429 1564 669 1444 549 167 938 1578 172 813 1326 949 54 313 317 1086 1219 1482 204 79 1487 1107 214 984 1116 605 1501 612 360 1257 496 1520 1015 1400 633 508 
278 1122 388 11 782 1711 1493 
279 1025 1539 1034 1548 1553 1041 531 1048 536 1560 1564 1053 1583 1073 54 55 62 1607 72 1096 587 1100 1612 75 79 592 1616 1619 1107 599 1624 1116 1628 612 1127 1128 1129 1642 109 1651 1655 633 1147 124 1662 1151 1664 638 639 1161 654 1169 155 1693 1190 678 680 172 1199 176 1713 1716 694 188 702 192 707 1230 719 1235 212 729 1264 754 1268 763 258 1291 267 1294 277 1302 805 808 811 813 1336 835 334 847 848 1364 1373 1383 366 369 1395 1399 1400 890 1405 904 394 1418 910 400 1429 1432 409 922 923 414 929 1444 422 938 1457 954 444 1487 496 
280 388 1541 1288 11 782 1711 54 56 1598 702 62 958 835 1487 335 1107 1493 1116 1122 612 1263 880 1136 633 
281 388 1541 11 782 1553 1429 1322 1711 54 56 835 1487 1107 1493 1122 355 612 1263 633 1400 1657 
282 1248 1155 612 742 1097 301 719 1616 1487 435 1107 54 1400 633 1050 
283 1122 835 612 388 11 782 1487 1711 1107 1079 1493 951 
284 388 1289 11 782 656 24 920 548 676 294 1193 1711 1075 56 64 577 80 1493 1122 
285 1122 612 1541 782 1711 1263 1487 1107 
286 612 1487 1107 54 
287 1122 388 612 1566 11 782 1711 335 1555 1107 1493 823 56 1657 1050 
288 1541 585 779 843 1263 1493 
289 835 612 1487 1107 54 633 
290 1122 1541 782 1711 
291 1122 835 612 1541 782 1711 1263 1487 
292 612 775 1487 1107 1429 54 633 
293 1122 1541 782 1711 1263 1553 
294 0 1539 11 1040 1553 1555 1045 1053 1567 1568 1573 1062 1575 37 1069 56 1599 64 578 72 1096 587 1106 1620 87 96 609 1127 1130 107 1135 1653 1657 124 1662 1664 641 650 145 1683 661 674 163 675 172 1711 1199 690 1205 702 704 1228 217 1246 748 237 236 757 255 1295 794 1307 1309 1311 1322 811 303 1329 835 334 1365 862 1393 1394 1400 388 908 406 926 929 932 946 1464 954 444 459 1487 980 
295 1122 388 1029 11 782 1711 1493 
296 612 170 1487 656 335 639 531 1107 54 440 633 
297 835 1541 1487 
298 1541 1030 650 782 656 274 672 1534 168 1064 1322 684 1711 1461 590 1615 1493 1116 1122 1507 1639 109 
299 612 1487 1107 54 
300 612 1259 367 1487 1107 1651 1235 54 
301 1375 1127 1034 748 1100 302 1116 656 80 1487 
302 1539 4 1542 1034 1553 1050 28 30 547 39 1064 1072 54 1591 1080 1607 1611 587 1104 1107 1112 1116 96 612 104 1647 626 631 633 638 1151 639 641 1160 1677 144 656 146 1172 1188 1706 172 1710 1716 1206 185 702 197 718 1234 210 737 1256 1266 248 258 260 1285 775 263 273 277 1302 1310 287 809 1322 811 835 836 1349 334 1362 850 340 343 878 879 881 1399 1400 892 900 1423 399 1429 410 925 414 417 424 1448 1450 1451 951 954 1470 1487 1490 471 985 484 997 490 1004 1011 502 
303 1539 1655 396 1677 1038 15 656 1553 916 917 662 1149 918 1183 1571 1059 293 938 1323 172 1322 1069 1073 305 435 1204 1589 694 1591 1079 54 1084 317 702 579 1219 1349 968 203 587 1487 979 1107 1497 858 1116 1248 227 612 1512 105 234 1642 1004 1262 241 1010 1395 242 630 1399 1400 633 1530 1405 
304 1122 1219 868 1541 170 748 366 1711 656 1457 400 1199 1263 1493 782 
305 612 1487 1107 54 
306 1122 388 1541 11 782 1263 1711 1493 56 
307 1024 388 1541 7 391 1546 780 782 656 789 1686 407 791 925 1181 287 671 32 549 1061 681 938 172 1711 1455 1590 1591 1337 442 317 1217 835 1349 583 1487 1488 209 1489 1107 1493 983 218 858 1116 1122 355 995 1509 612 1131 1004 1517 1005 1263 
308 1664 773 6 394 523 781 654 531 1044 404 920 24 1178 1437 1566 1057 547 426 170 1070 818 1075 1204 440 824 702 1471 1472 64 577 1603 835 1487 335 593 1234 1107 1246 612 871 1001 1389 1264 242 114 1400 1017 
309 835 612 1487 1107 54 
310 1122 388 1541 612 11 782 1711 1487 1263 633 1107 1493 54 56 
311 612 1541 1487 1263 1107 1493 54 
312 1122 1541 782 1711 
313 1122 835 612 1541 782 1711 1263 1487 
314 1536 638 15 1553 1682 1429 1564 287 1450 949 54 1335 951 701 833 1219 1220 718 1487 1107 1369 605 610 612 1130 757 633 
315 612 1487 1107 54 
316 11 15 24 28 31 32 39 40 42 47 51 54 56 64 65 67 72 79 82 86 87 97 101 105 107 112 119 121 124 125 129 130 131 134 146 148 152 158 160 171 172 178 180 184 185 187 189 204 209 212 214 221 236 239 241 246 247 253 255 257 258 260 262 264 270 274 278 285 287 294 298 302 303 305 306 310 313 315 317 319 324 328 333 337 343 349 350 355 356 360 361 365 367 371 372 375 377 379 387 388 389 392 402 406 407 408 413 414 418 419 421 425 433 434 436 437 441 442 444 448 457 464 465 470 472 475 479 486 490 494 496 497 508 511 513 514 517 519 522 524 528 532 533 536 542 543 549 563 576 577 578 579 583 587 592 596 597 599 604 605 608 609 612 613 616 625 630 633 636 638 639 640 641 643 644 651 656 657 659 662 673 674 675 678 681 687 688 689 690 692 694 695 696 697 698 702 703 704 707 710 725 728 732 733 735 737 740 744 754 756 757 764 772 775 782 783 790 794 797 808 809 813 825 830 835 839 841 853 854 858 859 865 873 878 884 897 904 905 908 911 916 917 919 920 925 926 930 932 934 936 938 939 940 949 951 953 956 958 961 965 969 971 977 981 983 984 986 994 1003 1006 1009 1011 1015 1016 1018 1020 1022 1023 1026 1030 1034 1036 1039 1040 1041 1045 1053 1062 1070 1071 1073 1075 1079 1091 1092 1096 1100 1106 1107 1108 1110 1114 1116 1119 1120 1122 1124 1126 1130 1135 1137 1145 1149 1157 1163 1169 1170 1173 1177 1183 1184 1185 1189 1191 1193 1197 1199 1203 1216 1218 1220 1224 1227 1230 1235 1246 1250 1252 1257 1262 1263 1266 1267 1274 1279 1284 1285 1286 1288 1290 1291 1295 1297 1299 1307 1309 1313 1318 1320 1322 1324 1333 1335 1336 1349 1354 1360 1363 1369 1373 1381 1384 1386 1393 1395 1399 1400 1401 1411 1412 1417 1419 1426 1428 1429 1431 1434 1440 1444 1450 1455 1457 1458 1460 1463 1468 1469 1475 1481 1482 1484 1487 1489 1493 1498 1500 1501 1504 1506 1507 1508 1513 1521 1522 1526 1528 1530 1534 1535 1536 1539 1541 1546 1548 1552 1553 1555 1557 1559 1560 1563 1564 1571 1577 1589 1591 1600 1601 1607 1609 1612 1618 1620 1623 1625 1626 1627 1628 1631 1633 1637 1638 1641 1646 1649 1651 1653 1657 1662 1665 1671 1682 1683 1685 1689 1691 1693 1705 1709 
317 835 612 933 1443 135 905 1675 349 910 1487 1553 1107 924 925 
318 1122 612 1541 782 1711 1487 1263 1107 1493 54 
319 1122 1541 782 1711 
320 1536 513 1 1539 517 1030 8 520 1034 1528 1036 1033 11 1039 1040 527 1552 1555 19 1045 534 1559 1048 1560 536 1563 539 1023 1054 1566 32 1053 549 37 551 1061 41 1067 1073 1588 1077 54 1591 56 57 565 569 1084 55 62 1080 576 1603 579 67 583 72 1096 584 587 1607 1101 1613 79 592 1107 599 1624 1114 1116 1629 1120 610 98 612 1637 102 1127 1122 1129 1131 108 1647 1651 1653 1143 1657 633 124 1662 639 638 641 1153 1553 650 1163 139 140 1166 1164 144 1169 656 1170 146 1683 1686 1175 1174 157 1694 1693 672 1185 675 679 1703 1193 1706 170 172 169 173 1711 683 682 1199 180 694 185 1209 187 702 703 192 704 190 1219 708 709 197 1221 1224 1225 1227 717 208 209 210 1235 212 218 1243 730 733 1246 737 229 1254 748 237 1262 756 766 1282 259 258 261 263 780 269 782 1295 271 272 789 278 277 287 799 1313 802 1314 1312 294 1323 1324 813 814 302 305 1329 309 310 1336 313 317 319 1343 835 1349 334 847 848 1364 340 343 857 858 1373 865 681 367 881 371 884 886 1399 1400 892 1405 388 900 390 904 1417 905 392 397 399 1427 917 1429 407 1432 406 410 411 412 925 413 414 417 1442 1444 934 937 425 1451 429 1455 432 1457 436 1460 951 441 1465 954 444 1468 1469 1471 448 961 960 1475 453 968 969 1481 971 1482 1485 1483 1487 1488 977 1493 471 984 986 474 990 1508 484 1513 1004 1005 1517 496 1010 1015 503 504 505 
321 612 1487 1107 54 
322 612 1487 1107 54 
323 1122 388 11 782 1711 1493 
324 930 612 1534 638 1034 1487 1553 1041 1107 1429 54 1400 633 
325 1122 835 612 1541 782 1263 1487 1711 1107 
326 1122 835 388 1541 612 11 782 1711 1263 1487 1107 1493 
327 1027 1541 1545 523 531 1556 1301 1558 1700 1471 320 322 197 76 335 1364 1493 736 1263 
328 1668 1542 141 1423 656 913 639 1679 1302 1431 671 418 1699 1444 549 1322 1323 1451 811 54 1078 440 317 1471 1343 706 204 1487 977 1107 858 1242 120 1501 1246 868 612 1132 633 1400 1401 380 
329 1122 1541 782 1711 
330 1122 1541 782 1711 
331 1122 1541 782 1711 
332 835 612 388 11 1487 1107 
333 612 1487 912 1107 54 
334 1122 388 11 782 1711 1493 
335 1122 1155 1541 1097 1322 73 782 1487 1616 719 1263 1711 1493 1400 
336 1541 782 1553 1429 1322 1711 54 702 1599 835 1487 1107 1493 96 1122 612 1263 
337 1122 1541 782 1711 
338 835 612 1487 
339 1541 1263 1493 1400 
340 1122 1541 782 1711 
341 1122 612 1541 775 782 1263 1711 1107 
342 1 4 11 15 16 17 21 24 30 31 32 47 54 57 58 64 67 70 80 81 87 98 111 133 140 141 144 146 148 150 157 159 171 172 173 175 179 180 183 185 192 197 204 213 214 218 219 228 229 236 237 246 250 257 262 263 267 268 269 272 273 274 277 278 279 282 286 287 304 308 311 316 319 324 326 340 341 349 356 360 362 366 367 371 372 377 383 391 392 396 397 399 400 406 407 410 414 416 418 420 421 422 423 425 429 430 433 442 446 453 463 474 479 480 490 492 494 499 505 508 511 513 517 528 536 541 548 559 560 561 563 564 568 574 577 579 583 587 588 590 592 597 600 602 603 604 605 608 609 610 612 616 619 626 631 638 643 652 656 658 659 662 671 672 673 674 675 676 679 683 690 694 701 702 709 711 712 719 725 728 737 744 747 748 752 754 757 775 778 780 783 788 789 791 796 805 806 807 808 811 813 814 817 829 835 836 847 848 858 867 875 881 883 884 887 892 900 910 916 920 925 928 929 933 937 938 942 945 946 949 951 953 958 967 969 973 980 981 983 984 985 986 989 999 1005 1007 1010 1018 1019 1024 1030 1034 1040 1045 1048 1049 1050 1053 1054 1059 1064 1066 1067 1073 1075 1077 1078 1079 1082 1096 1100 1101 1107 1108 1110 1112 1116 1123 1125 1127 1129 1130 1131 1135 1137 1151 1153 1160 1161 1162 1167 1169 1171 1173 1182 1183 1184 1189 1190 1199 1200 1206 1215 1217 1219 1220 1221 1223 1224 1228 1230 1235 1242 1246 1254 1255 1257 1260 1261 1262 1266 1267 1274 1277 1281 1282 1285 1286 1297 1302 1307 1309 1311 1312 1314 1318 1322 1324 1329 1335 1336 1342 1349 1354 1359 1364 1366 1367 1369 1372 1374 1375 1377 1380 1384 1390 1393 1399 1400 1401 1402 1405 1415 1417 1423 1429 1432 1438 1442 1444 1445 1451 1452 1455 1457 1459 1469 1470 1484 1486 1487 1488 1489 1491 1497 1498 1501 1508 1509 1510 1512 1523 1524 1526 1533 1534 1535 1536 1537 1539 1543 1546 1548 1550 1552 1553 1556 1559 1560 1564 1566 1570 1580 1588 1590 1591 1592 1607 1609 1612 1613 1615 1616 1623 1624 1628 1629 1631 1632 1636 1641 1648 1649 1651 1653 1668 1671 1677 1679 1682 1683 1688 1699 1702 1704 1705 1706 
343 1025 1541 1544 1020 1040 1553 1557 1559 1564 1567 1571 1059 1575 1065 42 1072 54 1079 57 62 576 579 592 1616 82 1107 1112 1116 1628 1629 1119 609 97 1124 105 624 1137 630 121 638 1671 1160 656 657 1682 147 1173 662 1691 1184 1185 675 1701 1189 683 171 690 1717 694 696 185 1216 1219 197 710 719 725 214 217 732 1254 1257 750 1263 239 241 1262 253 258 1286 262 789 278 282 1312 806 1324 813 815 305 308 835 1349 1354 1362 340 854 1376 360 361 1386 367 1395 371 884 1397 372 1400 377 375 392 1417 904 1428 1429 1430 925 419 1444 421 423 425 1451 940 1452 429 436 1463 1469 958 448 967 968 969 1481 1487 977 1493 1497 1501 990 1508 1003 1005 1006 1517 496 1530 
344 1122 835 612 1541 782 1711 1263 1487 
345 1122 1541 782 1711 
346 416 1122 1400 1541 1100 782 1263 1711 1199 1493 
347 961 258 612 934 236 1487 367 1107 54 633 1053 
348 1122 835 612 1541 782 1711 1487 1263 
349 835 612 1419 172 1487 656 1264 114 
350 612 1487 1107 54 
351 1122 1541 782 1711 
352 612 1487 1107 54 
353 1122 1541 782 1711 
354 1122 835 612 1541 782 1487 656 592 1362 1263 1711 1493 1107 1400 
355 900 997 612 1107 1206 
356 1122 1541 782 1711 
357 1664 902 1543 1288 134 1292 14 15 1040 639 146 662 408 414 287 32 547 1444 293 680 1450 1662 685 1070 1583 688 1073 813 1455 54 1079 951 1465 954 956 576 832 1603 965 199 1607 1354 203 718 1487 1358 209 210 1107 334 1623 1368 1624 1117 1373 864 612 249 360 363 1132 877 1262 239 1399 633 507 
358 1122 388 11 782 1711 1493 
359 1122 388 394 11 782 1711 1493 56 1657 
360 1470 612 638 719 1616 1487 1553 1107 1429 54 633 1050 
361 640 1026 1155 3 1541 1030 1031 1288 775 138 15 656 1553 531 917 150 407 27 1563 925 929 547 549 934 1064 810 1322 1662 941 685 1451 305 180 54 951 182 314 317 447 961 327 1097 1487 1107 980 1493 1497 858 1499 731 612 229 873 746 1263 1010 1395 118 254 1400 
362 1155 1541 775 138 782 15 656 1050 1699 1700 294 810 1322 1711 305 435 182 1470 703 835 327 1097 1487 1616 719 1107 1493 986 1248 1122 868 612 746 1261 1263 1009 
363 835 612 1036 1487 
364 1411 1541 638 782 1553 1429 926 1711 54 702 833 835 1487 1107 1493 1122 612 1263 
365 1122 1541 782 1263 
366 1400 516 388 1671 1288 904 638 11 1679 1040 657 1553 147 1657 1429 146 1048 1050 1309 1054 287 928 161 32 675 1184 549 421 1189 934 414 171 813 1455 1072 1073 1717 54 1463 1078 56 1470 833 961 579 1221 1607 72 203 204 1487 1615 850 1107 725 214 1497 858 1242 1628 1501 864 612 997 1256 1399 248 377 
367 835 612 1487 1107 
368 1541 1160 906 782 656 1553 33 680 1065 937 1064 170 1711 690 435 1716 828 192 835 453 1487 1616 719 83 1364 1493 1107 1624 1248 1122 612 1132 1263 118 1399 
369 1541 269 656 1050 1322 54 61 1470 73 1487 1616 719 1107 1493 1628 612 1263 1400 
370 1122 1541 782 1711 
371 134 1034 910 400 146 277 1045 1302 536 1053 1566 926 672 414 549 167 1322 1323 811 1199 1331 313 955 1471 833 1346 835 965 1607 1487 1106 1107 1365 1116 612 748 366 1264 1399 1400 
372 0 1 4 9 19 22 24 26 27 30 32 49 54 64 67 72 79 87 93 98 102 108 119 124 127 143 146 155 162 164 172 180 185 188 192 197 203 204 209 212 225 227 228 234 236 237 255 259 271 273 277 278 284 287 290 293 294 302 306 310 313 315 317 318 320 326 340 352 355 359 360 362 365 369 372 391 407 410 414 416 417 418 421 425 434 438 441 442 444 453 465 471 475 478 481 484 493 496 498 505 506 510 513 517 521 528 529 532 536 544 549 551 552 564 576 577 579 582 583 592 595 604 608 609 625 631 637 645 661 667 668 674 675 678 679 680 685 688 690 709 712 713 716 718 720 725 727 729 733 737 740 741 747 754 766 768 780 781 790 791 809 815 833 858 862 865 867 880 881 884 911 916 917 920 925 926 929 934 935 938 942 946 951 961 968 977 978 980 983 985 997 1002 1004 1018 1021 1023 1024 1026 1031 1034 1039 1040 1053 1054 1066 1067 1073 1075 1076 1077 1078 1080 1085 1096 1100 1106 1107 1112 1116 1125 1126 1127 1128 1129 1132 1147 1150 1160 1161 1162 1163 1164 1181 1182 1184 1187 1188 1190 1193 1199 1204 1206 1220 1221 1223 1242 1246 1257 1262 1272 1285 1288 1298 1303 1309 1310 1320 1322 1329 1337 1349 1351 1353 1362 1363 1365 1373 1375 1384 1391 1393 1399 1401 1406 1420 1427 1431 1434 1442 1444 1455 1457 1459 1467 1468 1472 1473 1478 1485 1489 1490 1497 1501 1506 1507 1513 1519 1523 1525 1534 1535 1536 1546 1548 1549 1551 1552 1554 1559 1561 1563 1568 1570 1574 1590 1591 1607 1615 1617 1621 1624 1626 1632 1641 1643 1645 1652 1662 1677 1679 1684 1693 1709 1712 
373 1122 1541 782 1711 
374 1122 1541 782 1263 
375 517 518 1030 1034 11 1037 1040 1553 529 19 22 534 536 1561 32 549 1064 554 1072 1073 54 1591 1592 56 573 576 1096 1101 590 595 1107 87 91 1116 93 606 609 98 612 102 617 107 1647 1651 1653 630 1657 633 636 638 127 639 1161 1677 656 1683 1688 157 674 675 168 171 172 1709 173 687 1199 1711 1717 702 703 1217 204 209 1235 1237 1243 1246 226 741 229 1256 236 1262 754 253 255 256 1280 1288 276 281 1306 285 1309 287 1313 294 809 1322 309 315 317 1349 328 840 334 850 858 347 877 1400 377 892 1407 895 387 904 1420 399 916 1429 406 1432 1434 925 417 1442 1444 933 422 934 426 1451 1454 1455 1457 951 952 954 1468 958 961 968 972 460 1485 1487 465 475 1501 1507 997 1513 1005 496 1009 1010 1523 505 1021 
376 0 1 7 8 11 24 28 30 32 52 54 55 56 57 63 64 67 72 80 87 89 95 101 105 107 117 120 121 125 139 140 145 146 150 159 160 162 163 171 172 173 180 185 187 191 192 194 197 200 204 206 209 212 218 227 229 236 241 253 255 256 258 271 273 278 279 287 294 297 303 310 317 319 338 340 349 350 354 355 359 365 371 372 377 387 388 390 391 397 399 401 405 407 409 412 413 414 418 420 424 425 429 431 432 436 442 443 446 447 448 462 474 475 487 490 494 496 504 505 506 511 513 515 517 536 543 548 549 563 565 573 575 576 577 583 584 587 592 604 608 609 610 611 612 616 626 629 630 635 638 647 651 656 659 662 671 673 674 675 676 679 682 683 685 690 692 703 704 706 708 717 718 725 730 737 748 750 756 766 775 782 783 787 794 799 811 813 815 822 835 836 846 848 854 856 857 858 862 867 878 884 885 896 910 918 920 922 925 933 934 935 936 940 943 952 960 961 967 969 971 973 976 977 983 985 990 999 1005 1007 1010 1016 1022 1024 1030 1034 1037 1039 1040 1042 1045 1046 1053 1059 1065 1067 1070 1075 1077 1078 1080 1096 1101 1106 1107 1112 1116 1119 1122 1131 1145 1151 1153 1154 1166 1169 1171 1174 1175 1185 1199 1203 1206 1209 1215 1221 1224 1225 1227 1235 1237 1239 1242 1246 1250 1251 1254 1255 1256 1258 1261 1262 1266 1272 1282 1285 1289 1302 1309 1312 1314 1322 1324 1329 1336 1343 1347 1349 1351 1357 1362 1367 1374 1393 1397 1399 1400 1401 1405 1407 1411 1417 1421 1423 1427 1429 1432 1440 1442 1443 1444 1451 1454 1455 1457 1458 1459 1460 1468 1469 1481 1483 1487 1488 1493 1500 1501 1508 1513 1525 1528 1530 1534 1535 1537 1539 1542 1546 1550 1552 1553 1554 1556 1559 1560 1564 1568 1570 1571 1579 1588 1591 1594 1607 1613 1620 1621 1623 1629 1631 1637 1651 1653 1657 1662 1677 1679 1680 1682 1686 1694 1703 1710 
377 641 1539 1034 170 54 1471 1603 1092 965 587 1487 1107 1375 612 1127 1400 633 
378 1082 612 73 1034 719 1616 1487 1107 54 633 1050 
379 1122 1541 782 1711 
380 1122 1541 782 1711 
381 1541 777 1545 15 656 1553 1170 146 1424 662 1303 414 544 545 294 1534 680 1324 301 1069 431 949 703 1218 1603 322 835 1091 1607 460 1487 1231 977 1107 1493 861 612 742 486 1132 1262 1263 1009 1010 1399 376 
382 612 1487 1107 54 
383 1122 1541 782 1711 
384 1122 388 11 782 1711 1493 
385 1024 1540 1548 1552 1553 536 1053 549 1574 1580 1070 1073 54 576 67 579 1607 590 79 1104 1618 1619 1107 1116 605 1651 1139 120 635 124 638 1662 1677 656 1685 1183 1700 683 685 1199 718 1235 221 733 1262 253 259 261 774 784 280 287 802 1323 815 1330 313 314 1350 334 858 358 1397 1399 1400 892 1429 917 1431 1432 410 925 414 424 940 1452 943 1457 949 951 954 1468 444 967 1482 460 1487 1513 1011 
386 672 1122 835 612 1541 782 1263 1487 1711 
387 641 1539 1541 774 394 782 656 1553 150 792 1322 1069 1711 1599 1603 587 1487 335 1107 1493 1116 1122 612 1000 1263 
388 835 1541 1263 
389 612 1041 1107 
390 1122 1541 782 1711 
391 1541 1064 702 1487 656 1263 1649 1556 1493 
392 1122 1541 782 1711 
393 612 1487 1107 54 
394 612 1487 1107 54 
395 612 1487 1107 54 
396 1122 1541 782 1711 1263 
397 1122 1541 782 1711 
398 256 517 1030 390 137 656 671 928 161 302 306 1460 187 1224 1487 89 355 1262 
399 1122 1541 782 1711 
400 612 1487 1107 54 
401 835 612 1294 1487 1616 848 719 1107 
402 382 7 531 1556 1566 34 547 165 166 168 1451 1709 1198 1070 1453 433 1201 563 1204 1205 54 1591 1332 1465 440 62 322 1603 581 1480 842 1356 1364 597 1495 728 95 736 1505 482 1387 1649 1138 1266 1400 
403 1248 1155 1050 327 1097 746 810 138 303 435 1620 182 
404 382 642 388 1029 773 138 650 11 141 1674 1678 656 786 1043 404 1556 670 1566 38 1064 169 810 1323 426 1070 1584 1456 182 567 56 62 1471 581 327 1356 1102 975 1233 849 1364 215 1116 476 222 736 868 104 1000 746 1387 505 1392 1136 1400 1657 122 1017 
405 1122 1541 782 1711 
406 1539 1030 519 1034 1038 15 1553 1559 32 1059 1072 1073 54 1591 1601 1607 587 1616 592 1107 1625 1116 612 1649 1137 638 1157 1169 146 1173 675 169 171 690 178 1204 1717 702 1220 197 199 719 209 210 1256 237 1266 262 274 278 1309 797 287 1324 835 839 1360 850 1368 858 355 884 1399 1400 377 1403 388 1426 916 1429 1431 919 925 414 425 1451 1455 951 448 965 1487 464 1497 986 1006 
407 1122 1541 782 1711 
408 835 612 1487 
409 612 1553 1107 1429 54 
410 1122 1541 782 1711 
411 1542 9 1036 1548 19 1555 1559 1048 1561 536 1053 543 548 549 1574 552 1064 553 1577 1070 1588 1589 54 1591 1599 1090 1603 582 1100 1102 592 80 1107 1620 1112 1632 98 612 1637 102 1127 1129 1130 120 633 124 1149 1662 1151 639 641 145 661 676 170 1197 1199 1716 188 701 702 192 198 215 1246 1250 226 232 748 757 1302 278 794 1322 811 1324 302 303 313 316 317 832 334 1362 1368 1375 868 1380 871 1393 884 1399 1400 891 1408 898 1411 1412 1420 910 1423 913 925 424 936 425 1451 1457 440 954 444 1471 965 1477 968 1485 1487 1488 1491 980 
412 1024 1536 1026 1 1539 517 0 519 520 521 1034 1033 1030 8 528 1040 1553 529 3 22 1046 1560 1048 536 539 1564 540 1054 1568 32 1059 548 549 1061 1064 1067 1072 1073 1077 54 565 576 1600 579 583 72 1609 1096 587 1100 590 79 80 592 1106 1107 596 1621 1615 1623 599 82 1624 1116 605 1628 1120 610 1634 613 1637 616 107 1132 1131 112 1653 630 121 1662 638 1151 1152 131 1671 1160 139 1677 656 145 144 1680 657 1683 662 1686 1691 155 157 1183 672 1184 675 1188 676 1189 1191 680 681 682 679 171 1199 689 1717 694 695 185 189 702 192 1221 710 199 1224 206 212 214 217 218 733 1246 737 229 1258 1261 754 1267 246 253 766 255 1279 772 1285 775 1288 1289 780 271 274 277 1302 789 287 294 808 1322 298 1324 811 815 305 1331 310 317 1346 1349 334 848 1363 343 1367 1368 858 349 862 865 353 355 1381 367 370 885 1399 1400 1401 377 892 1405 388 904 392 78 396 397 910 399 916 1429 406 407 918 409 410 925 417 418 1444 421 934 423 938 1451 1455 1457 437 949 951 1463 954 1468 961 450 965 968 971 1487 1488 977 1489 979 980 474 1501 997 1517 1005 496 1521 1010 1522 1018 508 
413 1122 835 612 1541 782 1711 1263 1487 
414 448 258 418 100 710 1191 712 806 1034 328 109 592 1522 82 662 
415 1536 643 1541 1029 638 1036 141 15 656 639 1682 1679 1429 662 1431 1048 1302 1053 672 161 1442 418 1444 549 423 937 811 1325 1073 689 1717 54 1078 184 954 958 574 192 835 581 1224 585 1357 334 1487 1616 719 210 979 1107 1493 725 1624 1242 1116 93 606 865 612 1129 1132 237 1262 1263 1649 633 1399 1401 124 
416 1122 1541 782 1711 
417 1345 170 1465 656 275 
418 835 612 1541 1487 1263 
419 1122 388 11 782 1711 1493 
420 612 1107 54 633 
421 612 871 1323 1069 1070 1487 656 1107 54 1400 633 
422 1122 1541 775 45 782 1263 1711 
423 1122 1541 782 1711 
424 260 1401 1034 638 1289 1040 1553 147 1429 789 407 1564 287 32 1444 548 806 676 808 1662 1451 1455 1072 1717 694 54 1079 185 1338 954 1468 702 192 835 334 1487 80 209 1107 725 1116 1628 1501 1119 612 360 1130 496 372 1400 377 
425 1289 1295 662 1432 1048 1434 1183 548 549 676 294 680 1706 1072 179 1716 1591 440 955 1212 592 80 850 1235 1116 865 226 1256 1262 1651 886 
426 138 907 656 402 1302 1050 669 671 287 1444 549 167 810 811 172 1578 1326 301 182 313 1470 1086 833 1612 206 719 1616 1487 718 79 742 496 1520 1398 
427 1024 513 1537 1539 517 1541 1034 1546 1037 1552 1553 1556 534 1559 1049 28 543 549 551 1064 1588 54 1591 1078 1592 1594 569 60 55 573 575 576 65 1603 1607 587 588 592 1107 1620 598 1623 602 1116 1119 608 1122 612 616 1135 117 1143 633 1662 638 1664 140 141 1679 656 1170 146 159 1185 675 1702 1192 169 172 1198 175 1711 1200 687 180 694 184 701 702 204 1230 1242 221 1246 735 737 227 1260 1261 1263 754 756 246 253 258 1282 268 782 787 278 1306 1307 794 294 1322 303 1329 310 313 319 320 1349 1351 328 1357 1359 848 1362 1368 858 349 350 865 355 868 1381 878 1393 370 884 1399 1400 1401 896 391 905 917 409 412 925 414 418 1442 1443 933 425 1454 436 442 958 448 1481 1482 973 1486 1487 977 465 1493 983 1496 1497 986 474 471 1501 1512 1513 494 1007 496 1010 1011 1524 1525 1526 1015 507 
428 612 1487 1107 54 
429 1541 521 1040 1561 1564 1054 32 549 551 1073 1078 1591 55 569 578 1607 72 592 1107 600 1122 612 102 1132 1645 1143 129 1160 138 1679 656 1170 146 665 672 675 680 1193 172 1711 690 182 699 1220 1224 204 718 209 211 1241 1242 739 748 1263 754 759 258 782 1295 788 798 287 810 813 1336 831 833 835 1351 1362 857 1380 877 366 881 1399 1401 895 385 1420 400 403 917 414 418 1444 1455 951 448 1482 1485 461 1487 980 1493 1501 484 996 1513 496 
430 612 1107 54 
431 258 835 612 
432 1539 1027 1160 1167 1296 1553 663 1534 812 1204 1717 702 70 587 1486 725 1622 
433 1122 1541 782 1711 
434 612 1541 1263 1359 1107 1524 
435 1122 1541 782 1711 
436 1122 1541 782 1711 
437 1122 835 612 1541 782 1711 1263 1487 
438 1122 1541 782 1263 
439 612 638 1553 633 1107 1429 54 
440 1122 1541 782 1711 
441 549 585 457 1487 656 
442 1184 835 1667 421 612 1096 1487 1199 1457 1107 536 
443 1541 1263 1711 1493 
444 1122 1541 782 1263 
445 1122 1541 782 1263 
446 1122 1541 782 1711 
447 1122 612 1541 782 1711 1263 
448 1122 835 388 1541 612 11 782 1263 1487 1711 633 1107 1493 54 56 1657 
449 1029 1541 1542 11 526 1040 1553 531 1556 1557 1053 32 1571 549 1064 1578 1071 54 56 1598 1086 579 67 1603 580 74 79 1107 1623 1116 96 97 1122 612 105 108 624 630 1657 633 1662 639 638 1156 1677 656 657 658 148 662 669 1184 1189 1701 1193 170 172 1711 687 1717 184 696 701 209 1234 725 214 221 1246 733 738 1262 1263 241 255 769 260 1288 782 1301 277 287 813 1326 824 828 831 835 1376 868 365 887 1400 377 388 904 907 1423 399 402 1428 1429 1430 931 1444 421 1455 434 951 1463 1465 1468 444 958 1471 457 1487 466 1493 1501 1504 1004 496 1520 
450 1122 388 1541 1545 11 782 1263 1711 1493 1399 56 1657 
451 835 612 1480 1487 1107 
452 835 612 1322 
453 835 612 1487 
454 1250 355 835 549 1411 936 638 1487 1553 1107 1429 54 1400 
455 1122 835 388 1541 612 11 782 1263 656 1487 1711 1107 1493 1400 
456 440 204 1679 1078 1400 1242 
457 1122 1541 782 1711 
458 1122 612 1541 782 1711 1263 
459 1024 517 1546 11 15 1040 549 1592 56 575 1607 72 1116 1122 1638 616 1130 628 1657 1158 146 662 675 167 172 173 1711 1206 702 703 1218 708 197 198 229 1262 1266 756 1291 782 276 791 294 813 310 313 315 1341 835 1349 334 1362 340 858 349 350 864 1393 881 1399 1400 892 896 388 391 909 407 925 414 417 1443 933 1450 939 951 954 442 965 1482 1487 977 1493 983 993 1506 997 1005 
460 1285 1191 1522 
461 1603 1670 1064 777 1322 105 1228 365 1487 656 177 241 1556 1717 725 630 
462 835 612 1487 
463 784 1553 787 148 1429 407 156 670 1321 54 1471 835 1603 1102 1487 1107 1116 612 
464 1122 388 11 782 1711 1493 
465 1122 1541 782 1711 
466 1539 1541 1034 1040 1553 536 1571 1076 575 576 1091 1096 1097 587 1612 592 1107 1623 1116 1632 612 616 1641 105 1130 110 630 633 1658 638 129 1155 1682 1691 1184 1185 1189 1199 1713 198 200 214 231 1262 1263 241 757 246 764 267 1298 806 1322 813 305 1341 835 1362 349 1401 909 917 925 421 1451 1457 436 1481 1487 1493 1498 1501 486 490 1002 496 1526 502 
467 1122 1541 782 1263 1711 1493 
468 1603 612 1541 1263 656 305 1107 1493 
469 1541 1160 1289 138 1675 1421 656 400 277 1302 405 1050 924 286 1566 543 670 548 676 549 1706 811 810 302 1330 1716 182 313 828 1470 833 1603 1487 80 1493 1365 1239 1116 1134 366 1263 
470 1122 1541 782 1711 
471 1539 1034 656 1553 31 418 694 702 1471 835 587 1487 339 1107 1623 1116 612 748 
472 129 835 1553 1429 
473 835 1400 388 612 1224 1662 638 11 1487 1553 1107 1429 54 56 1657 
474 1024 512 1030 1040 1552 531 1556 1555 1564 1054 1055 32 1569 1070 60 1603 581 72 1609 77 604 1631 1632 609 615 104 1646 634 1147 125 1662 1663 1664 650 1716 692 1204 1219 197 199 200 209 212 1245 734 236 1264 754 246 1294 1299 792 1310 287 809 1323 1334 340 858 1373 1399 1400 892 382 1407 1433 419 939 1455 946 1474 457 1484 1490 980 472 1501 478 1507 998 1003 1519 505 
475 1122 1541 782 1711 
476 353 1155 835 612 327 1097 138 810 746 719 1616 1487 1107 182 
477 96 1122 1541 1706 1322 782 1263 656 1711 1234 1493 
478 1 5 10 11 15 24 27 28 51 52 54 55 56 57 64 67 70 72 79 80 87 95 97 101 105 117 121 123 124 125 129 130 131 133 135 140 141 146 149 150 155 157 159 170 171 172 173 174 175 179 180 185 187 189 192 193 194 197 198 199 200 204 210 211 212 213 219 226 227 230 235 236 239 241 243 244 246 248 249 258 261 268 271 272 277 278 279 294 297 298 310 316 318 323 332 334 337 338 340 349 350 354 360 362 367 371 374 380 385 388 391 397 399 401 403 405 407 409 410 413 414 418 420 421 424 425 427 429 433 436 437 438 441 442 446 448 450 453 457 462 465 478 479 480 487 490 493 494 496 502 509 511 512 513 517 520 521 527 532 534 536 543 548 549 551 556 558 559 562 563 564 568 569 572 573 575 576 577 578 592 596 597 600 604 607 608 609 612 613 616 630 633 634 638 639 640 645 647 651 665 666 668 671 673 674 675 676 680 683 685 692 696 703 704 708 709 713 717 718 725 730 737 750 751 754 761 771 775 778 783 784 787 789 790 791 792 796 798 799 802 806 811 813 815 816 822 830 831 835 844 845 850 854 855 856 857 858 865 867 879 881 884 887 895 896 901 905 908 909 910 914 916 917 920 922 924 925 933 934 935 940 943 944 946 950 954 956 960 961 967 968 969 971 973 977 980 983 988 993 998 999 1002 1007 1015 1022 1024 1030 1031 1037 1039 1040 1044 1045 1053 1054 1055 1058 1064 1067 1070 1071 1072 1075 1078 1079 1082 1096 1100 1103 1105 1107 1116 1127 1129 1132 1143 1144 1147 1153 1154 1158 1159 1162 1167 1170 1171 1175 1177 1183 1184 1185 1189 1192 1199 1200 1202 1209 1210 1215 1221 1228 1230 1237 1239 1240 1241 1242 1244 1246 1247 1251 1254 1255 1256 1260 1261 1262 1266 1272 1274 1275 1277 1282 1288 1289 1291 1295 1299 1312 1314 1324 1329 1341 1349 1351 1354 1357 1362 1366 1367 1374 1387 1393 1396 1397 1399 1401 1403 1405 1417 1418 1421 1423 1427 1428 1429 1434 1435 1437 1438 1442 1443 1444 1452 1453 1454 1457 1459 1460 1468 1469 1481 1482 1483 1484 1486 1492 1494 1495 1501 1503 1506 1507 1508 1509 1513 1519 1525 1526 1528 1530 1534 1537 1542 1546 1548 1552 1553 1554 1555 1556 1557 1559 1564 1570 1571 1572 1573 1576 1584 1591 1594 1596 1603 1607 1613 1615 1628 1629 1633 1635 1637 1638 1646 1648 1653 1657 1658 1673 1675 1676 1679 1698 1703 1704 
479 835 612 1487 
480 1024 1537 517 1030 1033 1034 1546 11 1040 1553 1556 24 539 32 551 41 1070 563 1588 1589 54 1591 56 1078 569 55 1594 576 577 1602 67 64 72 1107 1621 1116 612 1637 102 614 1638 1643 108 1143 1657 633 1149 638 127 639 1677 1166 1679 658 1171 1170 662 671 672 159 675 1188 172 173 1200 1202 1203 692 1215 192 197 204 1230 209 213 728 1242 1246 738 1251 1255 232 1261 1262 756 1274 253 258 770 1285 775 1288 263 1291 268 783 279 796 285 287 1075 1314 1324 813 1331 309 310 822 317 1342 1343 834 1349 328 848 340 856 857 858 865 878 879 1400 1401 388 391 399 917 1429 407 920 925 1440 418 1442 1451 1455 951 442 448 962 1482 1485 973 977 471 983 1501 1506 1507 487 1513 494 1007 496 1010 1015 505 
481 835 612 1487 
482 1539 1541 6 1030 1542 1034 15 1040 1553 1048 1050 28 1566 30 1064 1073 54 1591 1078 57 1082 1090 579 1607 1097 587 1613 1616 595 1108 1107 1112 1624 1628 1116 1629 608 612 102 1640 105 1130 616 1651 630 1147 1662 1151 638 641 1153 1155 138 1675 1677 141 1679 656 657 146 150 670 1183 1184 163 1189 1703 1706 1194 172 1710 174 176 1203 1716 1717 182 185 701 702 192 197 709 1224 201 1228 204 206 719 717 1235 725 730 1242 1248 736 1254 237 1262 1263 240 241 244 757 758 246 1277 777 783 784 277 1302 1311 287 799 1312 1322 811 810 813 310 835 334 340 1365 858 349 865 355 356 1383 1384 366 371 1399 1400 1401 378 1405 896 386 1417 905 1418 397 398 1423 400 1429 1432 410 924 925 414 1440 418 1443 930 421 933 424 429 947 435 951 1463 954 1469 1470 958 448 1471 960 966 969 458 1483 1485 1486 1487 463 466 1491 1493 1501 1508 
483 1122 1541 782 1711 
484 1122 1541 782 1711 
485 612 1487 1107 54 633 
486 1539 517 1034 1037 1040 1553 1564 1064 559 47 54 1078 1597 573 579 1092 1609 587 1612 592 1107 1116 1628 612 105 1135 1648 630 638 643 1669 1670 1671 1677 1679 657 147 1183 162 164 1190 1705 1713 690 1717 185 702 1219 197 725 1242 778 1293 789 294 1322 308 1335 322 326 334 340 1369 360 881 1400 377 912 916 1429 925 1442 1454 1463 440 954 448 1487 
487 1122 1541 782 1711 
488 1122 1541 782 1711 
489 1603 1034 1451 1612 1038 1487 1204 
490 1122 1541 782 1711 656 
491 835 612 812 
492 96 835 1092 612 1487 
493 1122 1541 782 1711 
494 1541 262 1157 1160 15 1553 1426 1173 1302 1053 1064 424 811 1716 951 1079 1601 839 718 1487 464 1362 1493 1625 1263 1137 757 
495 612 1487 1107 54 
496 1122 1541 782 1711 
497 1 514 517 1030 8 10 14 1553 542 30 1056 547 550 566 1080 63 583 72 74 1112 610 1634 1126 104 1131 1647 626 1152 645 648 1161 139 1676 1677 1686 150 152 1691 667 1702 1195 1709 173 1206 697 189 1215 1221 201 217 218 756 761 766 1279 768 1285 271 273 281 1314 803 808 809 298 310 836 1351 339 347 350 355 362 879 882 1399 892 900 399 914 1435 413 417 1452 438 971 1488 977 980 471 985 484 487 1010 1525 505 506 
498 641 1539 388 1541 1160 392 1034 638 656 1553 278 1559 1050 288 425 1322 1324 1717 1470 702 835 587 1487 592 1362 1107 1493 1116 1628 861 96 355 612 1642 367 496 1263 1652 884 1400 
499 585 748 302 1359 
500 1122 1541 782 1711 
501 1539 1541 1543 1034 14 1553 1048 28 32 549 1074 568 1599 72 587 1100 1101 1615 1107 1116 607 612 102 118 633 1147 638 1151 1152 641 639 1668 1160 1676 141 1677 656 150 1179 167 689 690 1716 1717 702 1221 718 206 208 209 1246 748 1263 754 1267 242 256 272 784 274 1302 1305 795 287 1322 811 812 302 815 1332 313 317 833 322 835 321 1349 1364 868 366 886 1399 1400 388 1413 1423 400 916 1429 925 927 416 1451 1455 1471 965 1478 1485 974 1487 1493 1501 
502 1122 1541 782 1711 
503 835 612 1541 1263 1487 
504 835 612 1487 
505 612 1487 1107 54 
506 1122 835 612 1541 782 1711 1487 1263 
507 1024 513 1030 1543 1542 1034 1036 1548 15 1551 1553 1039 19 1552 529 22 18 1048 1561 1049 1050 536 1560 1054 26 32 1059 549 553 1067 558 1070 1073 561 1074 564 1589 54 1591 565 1081 563 1079 1078 569 55 575 576 1607 72 1096 1101 79 1616 1615 1105 595 1107 1621 1106 600 1624 1116 93 608 1633 1123 612 616 107 1132 629 120 121 1145 124 1149 1662 638 129 1158 1675 140 1677 1679 656 146 661 157 669 671 672 1695 162 675 1699 163 1191 171 685 1199 688 689 1712 1203 180 694 184 185 698 699 703 192 1221 198 203 204 718 719 1237 727 1242 220 1246 737 1250 229 232 1256 1260 237 1262 750 246 253 255 1282 1286 1288 1295 277 285 1310 287 1314 1316 294 808 297 1322 809 1324 815 1329 1333 1336 313 314 315 1341 1342 1343 833 321 1349 1354 846 848 337 1362 338 852 854 857 858 349 1373 868 357 365 1390 880 881 1393 371 1394 1397 1398 1399 1400 1401 377 892 1405 1406 896 1411 387 905 1417 1419 1420 909 1423 1429 924 925 414 1440 418 419 1444 1442 933 1443 936 937 1450 1451 934 940 1455 943 1457 1458 951 1467 956 1469 1470 961 453 967 968 969 974 462 1487 977 1490 466 982 1500 1501 993 996 997 1508 485 1512 1513 1003 1004 1005 496 1521 1522 1011 1010 502 503 1528 505 1021 
508 1155 6 138 523 656 1050 1566 37 1064 810 562 435 182 1591 440 828 1470 702 62 327 1097 457 459 719 1616 1116 1628 1248 357 1000 
509 612 549 548 676 313 1289 1421 80 1107 1239 
510 1541 1034 11 1553 1429 1691 1701 425 694 54 702 1599 835 1487 592 1107 1493 1116 612 1003 1263 
511 388 1541 779 11 782 1553 1429 794 1574 1711 303 54 56 843 1107 1620 1493 1502 1122 1263 1653 
512 1122 1541 782 1711 1263 
513 32 675 612 549 1623 1295 1455 209 1310 1107 54 1213 1116 1053 
514 1122 1541 782 1711 
515 130 612 337 
516 1122 1541 782 1711 
517 612 1487 1107 54 
518 1541 782 656 1302 1434 1184 421 1706 811 1711 1716 1471 1478 719 1616 1493 1122 1263 1399 
519 704 1122 1541 170 1068 908 782 1263 1711 1045 1493 213 858 
520 2 1539 1541 1542 1036 1552 1553 16 1045 1046 1053 32 547 549 1064 552 556 1068 1074 54 55 1599 575 72 585 587 1100 1614 1616 1107 596 87 609 1637 1127 105 630 1147 1662 1151 638 131 134 1160 1677 656 1169 1176 668 1183 672 674 170 176 1202 1204 1717 185 699 703 1224 718 719 209 212 213 725 1246 737 742 232 1259 748 236 1263 241 754 248 258 1294 1295 277 1302 1305 796 287 294 1322 811 1324 301 302 311 317 832 334 1362 1364 1368 857 1375 367 882 372 886 1399 889 892 392 1423 1429 926 416 1444 1455 954 447 448 965 1487 1493 474 496 
521 1122 1541 782 1711 
522 1039 1553 532 26 1052 1566 547 1067 1071 54 1084 67 69 589 1102 1106 1107 603 1120 1638 1126 1643 1644 1652 119 1661 638 1662 1669 1163 1170 671 1186 1188 164 1190 165 1193 172 1709 1198 175 1710 196 207 723 727 1246 226 1264 755 791 1310 293 809 298 1324 1334 1336 830 320 1351 1362 1364 352 1400 1404 902 911 913 1429 956 1490 471 479 1506 
523 1541 168 1487 656 1263 1136 1266 660 1493 1204 1400 1116 
524 1604 230 457 1322 1646 656 562 1299 831 149 
525 1155 775 1097 1006 719 1616 559 150 
526 1155 1288 904 1034 15 1040 1553 789 1429 1431 536 1560 1050 285 1699 549 1534 937 813 1199 688 1457 690 54 1470 579 327 1096 1097 583 715 79 1107 1497 1116 732 361 746 1005 1262 375 1400 
527 1034 638 1679 1553 1429 536 925 418 168 169 1662 685 1199 1457 819 54 1078 314 1468 62 576 1224 1096 204 848 1107 1364 1242 858 1116 1501 1246 608 737 1639 1513 1653 1400 
528 512 1603 1541 742 264 1322 1451 170 301 1263 656 1493 1210 
529 1155 1034 138 910 1553 274 1429 1050 672 416 291 1534 1662 810 54 182 1470 958 1346 1097 1100 719 1616 1107 1623 1628 1375 357 997 1127 748 1262 754 1400 
530 1122 1541 782 1711 
531 612 1487 1107 1429 54 633 
532 0 1 5 7 8 15 23 24 26 28 30 39 52 54 55 57 58 62 63 64 65 67 72 74 80 86 87 89 95 97 98 101 102 104 107 108 117 119 125 139 141 146 147 150 157 158 162 163 172 173 180 185 187 191 192 197 198 200 202 204 211 212 217 218 225 227 229 232 236 238 242 255 258 267 268 271 273 276 285 290 294 302 303 309 310 313 314 315 317 319 332 334 340 346 347 349 350 354 355 367 371 372 385 387 390 391 392 397 399 401 403 405 407 409 410 411 412 413 414 417 418 429 431 442 443 448 453 456 457 460 465 467 471 479 484 493 496 499 502 505 506 507 510 515 517 531 536 543 546 548 549 573 575 576 577 583 587 588 598 602 604 608 609 610 612 616 619 626 634 635 638 640 651 656 659 674 675 676 679 681 684 688 692 696 702 709 717 722 727 730 734 737 738 754 756 761 765 766 770 775 780 783 787 788 789 790 791 794 798 799 805 808 809 811 813 817 836 837 858 860 862 865 870 879 885 887 892 896 901 909 914 918 920 922 924 925 933 934 935 938 951 954 958 960 961 968 969 971 977 979 983 985 986 990 993 998 999 1004 1005 1010 1016 1022 1024 1030 1034 1037 1039 1040 1042 1049 1055 1061 1067 1073 1075 1077 1078 1079 1080 1096 1101 1106 1107 1110 1112 1116 1131 1132 1140 1145 1151 1152 1153 1154 1158 1164 1169 1177 1181 1188 1191 1199 1203 1206 1208 1221 1227 1236 1239 1241 1242 1246 1254 1258 1262 1266 1267 1272 1275 1279 1285 1288 1289 1291 1293 1299 1302 1312 1314 1322 1324 1333 1336 1337 1338 1341 1349 1351 1357 1362 1374 1380 1381 1387 1391 1399 1400 1401 1405 1407 1417 1420 1421 1423 1427 1429 1434 1435 1440 1442 1443 1444 1451 1452 1454 1457 1458 1460 1461 1468 1469 1474 1483 1485 1486 1487 1488 1489 1491 1492 1497 1500 1501 1507 1508 1512 1513 1516 1517 1522 1523 1525 1528 1534 1535 1539 1542 1543 1546 1552 1553 1555 1561 1568 1583 1588 1590 1594 1598 1613 1615 1617 1620 1624 1626 1628 1629 1631 1634 1646 1653 1662 1664 1675 1676 1677 1679 1680 1686 1694 1703 
533 1122 1541 782 1711 
534 258 1541 1034 748 1487 1263 1553 1493 
535 1122 1541 782 1711 
536 1122 1541 782 1711 
537 1539 227 163 1034 587 1040 1266 694 407 1500 
538 1664 868 1542 1323 654 1423 1264 1102 500 1204 567 
539 1122 1541 782 1711 
540 1122 1541 782 1711 1263 
541 1553 1107 1429 54 633 
542 1541 1542 1034 11 525 1040 1553 1045 1561 32 1571 549 1574 37 1064 1578 1069 1070 1591 56 62 1599 576 1086 1612 79 595 1620 1116 96 612 1637 102 105 1130 1649 630 1657 1662 641 130 1670 1671 1160 138 1675 141 656 150 669 163 1190 1191 680 689 1717 182 185 699 192 1224 718 207 209 212 725 733 1246 746 1263 241 248 764 1285 1288 1304 794 287 1322 1323 810 1326 303 1334 313 835 327 334 337 1362 1363 1364 1365 355 877 366 1400 388 394 907 1420 1423 400 402 407 1431 924 1444 1447 424 1449 1455 951 1464 954 1468 459 1485 1487 1493 481 1510 496 1520 1522 502 1530 508 1533 
543 1553 1107 1429 
544 1553 1107 1429 
545 967 1034 490 638 813 815 1040 1657 1553 1107 1429 54 407 56 1401 1397 
546 1122 1541 782 1711 
547 1122 1541 782 1711 
548 1539 1034 1419 1040 1553 1682 661 1429 923 1564 1307 1184 932 421 1189 1534 424 432 817 54 702 1219 587 1488 1107 1365 1116 609 355 109 1135 1400 
549 96 641 1092 1034 1322 107 638 1040 1553 1107 1429 54 1400 1118 1116 
550 1122 1541 782 1711 
551 514 1539 1030 9 1034 1552 1553 1556 1048 1561 28 547 549 1064 41 1584 1588 54 1591 62 1599 1087 1603 72 1097 584 587 1616 1107 598 87 1116 609 102 619 1643 627 1652 1662 638 1151 1155 1677 141 1174 1690 667 1183 674 165 170 1706 1716 1717 1204 702 1221 1225 719 725 733 1246 236 1266 271 272 277 1302 1311 805 298 811 316 317 320 833 324 334 848 1362 339 1365 1380 868 881 370 1400 380 394 1420 399 916 1429 407 921 1435 417 934 424 954 1468 1471 961 966 1485 466 480 1507 997 1511 1004 1010 498 502 504 
552 513 1 514 517 1030 1034 15 1039 1554 1555 1556 21 534 18 28 541 1054 542 1067 1588 1590 1591 1080 569 572 575 578 67 1604 583 1098 1611 1101 1114 602 1116 1632 98 102 617 108 1646 119 636 125 1662 640 133 1158 135 1675 1676 1677 141 656 1680 659 148 149 150 1175 663 1177 665 679 682 1196 173 172 1202 180 692 187 703 1215 195 707 197 198 202 204 1232 211 1241 219 1246 737 740 232 236 246 247 249 251 766 768 1285 781 271 1299 798 294 295 1322 814 316 317 1341 319 320 1346 1351 332 336 1362 1367 349 1374 867 1393 881 372 887 1400 380 895 385 901 905 909 910 403 407 410 1435 924 925 1438 413 417 1442 1443 420 933 1451 1459 1460 964 457 970 1484 461 1485 1487 1491 980 1492 471 474 993 1507 484 485 490 1525 502 505 
553 1283 779 656 400 1302 286 424 1064 1322 811 1581 1716 694 699 1599 320 835 843 1102 1487 1616 719 1107 1116 612 749 366 881 118 1400 
554 388 1540 1159 11 1548 782 1423 1297 1682 278 1559 536 281 1455 1307 925 1053 31 287 32 1318 679 1705 554 425 1580 1065 431 1199 47 434 1203 1457 1711 54 1335 952 56 443 1468 444 191 576 1220 583 968 846 592 209 1107 981 1493 1621 1369 858 1116 733 1122 356 357 612 358 744 1258 1130 1135 1393 1010 1139 884 1399 1400 1657 635 
555 227 938 1163 1036 638 848 1553 1107 1429 
556 1553 1107 1429 
557 7 11 15 19 23 28 31 32 33 34 39 41 47 52 54 56 63 64 67 72 77 80 82 86 89 94 98 99 101 102 104 105 107 117 121 130 139 141 143 145 146 149 159 160 171 172 176 178 179 185 187 188 197 198 204 208 209 214 217 221 226 229 233 241 250 255 256 258 259 261 262 267 268 271 276 277 278 287 297 305 308 310 315 317 319 332 340 349 350 356 370 372 376 377 380 387 388 399 401 407 409 410 414 416 417 419 421 425 432 436 438 448 456 463 464 465 471 478 484 486 487 496 498 502 504 508 517 518 520 521 522 534 536 539 540 544 548 566 573 575 576 579 584 585 587 588 590 591 592 602 606 607 612 613 618 624 627 628 630 636 638 647 651 652 657 662 663 667 675 676 681 694 701 702 713 717 721 725 731 744 748 754 757 770 772 775 780 782 783 787 789 790 791 797 802 808 809 813 815 825 837 839 840 844 855 856 858 865 873 878 879 884 892 897 898 900 909 916 918 919 921 922 925 930 932 934 935 938 951 953 958 960 961 963 968 971 973 977 978 981 986 987 993 994 995 997 999 1003 1004 1005 1010 1011 1018 1029 1030 1033 1034 1037 1039 1040 1041 1047 1049 1051 1055 1059 1063 1072 1073 1079 1080 1091 1096 1098 1100 1101 1107 1115 1116 1122 1127 1129 1130 1135 1137 1140 1142 1144 1145 1149 1157 1158 1162 1164 1170 1173 1174 1184 1185 1187 1191 1199 1200 1203 1206 1217 1219 1220 1221 1225 1227 1230 1246 1259 1260 1261 1263 1266 1269 1272 1280 1282 1287 1288 1289 1297 1307 1309 1314 1318 1320 1322 1324 1329 1333 1335 1341 1343 1345 1347 1349 1351 1357 1360 1362 1367 1368 1369 1375 1376 1378 1381 1390 1393 1394 1395 1399 1400 1401 1412 1419 1426 1429 1430 1434 1440 1442 1444 1447 1451 1453 1454 1455 1457 1458 1460 1463 1475 1481 1483 1485 1493 1500 1501 1513 1516 1521 1522 1523 1525 1530 1534 1537 1539 1541 1553 1559 1563 1564 1567 1570 1571 1572 1575 1577 1589 1590 1594 1595 1601 1603 1604 1607 1609 1611 1615 1618 1624 1625 1635 1637 1640 1644 1646 1647 1652 1657 1662 1671 1674 1676 1677 1685 1689 1691 1701 1703 1705 1709 1710 1711 
558 1122 835 612 1541 782 1711 1263 1487 
559 549 313 167 1006 1646 1299 
560 612 1487 1107 54 
561 835 612 585 748 1100 1487 
562 835 612 1127 748 1487 656 1107 
563 1122 1541 523 782 1263 656 1711 1493 
564 1122 1541 782 1711 
565 1553 1107 1429 
566 1026 517 1039 1040 1553 19 533 534 1559 24 1561 1023 1564 1053 32 1059 1573 549 1073 1075 1588 1589 54 1591 1084 575 64 577 1602 578 69 1607 72 585 1100 592 1105 1106 1107 1116 102 1127 616 1643 1132 1645 110 624 1653 1658 1147 124 636 638 1149 1158 1161 656 146 1683 1684 148 662 1183 1698 675 1701 167 172 690 1204 1217 1219 1221 198 204 208 209 733 1246 737 231 748 1262 246 253 255 768 278 287 293 809 1324 813 302 313 1341 834 836 840 841 334 1362 1365 349 1373 1376 359 878 1393 1394 372 884 1399 1400 892 1407 1420 909 1429 406 1430 407 920 1434 922 414 419 1444 425 938 1451 1455 951 954 444 1468 1477 461 1485 977 1491 980 993 484 997 1003 1004 496 1009 502 
567 1024 258 1160 1034 272 1040 146 1302 278 1048 1559 414 287 32 1185 1444 1064 424 1322 811 172 425 1198 1455 436 1591 55 185 442 1209 574 192 448 709 968 1481 1487 592 977 209 1365 343 983 857 858 496 754 884 1399 
568 388 11 882 56 
569 1280 612 549 772 638 1356 1102 1553 1107 1429 54 1591 888 633 699 
570 1155 1034 638 15 1040 1553 1429 667 163 1717 54 951 1079 958 1097 80 1107 725 1116 1395 
571 1122 1541 782 1711 
572 1 1034 1036 1040 1553 1554 1045 1048 536 24 1563 1053 1570 549 1064 1578 1070 558 1073 1075 564 54 1591 55 1086 64 577 1092 1096 79 1107 1116 604 1128 124 1662 1151 638 144 1682 1693 669 671 672 1185 172 1199 688 690 1716 1209 192 1224 729 737 227 246 258 775 784 274 277 1302 285 1310 291 1322 811 813 1326 820 310 313 833 835 1353 334 857 1373 865 1400 907 910 402 1429 407 1431 920 1444 422 934 935 1451 939 1457 436 951 954 444 1471 448 961 453 455 1481 1487 1490 472 475 496 1520 1012 1528 
573 1026 1539 1018 1029 1034 15 1553 1043 1559 1567 1571 549 1575 1064 1065 1581 54 1591 1079 1078 55 59 575 579 1092 70 1607 1096 587 1612 1101 592 1618 1107 1621 1623 87 1114 1116 608 609 1637 105 1649 1137 117 630 635 1662 638 1160 1676 141 1679 656 657 658 1682 146 1685 662 1173 1177 155 1183 1184 674 1189 680 1199 689 690 1717 702 191 1224 1228 204 718 721 217 1242 1246 737 1258 236 1262 1264 241 1266 258 262 775 1295 787 277 278 1303 1313 294 1322 813 302 305 828 829 833 848 1362 1365 857 355 872 873 1394 1395 884 1399 1400 1401 910 916 1429 407 923 925 414 418 930 1444 421 933 425 1463 443 1471 448 1475 1486 471 474 1501 1513 496 1530 
574 1284 1028 138 781 1553 785 1311 1322 810 812 560 182 702 62 320 333 1107 858 1116 612 
575 1285 1029 1158 1034 638 909 1679 783 1553 1169 1171 1429 789 279 1432 1564 1053 418 1189 808 938 298 172 1322 1324 54 1591 1078 954 1341 702 447 575 1219 198 1224 1482 970 204 334 1487 1615 1105 1362 1107 1235 218 1242 474 1501 1246 221 608 993 226 355 612 1255 1640 1005 1649 1266 1651 1267 1011 630 502 1400 1401 1010 
576 489 1487 656 1400 699 
577 1122 835 612 1541 782 1711 1263 1487 
578 672 1578 907 1548 15 79 688 882 1173 1116 
579 1122 388 11 782 1711 1493 
580 1122 1541 782 1263 
581 1122 1541 782 1711 
582 1122 835 612 1541 782 1263 1487 1711 
583 1122 1541 782 1711 
584 549 1553 1107 958 1429 54 
585 1553 1107 1429 
586 1553 1107 1429 54 
587 1122 1541 782 1711 
588 1160 1640 526 
589 612 388 11 1107 
590 1539 517 1030 1034 11 15 1040 1552 1553 26 1564 28 32 1059 1065 1073 54 1591 1590 56 1079 566 575 1603 72 1611 587 79 1107 1621 1110 1623 87 1116 604 609 98 612 102 616 1132 1657 635 638 1662 1158 650 143 656 145 1682 1684 161 673 675 674 681 172 685 1710 690 1717 1206 185 191 192 197 1221 198 713 210 725 727 218 1250 1258 236 237 1262 239 1264 246 249 250 1288 277 287 808 809 813 306 1336 317 1341 835 1349 1354 846 848 1362 349 1373 865 355 360 1399 1400 380 1411 388 909 1429 923 928 1442 1444 936 937 1450 1451 431 1455 951 952 443 453 968 461 1485 1487 977 987 993 997 490 1005 495 1521 1010 502 
591 641 1539 1541 1034 638 1677 141 782 656 1553 1555 1299 1429 150 1431 1064 1662 1322 1451 1711 692 54 440 954 570 1471 835 457 587 1102 1487 79 335 334 1107 1493 343 1116 1122 1507 612 1646 1263 368 1400 125 
592 1553 1107 1429 
593 388 1030 775 1034 11 1553 1429 1432 1691 540 1307 1571 932 1534 808 1705 554 1451 47 1717 54 1335 56 702 1220 197 1107 1235 725 1369 986 1116 1119 355 612 743 105 1259 1006 1135 241 1010 1011 1651 630 1400 1657 
594 1122 1541 782 1711 
595 1122 1541 782 1711 
596 835 612 748 
597 1122 612 1541 782 1711 1263 1107 1493 
598 1553 1107 1429 54 
599 0 1 8 15 22 30 32 52 54 55 57 63 67 72 79 80 89 97 101 105 107 117 120 139 146 173 174 185 189 192 197 198 204 206 209 210 212 218 221 229 239 241 244 249 250 258 271 273 274 278 279 282 286 287 290 298 303 305 306 310 317 340 349 350 354 355 360 371 372 387 390 397 399 401 405 406 409 410 413 414 418 425 429 432 436 444 447 448 474 479 487 490 495 496 499 502 505 507 517 527 529 536 543 548 551 568 569 573 575 576 581 587 592 609 612 614 616 626 630 638 645 656 659 662 675 676 678 679 681 683 685 687 690 696 708 717 718 725 730 737 756 761 766 771 772 775 777 787 789 791 794 799 808 811 822 836 848 856 857 858 859 862 868 873 884 885 890 896 909 910 914 916 917 918 922 925 933 934 938 951 960 961 969 977 980 985 993 999 1005 1010 1011 1015 1021 1022 1026 1030 1037 1040 1042 1046 1048 1053 1059 1067 1073 1077 1078 1079 1080 1082 1096 1101 1105 1106 1107 1112 1116 1143 1145 1151 1153 1158 1159 1169 1170 1171 1181 1183 1185 1188 1199 1206 1209 1215 1217 1221 1224 1229 1232 1239 1242 1246 1247 1254 1255 1256 1262 1266 1268 1272 1277 1279 1280 1285 1289 1302 1311 1312 1313 1314 1320 1322 1333 1337 1341 1343 1349 1351 1354 1357 1362 1366 1374 1381 1393 1399 1400 1401 1405 1417 1418 1420 1421 1423 1428 1429 1435 1443 1444 1450 1451 1454 1455 1457 1458 1468 1469 1481 1482 1483 1489 1497 1501 1507 1508 1513 1525 1528 1530 1534 1535 1539 1542 1550 1553 1554 1557 1559 1560 1561 1568 1570 1571 1588 1590 1591 1594 1607 1613 1620 1624 1629 1632 1636 1637 1649 1653 1677 1679 1683 1686 1693 1703 
600 835 612 1030 1662 638 1487 656 1553 1107 372 1429 54 1400 1118 
601 612 1487 1107 54 
602 898 391 1033 1034 1289 638 525 1040 1553 148 917 277 1429 408 539 668 540 1054 547 548 1188 1534 676 172 813 1198 1581 1071 50 1588 54 1591 951 185 1339 62 191 576 450 1349 589 592 80 1362 1107 858 1628 1373 1246 1504 737 754 1400 253 
603 0 8 11 15 28 54 56 57 58 65 67 72 79 87 94 98 102 104 109 124 125 139 141 143 144 146 147 157 164 167 169 172 173 175 185 189 192 197 198 208 210 212 218 225 226 229 232 236 238 246 251 255 258 269 271 272 273 274 277 290 298 302 306 310 313 315 317 334 339 340 343 346 349 358 366 367 371 372 375 386 388 390 392 399 400 407 410 411 412 413 414 421 424 429 430 431 434 441 444 448 453 465 479 481 495 496 502 503 505 510 511 514 517 536 542 549 553 555 561 575 576 581 583 587 588 590 592 602 609 610 612 614 616 619 630 636 638 645 653 656 658 662 669 672 674 675 678 679 681 682 685 688 698 699 702 709 713 722 737 748 749 762 766 768 770 777 780 783 789 790 791 808 811 813 816 836 847 848 858 861 862 865 877 890 892 900 904 907 909 912 922 924 925 926 929 938 947 951 954 964 968 969 971 977 978 980 986 987 988 993 997 1004 1005 1006 1010 1018 1022 1029 1030 1034 1040 1042 1048 1049 1053 1054 1059 1061 1064 1067 1073 1074 1077 1079 1086 1092 1096 1105 1106 1107 1108 1116 1119 1128 1129 1131 1132 1139 1140 1143 1151 1158 1160 1181 1183 1184 1187 1199 1206 1207 1211 1216 1219 1221 1224 1228 1236 1246 1254 1260 1262 1266 1268 1285 1291 1295 1302 1309 1311 1312 1314 1320 1322 1324 1338 1341 1349 1362 1373 1374 1377 1381 1383 1391 1393 1399 1400 1405 1407 1417 1420 1424 1429 1434 1435 1436 1439 1442 1444 1447 1451 1457 1461 1465 1469 1475 1485 1486 1487 1488 1491 1497 1503 1508 1512 1513 1517 1526 1533 1534 1535 1539 1540 1548 1549 1551 1553 1561 1564 1568 1570 1574 1578 1581 1588 1591 1592 1607 1609 1611 1615 1617 1621 1628 1629 1632 1634 1637 1657 1662 1670 1675 1677 1682 1686 1688 1691 1693 1699 1702 1706 1708 1714 
604 0 8 11 26 30 32 37 42 52 54 56 58 63 68 72 78 82 86 87 89 91 100 101 105 110 117 145 157 163 172 173 185 187 188 192 197 198 207 208 209 212 217 218 225 229 231 232 236 241 255 258 269 271 272 273 274 277 279 281 287 305 306 308 310 315 317 319 334 339 340 350 355 358 372 373 379 388 390 397 399 401 409 410 413 417 419 421 434 436 448 453 459 472 478 479 487 495 496 502 505 517 519 527 536 540 541 546 549 568 573 575 576 583 587 592 607 609 612 614 626 630 633 638 639 652 656 659 662 665 667 672 674 675 679 680 681 682 690 694 699 701 702 710 713 718 725 727 729 754 756 757 766 771 772 777 780 782 783 787 789 791 808 811 813 815 816 835 836 848 850 858 862 872 873 878 881 885 892 898 909 910 917 922 925 929 934 935 936 938 939 949 951 954 961 967 968 971 977 985 988 993 999 1003 1005 1010 1018 1020 1024 1030 1034 1037 1040 1042 1048 1054 1059 1072 1073 1077 1080 1096 1098 1101 1104 1105 1107 1112 1116 1122 1130 1131 1139 1151 1153 1158 1159 1160 1169 1171 1181 1184 1185 1189 1199 1201 1206 1215 1217 1219 1220 1221 1224 1227 1228 1243 1246 1250 1255 1256 1260 1262 1263 1266 1267 1272 1279 1280 1285 1288 1295 1302 1310 1320 1322 1324 1331 1337 1338 1341 1342 1343 1349 1350 1351 1357 1362 1372 1374 1381 1386 1393 1397 1400 1406 1407 1411 1429 1434 1444 1451 1454 1455 1457 1460 1468 1477 1481 1487 1488 1490 1493 1497 1501 1507 1512 1513 1517 1521 1525 1530 1534 1535 1539 1540 1541 1543 1550 1551 1552 1553 1554 1555 1564 1567 1568 1570 1571 1574 1575 1591 1594 1611 1615 1632 1653 1657 1658 1662 1677 1686 1688 1694 
605 1122 835 612 1541 782 1711 1263 1487 
606 1553 1107 1429 
607 1122 1541 782 1263 
608 579 835 1155 612 775 1542 1097 1487 1423 983 1107 213 1655 1272 1050 
609 1122 1541 782 1711 
610 1122 1541 782 1711 
611 1122 835 612 1541 782 1711 1487 1263 
612 1541 782 910 656 150 1064 301 1711 1204 1717 1591 1599 835 1487 977 1107 1493 1116 1122 612 742 1263 
613 1122 1541 782 1263 
614 1122 1541 782 1711 
615 1122 1541 1160 782 1263 656 1711 83 1493 
616 1122 1541 782 1711 1263 
617 1553 1107 1429 
618 1122 1541 782 1711 
619 514 1029 1541 1542 1034 11 15 528 1040 1553 1045 1050 542 543 545 548 549 1573 1064 1066 45 1070 54 55 56 1601 70 1607 584 1097 79 1616 80 595 1107 598 1625 1628 1116 1119 1122 612 1637 102 1641 1137 1657 633 638 639 1155 1157 138 141 1166 656 146 1173 150 1174 1182 670 1185 676 1702 685 1711 182 1209 704 706 1220 1223 1225 719 210 1239 1248 228 744 746 747 748 237 1262 1263 1266 248 258 262 1288 1289 782 1296 1297 790 1318 810 812 813 815 305 312 314 828 835 326 327 839 334 857 861 868 357 359 1387 883 1397 1399 1400 1403 382 388 1421 1423 1426 917 1429 407 405 412 925 414 1444 424 942 943 435 436 951 954 958 1470 448 967 1481 1485 1486 1487 464 1493 981 504 489 496 1528 
620 1539 138 656 1302 1064 810 811 170 1204 182 835 1224 587 206 1487 1107 1116 612 868 
621 641 1122 835 612 1541 782 1487 1263 1711 
622 1024 641 1155 1542 775 1034 1423 1040 536 1444 549 813 1710 1199 305 1717 54 1599 835 1097 1487 1616 719 1107 1116 612 1395 1399 
623 1534 1553 1107 1429 
624 835 612 1487 1107 
625 641 1539 1156 1541 1029 1542 3 1034 906 394 141 1420 1423 656 144 784 1679 1553 278 1559 150 1561 925 418 1064 425 1322 1451 1070 1203 1204 1078 1591 1594 1468 702 1343 320 1599 706 1603 835 587 1612 76 204 1487 592 1234 1107 1493 1365 1016 1242 1116 733 1246 1501 608 612 868 614 505 1263 1266 242 884 1400 1401 507 
626 835 1096 1199 1457 
627 736 366 1678 400 404 
628 1539 1155 1541 1283 1032 526 656 1169 1040 147 1556 37 424 1322 1662 1323 170 1204 1717 951 954 62 1471 322 579 1097 459 587 334 848 1493 725 1624 1116 1628 997 1263 1399 1400 
629 1541 1534 1706 1591 951 1471 835 195 1487 1107 1493 1116 1628 612 237 1263 881 1400 892 
630 513 1527 3 517 1030 1029 521 1546 523 1548 11 1550 15 528 1553 1040 529 20 1045 532 22 536 1051 28 1053 1566 544 32 39 42 45 1069 559 1070 1073 1072 1588 54 1079 56 1601 1602 67 1603 1091 583 1096 1097 1607 77 1617 82 1107 596 1621 1110 1624 1625 1627 1116 605 1628 610 612 1637 616 104 1129 107 1132 618 1649 1137 1140 1653 1657 1145 123 124 637 1662 638 639 633 121 1155 643 1157 1670 636 131 649 1674 141 656 1169 145 1171 1684 1683 662 147 1176 1170 146 1691 1173 1693 1181 1183 672 1184 162 675 163 1189 678 1191 1192 171 1199 1204 1716 1717 180 185 702 703 704 1220 197 708 710 200 1224 1227 209 210 1234 1236 1237 214 725 211 1241 220 733 1246 1244 738 227 1251 1252 1255 1256 1257 746 237 1262 1268 246 769 1284 262 264 780 783 784 1298 274 790 279 285 1309 1311 287 798 294 1322 1324 813 816 1333 310 822 312 317 830 319 322 835 834 837 327 839 333 850 1364 1365 340 856 1371 349 1380 868 359 360 1386 878 367 1399 376 1401 890 379 377 1403 385 898 387 388 390 1415 392 908 1426 403 916 1429 406 1434 925 414 932 421 937 1450 941 1455 944 1457 1458 949 950 951 442 443 444 1468 448 966 968 1482 460 1487 464 977 981 982 983 984 471 474 1500 1505 486 1513 1516 1005 1006 494 492 1010 1522 1015 1018 507 1020 
631 612 1041 1107 
632 1122 1541 782 1711 
633 938 1034 172 638 394 1420 1553 1107 1204 1429 54 1400 1561 
634 1539 16 1556 1048 1560 1564 1053 1059 1062 1064 565 54 575 576 1091 1607 587 1104 1105 1106 83 595 1621 1107 1617 1116 605 612 102 107 1644 1140 1653 629 120 1145 124 1662 1151 1156 1158 1160 1677 141 656 145 1170 146 1683 1693 671 1695 162 163 690 1204 1716 1219 198 200 718 206 210 1236 733 1246 734 736 1250 255 774 784 1301 1302 285 287 1320 1322 811 1333 311 1339 316 1341 322 835 328 335 1362 1399 1400 1401 1403 1406 1411 387 909 406 408 414 424 936 944 1458 949 1468 444 447 1473 968 1482 461 1485 1487 1496 1500 993 486 490 1010 502 1015 1531 
635 1637 531 1204 1364 1591 1400 1465 
636 612 1566 1107 
637 1281 1410 1027 1029 519 1416 523 399 1553 404 795 797 1566 1311 288 1699 295 807 1662 561 49 945 1462 1336 1465 699 447 1471 1476 1221 712 331 1102 208 1233 466 1362 979 1365 1366 215 984 1107 1234 1501 1246 1631 222 612 869 613 1640 1129 1000 1259 876 879 1008 752 114 1267 111 1399 1400 
638 1668 1542 1419 140 1423 1045 536 287 32 302 1199 431 1457 1455 835 1096 1482 1357 1487 209 1107 1375 612 1127 103 748 1015 
639 1122 1541 782 1711 
640 1122 1541 782 1711 
641 1539 1034 523 1038 1551 1040 1553 529 531 1556 17 22 1560 1050 1054 32 549 1064 50 563 1588 565 54 1591 571 576 1090 72 587 78 1106 1107 597 1116 1628 616 107 1649 629 630 120 1145 638 1151 1664 641 127 1160 656 147 662 667 668 157 158 1695 672 1184 162 163 670 678 170 1708 1198 1715 1204 185 192 709 712 1228 718 209 728 1246 736 225 1250 226 1262 1268 246 1274 767 255 784 1302 287 1322 811 813 1331 1333 313 1339 316 317 1342 841 334 1363 343 857 858 347 349 357 1399 1400 890 1411 387 1429 917 408 925 421 936 424 1451 1455 433 1458 951 954 1470 1471 453 455 1485 1487 1500 1021 
642 261 262 910 15 1295 1553 1428 1557 148 407 1050 1309 287 1183 802 675 1442 549 1574 171 1073 1329 1591 696 1335 1470 1218 1346 196 194 203 718 465 1369 97 1384 1003 1137 377 
643 258 260 1289 1034 910 1040 1553 147 1429 1174 925 1184 1185 1059 548 421 676 549 1324 690 436 694 54 1081 1346 1219 584 1481 1225 1612 592 80 1107 1628 1116 732 350 1120 613 1127 1641 1130 1003 1262 1395 504 1401 
644 1122 1541 782 1711 
645 9 1552 1553 1429 1176 926 291 549 302 176 54 955 833 66 585 1487 1107 345 473 
646 1444 1161 638 1612 79 1553 951 1107 1429 54 407 
647 1122 1541 1069 782 1263 656 1711 1493 
648 1027 7 1043 1556 1558 1566 543 547 37 44 1069 46 1070 1597 1598 1603 581 1607 1102 1107 1116 606 612 1639 114 1656 1664 136 1681 146 660 152 154 1180 1692 166 168 169 172 1201 1204 1205 1246 736 738 226 745 1264 755 1271 1285 1294 787 792 280 1308 286 289 1322 820 1334 1344 842 331 1356 335 1362 851 861 864 1379 1382 1385 1399 1400 891 382 1413 394 913 411 1437 414 938 1456 440 1465 957 1471 447 1505 482 
649 355 835 612 1034 1322 1487 1040 1553 1107 
650 1152 1030 139 780 789 546 934 808 681 1451 961 1349 1101 343 217 1116 610 229 1005 1010 
651 641 1122 835 612 1541 782 1711 1487 1263 1107 
652 1536 517 1034 11 1551 1552 1553 15 1561 1571 549 550 1574 1064 1067 564 54 1591 56 1078 574 579 1607 72 1609 1100 79 1104 1106 83 1619 85 1107 1624 1116 605 612 1637 102 1127 1128 105 1126 1132 630 1657 638 127 1160 1677 1679 656 146 157 672 675 1187 1699 680 172 1709 685 690 1717 185 697 188 702 703 192 1218 195 712 204 718 725 1242 1246 737 748 237 1262 241 754 1266 255 1288 268 1295 277 285 1309 287 294 809 302 815 1331 309 310 1336 313 314 315 833 338 1373 1375 1377 359 360 878 1391 1394 1399 1400 377 1401 892 388 1420 1429 1434 925 414 926 416 418 934 1450 1461 438 951 447 961 453 460 461 1485 463 977 1494 1497 1501 1004 1530 
653 719 1616 1553 1107 1429 54 
654 641 1666 388 1034 781 913 919 797 547 166 1323 178 1464 581 1487 1360 1107 986 1116 612 
655 1553 1556 148 150 407 925 1444 173 1717 185 702 453 709 968 1107 725 1497 1116 612 237 
656 1122 1541 782 1711 
657 641 1539 777 1034 531 148 532 407 1444 1445 294 1324 1708 1070 1204 1205 54 567 440 185 1465 830 709 1224 587 1228 207 335 1362 1107 1116 732 737 870 105 107 372 630 
658 1541 1034 719 1616 1487 1263 1553 
659 388 1541 779 146 414 549 167 684 307 313 1340 1213 1607 843 1493 1502 1518 1263 
660 612 1107 54 
661 1537 2 1029 1030 7 1542 521 11 1548 15 1040 1553 532 1045 20 1044 536 1561 1556 26 1053 1054 543 32 1566 549 1574 1064 1577 1580 1070 560 1073 1588 54 1591 568 56 1082 1079 1078 55 62 579 1607 72 585 1096 79 1106 83 596 1107 86 1618 604 1116 608 1632 612 102 1127 1128 1129 616 1126 1649 1657 633 124 1662 1151 638 640 639 131 1668 1664 1161 1162 1163 1675 1677 651 1679 656 1169 146 1172 1685 150 1176 1691 668 1183 159 1185 671 680 1193 172 685 174 1199 176 1200 1196 1709 1204 1197 1206 185 188 702 1224 204 1229 718 1230 206 209 210 211 727 1241 1242 1246 225 737 227 226 741 748 1261 1262 239 244 246 249 1277 775 268 1295 272 276 1302 791 1308 1310 287 800 798 293 294 805 809 1322 811 1325 302 813 1330 316 830 324 1354 1364 1365 343 349 350 351 1375 353 865 1373 870 359 360 363 878 370 1399 1400 377 889 1401 896 385 898 1412 388 905 906 1419 1418 1420 1423 399 403 917 1429 1434 924 925 926 927 414 930 418 1442 420 933 1443 1448 935 1450 1455 1457 436 951 441 444 968 1481 1485 973 465 1490 1491 1497 474 1501 481 1507 1513 1004 1005 494 1519 1007 497 1010 1016 1018 507 
662 1155 523 656 1553 1301 150 1429 1183 54 579 835 1097 1487 335 1107 1116 612 1400 
663 835 612 1487 1553 1107 1429 
664 1122 1541 782 1711 
665 1122 1541 782 1711 
666 835 612 1487 1107 
667 1122 1541 782 1711 
668 673 612 1107 
669 1122 1541 782 1711 
670 1537 1541 11 15 1553 1556 1578 1078 54 56 55 65 1601 1097 79 1616 1107 1625 612 1637 1128 1129 109 1137 1650 633 1657 638 639 1155 1157 1161 1679 656 1171 1173 669 159 671 1185 1200 1203 1209 189 703 1230 719 1242 1251 1255 746 1261 1263 1270 258 262 268 783 279 294 295 822 327 839 856 857 357 1384 380 388 907 1426 1429 925 1440 1444 436 958 448 1481 1482 973 1487 464 1493 489 494 1007 496 1015 
671 1122 1379 1541 782 1263 1711 335 
672 512 1664 772 1029 1541 1160 782 656 530 404 1307 1064 1576 1451 685 815 1711 943 567 314 320 967 1487 1493 989 1377 1122 1135 623 1263 1266 1013 1397 
673 1122 388 11 782 1711 1493 56 
674 1541 1263 656 
675 96 641 835 612 
676 643 1548 401 917 1301 284 1444 302 55 318 1603 327 1612 720 85 1624 1626 359 746 1132 882 1399 
677 835 965 1037 366 346 400 334 1454 1716 1400 
678 513 1036 1552 1046 1047 536 1023 1057 549 1064 568 60 579 70 585 1100 1614 1616 1125 1127 123 1668 134 140 167 1199 180 1717 1213 703 199 719 725 1244 1245 1246 224 748 754 757 252 1278 1282 779 1295 1301 790 1305 291 294 302 1329 313 1340 833 843 1357 1368 345 1373 1375 868 1380 886 407 412 925 926 927 416 1442 937 951 441 965 460 1486 467 1497 1502 999 1518 507 1529 
679 1541 1487 656 
680 1537 1539 1027 1040 531 28 1069 1070 1073 50 1588 54 1591 567 62 576 579 67 1603 1607 587 79 1104 595 1107 1116 93 605 98 612 1639 104 1132 1136 631 1664 1160 653 1677 144 146 660 662 155 1691 671 672 1183 1184 159 1189 680 685 1712 689 1204 1205 699 204 720 1234 743 1260 237 1262 1261 1264 1285 263 1290 787 286 813 1330 309 314 1339 827 1342 322 859 1385 877 370 1399 1400 916 917 1431 408 1434 414 1444 421 1461 949 951 440 1465 455 968 973 1491 980 474 475 1504 494 
681 843 779 1295 1340 
682 32 420 549 1190 72 1196 1455 177 690 209 1362 1204 54 1400 665 
683 1539 422 199 587 592 1040 1116 
684 2 131 779 1176 926 1313 302 176 307 1340 1213 62 843 79 596 1502 1375 1127 748 1518 
685 382 1502 294 743 1662 779 656 1266 1340 253 
686 1122 612 1541 782 1711 1263 
687 1026 517 7 1528 521 1549 1553 1559 536 26 1564 1053 30 32 1578 1073 54 1591 55 566 1078 1595 574 576 1607 1096 79 592 1107 1624 1116 608 1632 1634 612 1653 633 1662 638 1160 1679 662 152 157 158 1183 669 1185 1184 1699 1187 675 1189 171 172 1199 688 690 185 1209 697 1213 192 197 712 715 203 204 718 209 725 727 1242 225 1262 1278 258 1288 278 1310 287 1324 302 305 307 823 841 843 340 857 858 873 1393 1395 371 372 884 1399 377 1401 382 1417 907 1429 412 925 414 418 1444 421 425 1451 1455 1457 946 436 951 956 1469 444 1468 448 453 969 1481 977 1490 1497 1501 1508 1513 490 1518 496 1521 1016 506 
688 1502 775 779 843 1340 
689 779 843 1278 1340 
690 517 1030 1543 1037 1038 1553 1555 1556 1561 546 1061 1581 1590 573 1599 63 1603 582 583 72 1107 1116 98 610 612 1640 1129 1131 120 1144 636 1662 1664 1152 139 651 1686 169 681 682 172 173 1204 1215 207 729 218 217 1246 741 756 1279 780 789 293 808 1322 1324 310 315 316 317 1342 1349 842 334 1362 865 367 885 1399 1400 891 380 392 1420 910 399 413 1454 1464 441 954 1488 977 471 487 1517 
691 1502 1034 843 1518 1295 526 910 307 1400 
692 1539 3 1542 523 1553 1555 1556 1561 1054 1064 54 1599 587 1107 1622 1116 96 98 612 1129 1646 1649 1651 638 1664 641 134 141 1678 656 1168 149 150 1179 170 172 1717 702 1224 1228 207 1234 1235 725 215 1246 737 1266 1293 787 1301 286 1322 1323 849 1364 1400 891 898 904 394 1420 1423 1429 1431 1432 417 440 1465 1471 447 965 977 979 471 
693 1502 779 843 307 1147 
694 1089 1604 1646 
695 1155 1029 1158 1161 1548 909 656 146 1301 1566 414 1064 1662 1325 814 1070 688 1712 1204 1591 954 1467 188 1341 702 447 1598 575 1603 198 1607 1097 334 719 720 1616 1362 83 595 1365 848 1624 93 480 993 864 232 1129 625 1266 115 502 
696 1122 1541 782 1711 
697 335 1278 826 
698 742 1064 301 
699 1400 965 1542 134 585 170 748 76 15 1423 210 1364 248 
700 0 1539 1029 1542 11 523 16 1555 1556 1559 1049 27 28 1054 1566 1568 1064 554 1588 54 1591 56 1081 1078 55 579 72 1096 587 588 1102 79 592 1106 595 1107 1622 1624 1626 602 1116 1119 608 612 102 616 1646 1649 1657 633 634 125 638 639 1662 1151 640 1159 1160 140 141 1676 1679 656 144 658 1682 150 669 1185 682 1199 1712 1204 1717 692 1209 699 703 711 1224 1225 200 204 206 725 1242 1246 222 752 1266 255 258 781 271 1295 1299 1302 795 294 811 309 310 311 317 834 1349 1351 857 858 349 862 1378 868 1381 884 1399 1400 1401 380 896 388 904 910 399 1423 1429 412 925 413 418 1443 1444 933 425 436 952 1471 448 968 1481 457 1484 1485 1487 976 1491 1497 474 1500 1501 480 1507 1510 496 1525 
701 549 843 1518 307 
702 1024 2 1539 1541 1037 16 1553 532 1045 536 32 1059 547 1573 37 1062 1064 1571 1580 1071 559 564 1078 571 573 1599 581 70 1607 587 1100 78 1106 1107 596 1624 93 1122 612 105 1132 1652 118 630 1147 124 1662 1151 131 134 1160 1161 1679 656 144 146 150 1176 672 163 680 1706 1199 176 1711 1202 1714 1716 1717 690 185 1211 1213 192 199 1224 718 206 209 725 726 1242 737 742 748 1262 1263 241 1266 1272 248 762 763 1278 255 767 777 779 781 782 1296 277 1302 287 292 294 1322 811 301 302 1331 311 1340 830 320 835 1350 843 334 1359 848 1365 343 1368 858 366 372 1399 1400 889 387 400 407 1436 926 1439 414 423 424 1454 1455 954 965 453 1485 1486 1487 1493 988 1504 1510 1002 1524 
703 1553 1107 958 1429 54 
704 1155 1470 997 1097 638 781 719 1616 1553 1107 1429 54 1400 1050 92 
705 1538 1539 1542 11 531 1556 1048 1561 27 1054 1064 560 563 1591 56 1593 1599 575 1090 70 587 1102 79 1105 1617 595 83 597 1116 93 96 1121 1122 102 1128 1129 1132 1651 631 1657 1151 1158 134 1160 1161 649 656 144 658 148 666 155 670 680 1706 172 685 1711 689 1714 1204 1716 1717 185 1211 702 706 198 1228 718 1234 1235 1236 725 728 1246 737 742 1262 1266 1273 1274 762 263 782 272 784 1302 1303 1311 804 296 1322 811 1325 301 820 309 314 827 1341 832 326 334 1362 1365 1368 858 1377 1383 366 880 881 1398 1400 386 388 903 1415 906 1420 909 1423 400 1424 1431 407 1432 1436 926 1439 424 938 1451 433 946 947 440 954 1471 447 965 1485 1486 1493 1497 474 475 993 1012 502 
706 1024 1671 1322 1034 508 815 1487 1717 214 
707 1034 523 1036 531 1045 1559 1561 1050 1053 1056 549 1574 50 1587 564 1591 61 62 1598 576 575 1607 72 1097 586 1609 73 1616 592 593 1105 1623 1116 1628 1128 1129 616 1641 620 1653 1144 1147 124 1155 1156 1158 1160 648 1163 655 146 1683 147 1693 1183 1184 164 1196 1708 1198 1716 694 704 707 709 198 711 712 719 214 726 728 733 1246 737 1264 752 246 260 263 777 277 278 797 288 1313 803 293 809 298 1329 305 1336 313 1339 1341 320 847 848 1362 851 855 349 1373 1380 868 871 363 1395 372 884 1399 1402 1405 383 908 909 1420 917 406 408 1433 922 411 414 421 425 938 1451 1465 955 444 1468 1470 1474 977 471 1498 993 1519 497 
708 1553 1107 1429 
709 1122 835 612 1541 105 782 1487 656 241 951 1263 1711 1493 630 1591 
710 64 577 835 612 549 813 1006 1005 1040 951 1487 1107 308 1075 214 599 
711 706 1122 1541 440 1662 526 1263 782 1711 1493 
712 899 1285 6 526 1553 1429 166 1064 948 54 1471 1356 719 1616 1107 222 1400 
713 835 868 612 1662 810 748 138 1487 656 1199 182 536 
714 1553 1107 1429 
715 835 612 719 1616 656 
716 1026 514 1030 1034 15 528 527 16 1040 529 22 1559 1047 1054 542 32 1064 553 1073 1588 565 54 55 1591 575 579 592 1105 595 1107 1624 1116 93 1628 1631 1120 605 612 118 631 633 1662 127 1151 641 638 1670 1158 1160 1677 656 1682 147 150 668 157 1183 672 1185 1184 675 172 685 1712 690 1204 185 192 1220 197 198 1224 718 206 209 1246 227 1262 1266 1276 255 258 260 1288 784 1302 278 1306 1309 1310 287 1313 1322 811 1324 813 302 816 305 1330 311 314 1341 1349 326 334 848 1362 340 858 1371 355 1381 873 878 367 880 1395 884 1399 1400 1401 1409 902 904 392 909 399 913 916 1429 407 1431 925 1444 421 935 425 1450 1451 938 1455 432 431 436 949 951 952 954 1467 448 453 968 1481 1487 977 1490 1497 474 475 993 490 491 1521 502 1018 1021 
717 521 1040 146 1560 670 287 32 414 1059 163 172 813 1455 690 1591 951 1468 316 62 1607 328 1608 209 1106 338 1621 1496 1624 1500 733 101 107 1136 630 
718 129 1030 775 904 528 1553 662 1691 925 413 938 1324 813 687 305 51 1079 185 1468 1213 702 574 710 971 1612 1487 986 1116 1628 733 221 496 1011 757 
719 748 1553 1107 1429 54 1400 
720 1034 719 656 1616 1400 474 
721 512 1 513 4 517 1030 7 1542 1548 1552 1553 1555 1556 1045 1022 1559 536 1053 32 1569 1058 549 1067 1579 1582 1070 52 1078 1591 55 57 1082 1596 60 572 63 576 67 579 1607 72 1096 1613 592 1626 1116 1629 95 608 1637 1638 101 1125 616 1646 631 124 1661 1662 1150 1664 129 640 1667 1153 125 1663 651 140 1676 1679 656 146 1171 150 1177 1181 1185 1703 1192 1707 172 173 1198 174 688 1199 1202 178 692 1717 180 1209 186 188 700 702 703 192 1215 706 197 1221 200 1226 204 205 717 209 213 216 730 1242 219 1245 1246 737 1251 1254 1255 1256 233 1260 1262 751 754 243 244 756 1266 1269 1272 761 1276 1277 1282 258 265 1291 270 783 1299 278 279 793 796 797 1310 287 286 799 1314 291 1312 294 811 1329 310 822 1336 317 1342 323 1347 1349 1351 1355 332 845 334 1360 340 855 1367 857 856 860 349 350 879 1393 371 372 884 883 1399 1400 1401 891 380 1405 1406 896 897 1417 393 1418 397 1422 399 1423 401 914 910 918 919 922 1435 925 413 414 1441 418 1442 1444 417 419 933 1443 425 427 429 431 1455 1457 436 954 444 1469 446 447 448 960 964 454 969 1481 457 1484 1483 977 1490 467 471 986 1501 479 1503 1506 1507 484 1508 998 487 999 1513 490 1003 494 496 499 1011 1525 1528 507 
722 641 1026 1156 904 1160 1034 269 400 274 1302 1050 287 1183 32 1316 549 1447 1193 1322 811 302 559 1584 1329 562 1455 1716 1717 1591 444 1470 831 702 1216 706 1612 1358 1487 974 209 1359 598 1116 354 1383 619 491 366 242 1524 1399 892 
723 1034 11 15 1552 1553 1040 531 32 547 549 1574 1581 1073 54 1591 56 1079 1084 62 575 1601 581 74 79 592 1105 1107 1113 1625 1116 606 612 1137 1652 1657 633 638 1662 639 1157 1158 650 654 1684 661 662 1173 671 1183 1699 1188 680 168 1198 694 1208 198 718 211 729 1241 223 1262 1264 246 249 253 261 262 1310 287 798 802 293 1324 813 313 1341 1342 320 839 1362 855 865 1380 877 1399 1400 382 385 388 909 1424 1426 403 1429 1434 923 419 1444 938 1455 951 450 464 977 1490 993 1003 1005 1521 502 
724 1539 1541 782 783 656 660 407 1050 1711 1591 317 1470 587 1493 1626 1116 96 1122 1637 1263 
725 1122 388 11 782 1711 1493 
726 523 1548 526 1553 531 1558 1560 1565 547 1064 1070 46 54 567 1597 1088 1603 581 592 1107 85 1624 612 1642 107 1136 1144 638 1662 1664 1156 649 1678 654 656 153 1700 166 688 1204 186 714 1231 1234 1253 743 1264 1265 763 255 1294 1301 1322 845 1358 335 851 1364 344 861 868 1385 366 1399 382 1416 400 404 1429 1433 411 1450 1451 1458 439 1465 
727 388 1541 1671 138 638 1034 11 782 656 1553 1429 1184 421 810 1069 1711 182 54 56 958 835 1487 1107 1493 214 1122 612 1263 633 1657 508 
728 1664 641 1539 131 904 777 1167 1044 1322 954 1090 835 1220 587 334 1487 1107 596 1116 
729 161 291 294 
730 641 835 612 1487 
731 576 258 260 1339 50 1553 917 408 1050 
732 1664 384 1541 1029 1160 138 523 394 781 526 656 1556 1302 1566 931 1322 810 1194 811 1204 182 440 699 62 1471 320 580 457 206 335 1493 215 603 1116 738 739 1000 1263 627 1400 
733 612 1487 1107 54 
734 121 185 72 203 685 718 690 1591 1400 377 314 
735 385 1155 1541 1034 907 656 402 146 403 1431 1050 1023 1053 1309 669 414 798 675 1444 1064 1578 685 302 1326 694 1470 1086 1349 1607 968 585 1097 72 719 1616 79 1487 595 211 1493 1624 1497 858 1241 1116 1373 351 227 1262 1263 496 1521 1520 1399 1276 
736 416 868 965 1478 134 424 585 1100 173 748 343 
737 1122 388 612 11 782 1487 1711 1107 1493 54 
738 835 612 326 1322 1487 1107 
739 387 1411 1040 146 1428 405 25 796 1567 1059 549 1575 936 171 813 1072 1717 949 951 701 965 70 199 1352 1609 1486 1617 1236 213 1368 217 1624 605 1380 1130 1516 1134 878 242 1140 757 1399 
740 1536 517 11 15 17 1553 531 532 1559 28 1053 1566 1059 37 551 1066 1070 1073 54 56 62 581 1607 72 1612 79 592 1618 83 1619 1107 1624 1116 1117 605 1119 1637 1130 1132 1657 123 1660 636 638 1664 643 1159 1671 1166 1173 1685 1182 1183 1699 675 685 689 1204 1717 185 192 1220 197 1223 204 1229 1234 210 214 1244 1247 227 228 230 1259 747 237 1262 238 248 771 777 784 272 274 790 278 284 285 287 1311 806 295 1322 813 305 312 314 846 1364 858 352 353 867 868 869 877 366 884 1399 1400 1403 388 904 400 917 1429 407 925 928 1444 932 1446 933 937 425 942 1459 951 1465 443 968 459 1486 464 1497 986 475 1501 481 1000 1513 490 1006 1521 1018 508 
741 130 1541 1160 526 656 146 1045 1560 411 1053 414 1446 1193 940 172 301 1716 437 1591 955 62 1090 707 709 1612 1487 337 210 1365 1493 858 742 363 365 1006 1263 625 372 
742 612 1487 1107 54 
743 382 643 4 1160 138 395 656 334 146 661 277 1302 1048 406 1050 414 1406 291 424 1322 1662 172 811 1198 1070 688 810 562 435 1716 949 182 1591 820 954 699 188 828 1470 831 833 70 1607 968 72 1224 1612 1485 1486 718 1616 848 847 595 719 977 1362 1491 343 1624 1246 1248 737 1634 997 102 631 1132 1133 493 1012 1399 1400 1276 
744 1553 1107 1429 54 
745 1538 2 7 1034 1037 525 15 1552 1553 528 1555 1039 533 1557 536 1560 1566 543 1056 1059 1060 549 548 1573 1064 1070 1588 565 1078 55 1591 573 574 576 1605 1607 1096 1609 1098 1102 80 1106 1620 596 1116 1628 97 98 102 1127 105 1642 619 1129 1645 1646 107 1137 1652 1653 630 1655 629 1145 125 1662 1151 131 1160 139 1678 1679 656 1169 146 1173 150 1176 162 163 676 166 167 1704 170 1709 1199 176 689 1716 1717 696 185 699 702 199 712 1224 1228 204 725 1239 1242 1246 737 226 742 232 238 1262 752 241 1267 253 255 1285 262 1287 775 777 1289 1295 272 784 1299 277 1302 794 1310 1311 287 1317 1319 296 811 1324 301 303 313 832 833 835 1349 325 841 334 1362 338 1368 858 1375 365 366 879 880 367 1394 1399 1400 889 382 895 387 392 1421 399 400 1428 405 407 925 414 929 418 1443 930 424 426 1453 430 1454 1457 1458 1461 441 954 1468 1475 965 457 458 1485 1486 1490 471 1498 1500 1501 1507 1510 1513 491 496 1009 500 1014 503 
746 641 1541 6 1542 1423 656 150 534 1432 925 1662 1471 835 1487 1107 1235 1493 1116 1501 612 1263 1651 1400 
747 1024 131 775 1160 138 1679 147 1044 1045 1050 925 926 1183 416 1313 549 1447 167 810 1580 302 176 1202 435 1717 1078 182 312 185 568 313 828 61 1470 66 579 1220 327 585 73 1100 719 1616 1359 596 1242 1116 1628 1375 1248 1249 357 1127 746 748 753 497 
748 1470 1541 137 1487 1263 1553 1107 1429 1493 54 1400 
749 843 748 1518 302 307 1213 
750 1286 1030 777 1034 1289 1036 399 15 1553 274 277 789 1429 410 671 161 674 929 548 419 1534 676 938 1451 172 1716 54 1334 185 1594 953 316 702 192 833 1217 708 197 72 460 1615 80 1107 212 340 980 87 1366 1497 1116 1501 1249 355 1507 1003 492 1390 1526 1400 506 
751 612 1034 558 
752 585 748 302 55 1529 
753 320 1566 1416 170 1323 1069 1102 1556 1400 90 
754 512 1569 200 1707 427 1663 1555 60 1245 
755 550 1709 302 124 1399 441 444 
756 521 1553 1043 533 1558 1561 1565 1053 1059 1574 1581 1073 52 1598 67 1603 1607 1102 595 84 1621 598 1624 1116 93 101 1132 1645 1653 124 1662 1151 1664 1160 138 656 146 1683 660 148 662 151 1180 1693 163 168 172 1712 1716 1204 182 1208 186 699 188 703 1220 718 720 210 220 1246 741 232 242 767 1294 1295 784 1302 792 285 286 1310 289 293 294 1321 810 811 310 1334 328 841 845 1364 353 1379 1381 360 1392 1399 891 1406 903 394 1420 406 407 1434 414 938 940 944 1465 444 1473 1490 982 983 1496 475 1009 500 
757 1122 1541 782 1711 
758 1665 264 1036 270 146 1045 536 1053 1566 287 32 414 549 294 167 302 1199 176 1457 1455 313 826 444 829 318 703 1607 1096 585 209 349 360 1128 1129 1257 748 1519 1009 1399 
759 1542 1674 267 523 1423 1553 1427 1302 794 1023 926 1057 170 302 303 1711 568 1222 585 592 1620 1116 868 748 
760 32 965 585 748 302 1455 
761 1155 138 141 1050 926 810 1580 302 559 435 182 828 1470 327 1097 585 719 1616 1248 746 748 1266 
762 1122 388 1541 782 1263 
763 576 1057 1400 868 1096 585 1513 748 1199 1457 1653 536 858 1468 
764 294 1127 585 748 1529 703 345 
765 1122 1541 782 1263 1711 
766 835 612 1541 811 1484 206 1487 656 1263 1553 1107 926 1493 1302 1400 1151 
767 514 1539 1030 1542 1553 1555 28 542 1567 32 34 549 1575 42 45 559 1072 1073 1589 54 1591 1078 55 1085 63 1087 579 67 583 72 1609 74 1611 587 1101 590 78 1607 82 1107 595 1620 598 1111 1624 1106 1626 1116 92 104 1130 107 1135 1144 1660 1149 638 1151 643 1677 141 1679 656 145 146 661 150 662 1688 157 672 1185 1184 163 1189 679 684 690 179 694 1206 185 187 702 192 1217 1227 1228 206 209 211 217 1242 1241 732 1246 737 1250 1256 237 253 255 770 261 775 790 1302 281 794 1310 287 798 802 294 1322 811 303 815 1331 1332 310 317 319 1349 326 840 334 848 850 343 347 1372 355 361 362 878 1393 372 373 1399 1400 375 892 385 1411 388 900 387 904 1423 403 916 1429 1434 410 414 1440 930 1444 932 421 934 936 1445 1451 939 431 1455 436 1460 950 952 954 961 449 1477 1478 965 968 1481 453 460 1487 1490 1496 472 1497 1500 997 1509 490 1005 1020 
768 1536 2 521 1546 1036 1037 525 1552 1040 1050 26 1053 547 549 1574 551 1577 1587 55 1595 573 574 579 592 1617 596 599 1624 1628 1125 101 1128 616 1642 625 1147 124 1662 131 1668 1159 1671 1163 655 147 662 1176 164 1193 172 1197 175 184 192 1219 196 1220 199 1227 718 1236 214 727 1246 737 1250 748 1262 754 246 775 1291 274 287 294 808 1324 1325 302 305 1335 312 313 319 1351 334 848 1362 1368 1369 349 1373 369 1393 372 1399 889 1411 1412 1419 923 926 936 1454 954 444 1470 965 472 496 1525 502 1529 
769 2 7 19 20 24 27 28 32 41 45 48 52 54 55 57 60 64 72 80 91 97 101 107 111 112 117 121 131 133 141 150 159 162 163 167 171 174 175 185 192 193 194 195 199 200 204 206 213 214 217 218 227 229 237 244 246 255 258 267 268 271 272 274 277 287 290 291 295 297 298 310 313 317 333 349 350 360 361 365 369 371 372 374 375 377 380 387 397 399 401 405 407 409 411 412 416 420 421 422 423 424 425 429 436 441 442 443 448 462 471 474 479 480 486 494 495 496 502 507 508 511 512 520 531 532 534 536 539 543 546 548 549 551 560 564 568 569 573 574 575 576 577 583 587 588 590 592 596 599 604 609 612 615 616 628 629 638 643 651 662 671 676 678 681 690 691 695 696 697 702 717 718 725 730 733 737 754 763 766 775 780 783 784 787 788 789 799 809 811 813 829 830 833 836 840 844 854 855 857 858 878 884 889 890 910 920 922 925 929 930 932 934 935 936 937 938 951 955 960 961 965 967 968 969 973 980 983 985 986 999 1005 1006 1007 1010 1015 1018 1019 1024 1025 1030 1033 1034 1036 1037 1040 1046 1048 1049 1054 1055 1059 1061 1073 1075 1077 1080 1082 1089 1091 1096 1100 1101 1106 1107 1116 1123 1126 1127 1128 1129 1130 1131 1135 1140 1144 1145 1147 1151 1153 1159 1161 1163 1169 1176 1184 1185 1190 1191 1192 1197 1199 1200 1203 1209 1219 1220 1224 1228 1229 1230 1232 1239 1246 1250 1252 1254 1256 1257 1261 1262 1268 1270 1272 1277 1284 1285 1287 1291 1302 1307 1312 1322 1324 1329 1333 1336 1349 1351 1352 1357 1362 1368 1375 1393 1394 1396 1397 1399 1400 1401 1405 1407 1411 1412 1417 1418 1419 1420 1421 1422 1427 1428 1429 1440 1444 1451 1453 1454 1455 1457 1458 1468 1469 1475 1481 1482 1483 1486 1488 1492 1500 1501 1506 1507 1508 1513 1516 1517 1522 1525 1528 1532 1535 1537 1538 1539 1546 1553 1554 1555 1557 1559 1560 1561 1564 1566 1567 1569 1570 1572 1573 1574 1575 1577 1580 1584 1591 1594 1612 1613 1615 1617 1623 1629 1631 1632 1637 1638 1649 1653 1662 1663 1671 1676 1677 1682 1686 1691 1694 1703 1706 1709 
770 641 258 675 1155 327 1097 138 810 746 1006 719 1616 1107 
771 547 1607 748 146 1399 1053 
772 778 1553 657 1429 1557 549 54 1206 702 1478 719 1616 1107 105 1130 878 1648 241 1394 757 630 
773 641 1122 612 1541 1034 782 1711 1263 
774 1122 1541 782 1263 
775 641 835 612 1662 395 1487 1553 1107 
776 1536 1539 1541 1542 7 1034 11 1553 1559 1561 32 1060 1064 1065 553 1069 1073 1074 1588 53 54 1591 56 1589 571 1092 1607 587 592 1616 1107 1116 605 1628 1122 612 613 1130 110 1649 1651 1143 1657 633 635 1658 1149 1662 127 638 639 1160 1676 1677 656 1682 147 146 150 163 172 1198 1711 690 179 1716 701 703 718 719 209 1235 732 1246 226 231 235 237 1263 242 757 248 253 260 782 278 287 294 1322 1325 309 322 835 1349 334 1363 351 356 357 1381 884 1399 892 1411 388 1420 1423 399 1428 1429 407 1432 925 414 1441 418 1445 425 1451 1455 1461 949 952 954 958 1486 1487 466 1491 1493 1500 496 
777 835 612 1464 1034 1006 1487 1553 1107 
778 612 742 447 301 1487 177 242 531 1107 54 
779 1553 1107 531 1429 54 
780 1284 134 1037 1552 1683 406 1176 1023 1693 1053 926 1695 161 549 551 302 176 564 954 444 832 1219 965 199 585 1100 333 1614 334 1106 1368 1375 224 225 1252 1125 1127 107 748 1392 1653 886 1399 1529 
781 640 1541 650 651 1294 526 656 531 1323 1069 301 1070 1460 567 825 187 1471 1603 714 1484 335 467 1364 1493 853 731 1116 99 742 106 1263 1266 
782 32 549 1455 1553 209 1107 1429 54 
783 1553 1107 1429 54 
784 1408 1539 131 1163 1553 277 1045 662 536 925 926 1054 929 549 294 302 1199 1457 313 703 576 833 72 1096 587 208 596 858 1116 1373 1249 1381 1513 748 1262 754 118 1400 1018 
785 1186 1059 1155 1591 166 1603 1097 559 1264 1553 1332 1204 1399 
786 795 738 1382 1659 426 1456 531 1400 731 222 
787 513 1542 1552 1553 1556 1559 1056 549 37 1581 560 1585 54 1591 55 62 1599 575 1092 1607 72 586 1614 1615 592 1107 85 86 1118 1120 102 1640 1642 124 638 1662 641 1158 134 140 146 1183 162 1188 1190 172 688 689 1204 180 184 702 195 198 199 1246 735 224 737 230 1260 256 257 1282 1288 781 274 278 282 1322 298 1328 1329 313 1341 320 848 1362 1368 1373 355 1381 872 877 1393 884 886 1399 1400 1405 1407 898 909 1423 399 1429 414 417 1442 1444 420 424 425 1464 441 965 968 459 1485 1487 977 466 1498 993 1513 1004 1521 502 1018 
788 2 131 656 1040 529 22 1176 1434 1691 926 163 1188 549 294 167 1322 1196 302 1070 951 313 954 699 1084 965 72 970 74 718 334 596 1109 1016 1116 737 353 748 1400 
789 641 1034 1553 1429 545 547 932 294 166 424 1322 1662 940 305 54 694 440 702 1471 703 1487 1107 1116 1501 1124 1381 612 873 1390 245 1400 
790 1553 1107 1429 
791 4 15 18 19 22 32 52 54 55 61 79 83 92 93 96 98 101 104 107 108 117 119 120 121 134 141 145 150 162 163 170 171 174 179 180 185 191 197 199 200 202 203 204 210 211 217 226 227 237 238 239 244 255 258 260 262 268 278 283 287 296 297 302 303 309 310 316 317 322 328 333 334 336 345 349 360 366 377 380 385 387 400 401 402 403 407 409 414 418 420 421 423 424 425 436 442 443 448 462 465 472 474 475 485 490 493 496 508 513 514 516 517 521 523 525 529 532 536 542 565 569 573 575 585 587 590 592 594 599 604 612 616 628 629 631 635 638 641 656 658 669 675 685 689 695 702 718 719 725 738 748 750 757 763 769 775 783 784 787 790 792 794 798 808 811 815 816 826 830 832 835 848 854 858 865 868 884 886 892 896 898 907 912 916 922 925 926 933 939 940 951 954 962 965 967 968 977 983 998 999 1011 1018 1021 1023 1024 1025 1026 1031 1037 1040 1049 1050 1059 1064 1066 1072 1073 1078 1079 1082 1086 1100 1104 1106 1107 1114 1116 1127 1130 1135 1137 1145 1151 1154 1162 1173 1184 1185 1197 1199 1202 1203 1210 1219 1224 1228 1241 1242 1246 1252 1256 1257 1258 1264 1272 1273 1277 1282 1284 1285 1287 1293 1302 1305 1322 1326 1329 1342 1351 1354 1357 1362 1367 1387 1395 1397 1399 1400 1401 1412 1418 1419 1420 1423 1429 1438 1440 1442 1443 1444 1451 1453 1454 1455 1457 1458 1470 1471 1481 1487 1496 1500 1501 1520 1525 1536 1539 1542 1543 1544 1551 1552 1553 1556 1559 1560 1561 1565 1567 1569 1575 1577 1578 1581 1582 1591 1592 1594 1599 1605 1607 1614 1616 1620 1621 1623 1624 1626 1640 1641 1662 1663 1664 1671 1679 1682 
792 1122 965 1541 186 1034 1354 1451 782 1263 1711 1588 1493 1301 
793 512 1 1024 1541 1030 1034 11 1040 1553 530 1555 1531 1054 1569 1058 1059 549 1579 564 1588 54 56 60 62 575 1607 72 1098 1105 83 1107 1621 1626 91 1116 1122 612 1638 105 1132 630 1654 1657 633 1662 639 638 1663 1158 1160 656 145 146 662 157 680 171 1707 1711 688 1204 1717 192 198 200 725 1245 1246 741 1262 1263 241 768 1288 265 1291 782 272 784 1310 293 1320 1324 813 310 315 1341 320 835 1349 1361 1362 858 1373 864 1380 877 881 1399 1400 377 892 380 388 906 909 1429 925 414 1450 939 951 441 453 1487 977 1490 467 1493 472 1497 1501 993 1506 997 1010 502 507 
794 355 388 612 1553 1107 1429 54 
795 1553 1563 543 1571 548 549 1574 1573 1064 54 1078 55 1607 591 80 595 1107 1116 608 612 105 1651 630 633 638 1662 1679 656 146 161 1185 676 167 172 1198 691 180 1717 1209 705 204 1235 725 1239 1242 1262 241 253 258 771 1288 1289 781 1295 281 285 294 1322 313 857 365 1399 1400 1401 892 1421 910 1429 405 1432 925 414 928 418 1444 436 448 1481 1487 1501 997 493 496 
796 992 1122 1541 186 170 1198 1263 656 1711 782 334 1493 
797 612 1470 1107 633 
798 1024 1539 1030 8 1034 11 1040 1554 1559 536 1561 25 1570 549 1064 41 1588 1077 54 1591 1590 56 575 576 1603 1096 587 1101 592 83 1107 1622 1624 1116 1628 1632 612 1637 1640 1129 1132 1653 1657 633 638 639 1662 641 1158 138 1675 141 656 144 1169 1171 1172 661 150 1686 1181 1694 1184 675 1188 1189 679 1706 171 1710 1199 178 690 1716 1717 182 185 186 699 702 192 1216 198 212 725 1246 1251 229 1255 1266 757 766 255 780 783 271 278 791 279 797 1309 287 290 1320 1322 810 1323 813 817 310 1337 1338 317 1341 833 1349 848 1360 1362 1365 858 355 1381 884 1399 1400 377 1401 893 1407 388 1420 909 1429 407 919 924 925 413 1444 421 934 425 938 1451 1457 434 951 442 1468 961 451 968 971 460 1487 977 1489 1491 983 986 1501 479 993 1513 490 496 1521 1011 502 506 
799 641 1541 1030 782 143 656 170 1323 1711 702 835 710 1482 719 1487 1616 1234 1107 1364 1493 96 1249 1122 612 
800 1122 1541 782 1711 1263 
801 264 1163 1036 1037 908 15 1295 1045 790 1301 536 1023 926 1057 163 549 294 167 1064 296 1193 302 1199 176 1457 1073 1454 55 1209 313 573 318 703 1600 704 66 1093 966 581 1096 585 1109 1373 359 1129 748 1132 112 1009 1266 497 1399 1272 
802 1032 1034 15 1553 407 925 166 60 576 835 197 200 1611 1487 1107 1116 612 
803 96 612 1034 1323 1487 656 658 1234 1556 1107 1400 
804 585 748 1109 184 
805 1539 1540 1541 1030 519 521 1034 11 1548 526 1038 1553 532 21 1559 1048 536 540 1053 1566 1054 1064 1580 1071 1583 1585 560 1588 54 1591 56 1083 62 575 576 1603 587 1102 1615 592 1105 1107 1114 1116 1632 610 1122 612 1637 1130 111 114 1139 1657 633 1148 1661 638 1151 639 124 1158 141 654 656 1169 1682 658 660 668 1183 1185 675 678 172 1199 1711 1716 694 185 702 1216 198 718 206 731 733 1246 737 226 745 1259 1263 1281 770 258 782 784 1302 791 278 283 286 287 290 807 808 1322 298 811 1336 1341 1342 830 320 835 1349 848 336 1362 1363 852 343 858 351 355 868 358 875 881 372 884 1399 1400 1401 388 1414 904 909 913 917 1429 407 1434 410 925 934 425 938 1451 1457 945 436 951 440 1468 444 1471 448 961 968 1481 1487 977 1491 1493 471 993 1000 490 1004 
806 902 1288 267 1166 146 1045 1174 1564 412 926 1055 288 673 543 549 294 1191 167 1193 302 175 1070 567 313 1466 1595 704 584 585 1225 210 86 1623 1624 223 1375 1119 1127 359 490 748 1644 369 1522 1011 1399 504 507 
807 1122 1541 782 1711 
808 1122 1541 782 1263 
809 1281 1430 920 24 1564 1310 929 549 1701 807 167 945 1075 1077 1336 313 64 577 1219 72 1490 1376 111 
810 322 1204 1400 
811 1537 258 1155 781 269 141 656 1553 1302 159 1185 1064 170 811 685 559 436 314 699 702 1097 1481 973 1487 1616 719 1363 1116 1246 1377 1261 494 1266 1400 
812 811 719 1616 
813 388 1541 1034 11 782 1553 1429 1711 54 56 835 1487 1107 1493 1122 612 1263 633 1400 1657 
814 11 30 37 52 54 56 62 68 72 77 93 96 98 101 102 105 107 111 117 124 134 137 139 144 150 152 154 158 159 163 167 170 171 172 177 185 186 198 203 212 215 217 218 226 229 232 239 241 246 255 256 257 260 272 273 278 279 280 286 287 293 294 302 310 313 314 317 320 322 328 332 334 349 354 355 359 360 367 377 379 384 387 388 392 394 399 401 406 407 414 416 420 421 431 434 439 440 444 447 449 459 474 483 494 496 502 505 507 514 526 536 539 542 543 546 549 553 567 570 571 572 575 576 583 585 587 590 592 595 605 610 612 614 616 617 626 627 630 633 637 638 639 640 641 650 651 652 656 667 668 670 671 681 682 685 688 694 702 703 706 714 718 719 731 733 736 737 744 748 754 755 764 769 780 781 782 783 784 785 787 789 792 795 804 807 808 822 825 834 835 836 842 845 847 848 853 856 858 868 879 884 893 896 898 909 912 913 922 925 929 932 933 934 938 945 949 954 961 962 965 968 970 973 974 977 981 985 986 990 992 999 1000 1005 1007 1010 1011 1015 1017 1018 1023 1030 1033 1034 1039 1053 1059 1060 1061 1064 1070 1072 1080 1092 1096 1100 1101 1106 1107 1112 1116 1118 1119 1122 1127 1128 1129 1131 1138 1145 1149 1152 1160 1162 1169 1171 1177 1184 1188 1189 1194 1195 1196 1199 1204 1206 1220 1221 1224 1234 1235 1243 1246 1251 1255 1257 1261 1262 1263 1264 1266 1272 1276 1279 1280 1281 1285 1294 1297 1318 1322 1323 1324 1328 1333 1336 1337 1341 1349 1354 1356 1358 1362 1364 1365 1368 1373 1375 1381 1382 1390 1399 1400 1401 1405 1407 1415 1420 1423 1429 1432 1434 1443 1444 1451 1457 1458 1461 1465 1468 1471 1472 1482 1484 1485 1487 1488 1489 1491 1493 1498 1500 1513 1517 1521 1526 1528 1530 1534 1535 1537 1539 1541 1542 1543 1548 1553 1556 1559 1561 1566 1571 1576 1588 1589 1591 1594 1599 1602 1603 1612 1616 1621 1624 1626 1628 1637 1640 1651 1653 1654 1655 1657 1662 1677 1680 1683 1686 1689 1690 1691 1706 1711 
815 1024 1155 1470 1097 685 719 1616 656 1399 1529 1050 
816 66 131 924 1675 748 596 1044 
817 1024 1541 775 1288 776 1420 656 400 150 1561 284 926 675 549 1573 1329 568 702 72 585 1487 1617 1364 1493 1373 1375 1127 748 366 1263 369 242 
818 868 1534 170 215 1400 1401 
819 1502 1125 485 585 779 843 748 1518 1614 1552 496 18 569 
820 1697 1382 70 1352 12 1486 
821 1029 141 1295 1552 1553 655 787 1431 1432 1434 26 157 926 1693 544 1310 1566 1059 549 294 1062 293 172 1581 302 1070 1204 820 312 954 703 447 1471 1603 453 1356 1485 334 208 210 1619 1490 595 1364 727 1235 603 222 225 102 1127 232 745 490 1387 1132 748 238 1009 114 1651 1012 1400 1401 
822 1668 9 1161 1163 1035 1036 14 911 1552 1295 146 1046 926 414 1056 291 292 549 1574 293 295 294 302 176 946 1587 312 441 313 703 833 1603 581 1093 71 1351 585 1607 716 1359 851 599 1373 1380 1128 1129 748 1391 1519 369 1524 1525 119 1399 
823 779 781 277 161 291 549 1322 307 313 1213 574 833 843 1109 1497 1502 225 1518 754 118 
824 640 1541 1288 1034 1677 781 1295 656 1553 1679 15 1045 150 23 668 925 157 1311 418 294 1064 1662 1450 1322 685 559 1717 1078 1079 185 62 447 703 579 1224 1354 204 463 848 977 1104 210 1493 726 725 858 1242 1116 1501 608 249 360 873 105 367 1263 241 1266 239 630 1400 
825 257 1155 1029 1419 1297 146 919 1050 1053 797 414 672 1190 1318 1073 178 1204 184 1470 702 1349 1097 716 1486 719 1616 718 466 1362 848 981 1360 1624 986 1627 735 608 737 1637 1510 1511 360 744 619 883 1652 372 502 
826 772 1029 1541 656 400 529 146 662 22 157 1053 1310 414 549 1191 1662 1450 944 951 954 699 197 1607 968 334 977 1490 210 1493 85 1624 1497 1626 1116 222 865 225 748 366 1263 1262 1522 1395 1399 1016 1529 
827 1026 1539 4 1541 1030 519 1543 520 1034 8 1542 11 1038 1553 1556 1559 536 1050 549 1061 37 1065 1580 47 1589 566 54 56 1084 583 1097 1098 587 1612 1616 592 1618 83 1107 1110 87 603 1116 1119 609 610 1122 612 1637 103 1127 1131 111 1135 1652 1655 631 120 1658 1657 633 1149 1662 638 639 641 1155 1159 1671 138 1675 652 143 144 1169 658 1682 1171 1685 1686 1691 667 674 1191 169 681 1705 1199 1711 1713 182 695 694 185 702 192 719 208 212 214 218 1246 737 227 1255 744 748 236 1262 1263 1264 1266 754 1276 766 1281 257 775 264 268 269 782 783 271 1297 780 789 278 279 1307 287 806 1318 807 1320 1322 810 1324 302 306 1332 820 1335 1336 1338 317 1341 835 1349 842 1354 847 848 1359 1362 1368 856 858 1369 866 355 1381 367 882 372 884 1400 1405 1407 388 392 394 396 1423 1427 1429 407 924 925 934 425 1451 945 1470 448 961 459 971 1487 1488 977 1489 1493 981 1498 1501 479 480 1507 1513 491 1005 1517 495 1010 1522 1524 1012 502 1018 
828 514 1540 1548 15 16 1556 1045 1048 536 549 1573 1064 1584 1588 1591 62 1090 581 70 72 585 1096 1615 86 1117 1123 1649 113 1651 627 1139 632 1151 1160 148 1690 162 163 1706 172 1199 1716 1204 184 699 702 704 193 718 206 1234 1235 1238 748 1266 1285 272 1296 1302 791 795 804 805 811 302 311 848 1362 1364 1365 343 1372 868 870 358 366 1408 386 1413 908 400 407 1432 410 926 927 937 1451 1457 950 951 1471 450 
829 528 656 146 1054 1699 1444 549 678 1064 1201 1717 1591 725 1624 858 1116 118 
830 1122 1541 905 782 1711 
831 258 643 1125 549 559 719 1616 1050 
832 1541 1160 1553 1556 1429 1064 296 1662 54 1107 1493 1497 1116 1119 868 1263 1266 
833 1553 1107 1429 54 
834 1536 1 516 517 1030 1543 519 11 1549 15 1552 1553 1040 529 1530 1045 534 22 536 24 26 1564 540 1054 1570 1571 549 1061 1577 1535 1067 1072 1073 1075 54 1591 1080 56 1078 62 574 64 577 67 579 583 72 1101 1615 591 1617 1107 1108 87 1624 1116 605 608 609 98 612 614 102 1641 1129 1131 1132 105 1137 1651 630 1657 633 638 1151 1662 639 1160 1161 1677 1679 656 657 146 1684 1173 662 150 1174 1176 1686 667 157 1181 1183 671 672 674 675 1187 681 683 685 173 1199 1197 689 1716 1717 1206 1207 699 187 702 192 1216 1219 1221 709 197 713 203 715 1227 206 204 1235 212 725 211 727 729 218 1242 1241 738 229 1256 748 237 1262 236 241 1266 761 1279 1282 771 772 262 1288 780 268 1295 271 273 274 276 277 790 789 788 1302 1301 1309 798 1314 1316 293 809 1322 811 1324 1325 815 306 308 313 314 315 317 319 833 1349 334 850 340 857 1373 865 355 1381 366 367 1394 885 1397 1399 1400 1401 892 385 898 1412 388 900 904 1423 399 400 914 403 916 1429 407 1431 1432 410 1435 920 925 1442 418 1444 419 934 935 936 937 1450 1451 1448 1452 1457 1460 951 1463 441 954 961 453 1478 965 967 460 1485 974 1488 466 980 1492 1494 985 475 1501 480 997 1511 491 1003 1517 1005 495 1521 1010 1526 505 506 507 1021 
835 66 131 549 748 
836 675 1155 775 1097 1580 719 1616 407 
837 513 517 521 1034 1545 1036 11 1550 15 1040 1553 534 1559 1053 1567 1059 548 549 1575 1581 1587 563 1589 54 1591 1588 56 1084 1596 575 1600 67 1603 592 1105 80 1619 1108 597 1107 1624 1114 603 1116 612 1130 1644 112 1653 1657 633 1661 1150 1662 1149 638 639 1158 650 1164 145 1169 1683 660 146 1693 164 165 676 167 1193 172 1709 1204 180 699 188 702 1220 198 1224 714 728 217 220 1246 737 740 757 1274 1289 278 1310 287 1314 293 809 813 305 1334 313 1341 1349 848 1362 1373 353 1395 372 884 1399 1400 379 898 388 389 394 909 1422 1428 1429 406 413 414 1444 425 938 939 433 951 1465 444 971 460 1487 1490 982 470 472 479 1504 993 484 1003 1004 1005 496 502 1527 1016 
838 675 1612 1070 532 1301 
839 1122 1541 782 1711 
840 1122 1541 1550 1711 1263 
841 1122 1541 1324 782 1263 1487 1116 1711 1493 
842 748 302 826 444 
843 1607 940 146 1399 
844 1668 1400 1552 1305 1434 26 1700 549 1322 302 568 1603 965 1093 199 1099 1614 727 1368 345 343 224 1002 748 
845 1677 781 1553 1107 1429 54 1400 
846 868 965 1678 1270 215 
847 1664 1156 1541 137 395 1037 782 656 660 411 170 1070 1711 1204 1465 1471 975 1107 1493 863 1122 612 868 1263 1264 
848 675 549 1548 559 444 
849 1539 1542 1034 1423 656 1553 533 662 1704 1706 440 702 192 453 841 587 1487 1497 1116 1124 490 1262 1393 1394 1401 
850 1122 1541 782 1711 
851 1664 774 1420 656 400 146 1304 1561 1434 286 414 1188 424 1322 172 301 1710 305 1716 575 835 1607 1487 848 1362 1107 1114 1628 1116 1246 352 737 612 868 742 232 366 372 1398 1399 1400 
852 11 1040 1553 1045 534 536 26 1053 30 543 548 549 1062 1572 1064 552 564 1588 54 566 1589 1590 56 574 67 69 583 72 1609 1096 1611 1607 80 1107 1116 94 612 102 104 105 1129 1647 1653 630 1657 633 1147 638 1662 639 645 1676 146 662 671 161 1698 675 1188 676 681 1195 685 173 1710 1199 179 1717 184 189 703 704 197 1221 725 1239 727 1246 1262 241 246 761 250 772 1289 271 277 1309 294 808 809 1322 298 813 816 313 314 316 317 1349 1362 340 347 349 350 1373 865 1378 867 355 879 886 1399 1400 891 892 380 1407 900 388 1421 399 914 1429 405 1434 1435 410 414 417 420 1451 941 1457 434 1459 951 1471 968 460 1485 461 465 977 1491 980 471 987 1501 1507 484 1004 1009 1010 1016 505 
853 1024 1539 1541 1553 1560 543 1060 549 548 1064 565 1078 1591 55 1082 62 581 587 1102 80 1106 83 1116 1628 608 1122 1637 102 107 630 1151 137 1679 656 147 671 1183 1185 162 163 676 168 170 172 174 1711 1716 1209 186 699 702 705 712 1228 1229 206 204 1234 1239 1242 226 742 1263 1264 242 244 1277 255 258 1285 1289 782 272 1302 795 1322 811 301 835 1349 1364 857 858 1383 366 1400 1401 892 386 394 1418 1421 400 405 407 418 1442 1444 424 1458 947 436 440 442 1471 448 1481 1485 1487 1491 1493 983 1500 1501 
854 1122 1541 782 1711 
855 1122 1541 782 1263 1711 
856 1030 1034 1553 1429 281 287 32 1059 1534 934 1451 1455 1460 54 187 574 961 1349 711 1607 1101 209 1107 1624 355 229 1005 1010 
857 641 1122 1541 782 1711 1263 
858 1122 1541 206 1263 366 400 1711 782 1493 
859 835 612 73 719 1616 656 1487 1553 
860 1122 1541 782 1711 
861 129 1155 1541 782 1679 656 150 1050 1451 1711 559 435 1078 61 958 1470 702 835 1097 1487 1616 719 1493 1242 1248 96 
862 1122 1541 782 1711 656 1263 1493 150 1590 699 
863 1541 1263 1487 1493 
864 1 7 8 10 15 16 17 26 28 30 32 37 40 48 49 54 55 67 72 83 93 94 98 104 107 108 109 119 120 121 141 148 157 160 161 162 163 171 173 179 184 185 197 202 204 206 208 209 210 211 212 218 229 235 237 248 249 250 253 255 258 261 271 272 273 274 277 278 281 285 287 290 294 297 298 302 305 309 311 314 315 316 317 319 322 328 329 333 338 341 343 347 354 355 365 367 373 376 377 379 385 387 388 392 399 403 407 412 417 418 420 421 425 434 436 441 446 448 460 462 465 470 471 475 481 484 490 496 505 511 514 515 517 518 521 528 536 542 543 544 549 554 564 565 566 572 574 576 579 583 587 590 592 598 600 603 605 606 607 608 612 618 626 629 633 638 639 662 672 675 678 679 680 681 685 688 689 699 701 703 709 711 712 719 726 727 732 733 735 739 740 750 752 754 757 766 767 769 770 778 790 791 795 798 802 805 809 811 813 815 833 836 837 846 854 857 858 865 869 877 878 879 884 892 898 900 905 916 918 924 925 930 934 935 937 938 940 943 949 951 952 955 961 963 967 968 971 974 976 980 985 987 997 1004 1005 1009 1010 1018 1024 1030 1034 1039 1040 1048 1051 1054 1064 1065 1067 1070 1073 1077 1078 1079 1080 1085 1096 1101 1106 1107 1108 1112 1114 1116 1119 1128 1130 1131 1132 1145 1147 1149 1151 1156 1160 1162 1175 1179 1181 1183 1184 1185 1187 1189 1199 1206 1208 1209 1218 1219 1220 1221 1227 1228 1237 1241 1242 1246 1252 1256 1262 1266 1282 1284 1285 1287 1288 1295 1298 1302 1306 1313 1314 1316 1319 1324 1325 1333 1337 1349 1354 1362 1367 1381 1391 1397 1399 1401 1406 1410 1429 1434 1442 1444 1450 1451 1453 1455 1457 1458 1468 1471 1477 1478 1481 1488 1489 1491 1497 1500 1501 1513 1526 1528 1534 1536 1539 1553 1556 1559 1560 1563 1564 1588 1589 1590 1591 1605 1611 1616 1621 1628 1637 1643 1647 1648 1653 1675 1676 1677 1679 1680 1682 1684 1686 1695 1699 1709 1710 
865 513 1026 1030 521 15 1039 1553 533 534 1561 1563 1053 1054 32 549 1062 1577 42 1069 1581 1583 563 564 54 1591 55 1079 62 575 1601 1603 69 1607 79 1105 594 82 1107 1621 597 1106 1624 1625 1116 1643 1137 124 1664 1157 1158 144 146 1173 662 680 172 1709 1198 1197 690 1204 180 1205 188 197 198 710 718 209 220 733 1246 221 1250 229 1262 1274 253 255 771 262 1288 787 1310 287 809 1328 305 316 1341 1349 325 839 841 1362 340 353 873 1386 1393 1394 1395 1399 383 1411 1412 1420 909 1426 1434 1438 414 1444 934 936 938 1451 939 1455 433 442 1468 444 448 961 464 1490 982 472 1504 993 1006 496 1011 502 1527 
866 96 868 1030 1534 1130 638 620 1553 1107 916 1429 54 757 1400 
867 1122 1541 782 1263 
868 1539 1541 1034 656 1298 147 1556 1557 664 545 1534 301 1591 702 1599 587 1487 1107 1493 1116 1628 1246 612 742 1263 1266 118 1399 
869 37 440 523 1553 242 
870 261 1030 281 802 293 549 934 167 937 938 1451 1712 1208 313 1467 317 961 1219 1349 583 968 72 1101 1234 595 1365 475 93 1246 229 1128 1005 1010 1270 120 
871 1024 1539 709 1034 1354 1580 45 587 1401 
872 1539 1411 901 1419 1295 18 146 148 661 407 24 920 1564 157 414 287 543 32 291 292 549 1574 294 552 1059 936 811 550 1709 1455 1712 1329 434 1075 569 1467 829 701 317 1085 703 1218 194 577 581 64 711 968 1607 587 460 718 1106 595 83 473 605 1250 485 109 752 1009 754 1394 1399 120 
873 1024 1537 517 1030 1551 1553 534 1559 543 549 1064 48 1073 563 1591 574 63 1601 579 69 1605 1101 1615 592 80 597 600 1625 1116 99 1637 105 1131 1137 1652 630 1660 1662 1157 1677 656 1173 1691 1183 672 159 1698 675 671 679 167 172 684 685 1717 1206 699 1232 725 728 221 1246 737 743 232 1261 241 1274 1285 262 263 789 278 791 1322 1325 815 313 314 1342 1349 839 848 1365 343 858 350 354 355 878 1393 370 884 1397 1422 1426 407 1440 930 934 425 1451 433 961 967 455 460 1485 973 464 977 1512 1005 494 1010 
874 1122 1541 782 1711 
875 259 661 1053 1310 544 1712 1073 1467 317 968 460 1485 461 977 1490 595 1362 602 1116 741 102 
876 868 1317 1029 
877 448 1220 295 748 302 176 983 1399 568 1176 
878 1539 1541 1542 8 11 1553 1556 1557 1559 549 1064 1073 54 55 56 57 1078 1092 587 1613 592 1107 1620 1116 1629 97 612 1637 102 1657 633 638 1662 639 1153 1679 656 1171 662 1185 675 1703 696 1209 702 192 204 717 730 1242 221 1246 1251 1254 1255 1262 1263 751 1266 766 258 775 777 271 783 278 279 794 1309 287 1312 799 1322 303 822 317 835 846 847 1362 856 857 858 1377 868 371 884 1400 1401 377 1405 388 1417 397 1423 1428 1429 407 925 418 1444 425 429 436 440 1469 1471 448 960 969 1481 971 1483 1485 1487 1493 1501 1508 496 1010 1011 
879 518 1543 527 1553 1559 24 1564 543 548 549 40 1075 1591 1592 64 577 1603 582 1607 72 586 1612 592 80 1116 98 102 616 120 1675 146 676 1705 1203 694 702 1219 1239 1246 246 1289 278 281 811 812 313 317 1349 857 349 1381 1393 884 1399 1400 892 1407 896 1411 388 905 1421 910 405 920 1434 924 414 1443 933 425 432 434 461 1485 
880 1536 258 1607 
881 517 9 1036 1552 1553 1045 536 1564 549 1574 1573 1071 564 54 1600 1607 1096 1609 1614 1107 1624 112 1652 638 1163 146 1176 672 163 167 1193 681 685 1199 690 185 1213 194 223 1278 255 256 779 781 1295 291 292 293 808 1324 1329 307 313 314 833 843 334 355 1388 1399 1408 1429 414 928 417 929 1444 1457 951 441 954 1489 1497 997 1005 1518 
882 835 612 719 1616 
883 1541 523 719 1616 1487 1263 1493 1400 
884 779 843 1518 
885 1122 612 1541 782 1711 1263 
886 1612 719 559 1616 1400 
887 1155 1470 1097 748 719 1616 
888 719 1616 1050 
889 147 1045 150 1050 926 416 1313 1322 302 305 1470 585 1100 719 1616 1487 1359 1628 1375 357 1127 748 
890 73 719 1616 
891 1536 1 1538 514 516 517 1030 510 521 1036 15 528 1040 529 22 1022 1048 26 1563 1564 28 542 544 32 1059 549 1574 1581 1073 49 1589 1591 1085 576 67 1607 72 79 595 1619 1624 1114 1626 1116 102 614 1129 120 636 1149 129 1671 1162 1675 1163 1167 145 146 1181 1183 1184 1187 675 1189 1193 172 173 175 690 1717 185 708 197 204 209 725 214 727 220 1246 741 237 253 768 259 261 789 790 1310 287 1314 802 292 809 813 1330 1349 350 865 353 363 365 1399 1401 379 905 916 917 1434 924 925 414 1442 1444 421 938 1451 1450 1455 434 951 443 448 963 1478 968 460 461 1485 977 466 1490 980 1492 982 470 484 490 496 1010 508 
892 1024 1539 517 1030 1542 1546 523 527 1040 1553 1042 532 1046 1559 1048 1561 536 1563 1053 32 1060 1064 552 1073 1074 50 52 565 54 1591 55 1078 57 63 576 575 579 1603 1607 72 1096 585 587 1100 1613 79 592 1106 595 1107 1623 89 91 1116 1628 1629 1120 101 102 1127 1637 107 1135 1651 633 638 1662 639 1151 1153 134 1679 656 1169 145 146 1685 662 150 1184 163 1190 679 1703 172 173 1199 1712 1204 185 702 1215 192 197 199 1224 204 717 720 209 1235 214 728 730 1242 1246 737 229 1254 232 748 237 1262 756 757 1272 255 258 772 1288 784 1302 278 1307 286 287 1312 1310 799 294 1322 811 813 310 1339 317 1349 328 1357 848 1362 1363 1364 340 1368 857 858 1375 865 355 868 1381 1384 1393 371 372 884 885 1399 1400 1401 1405 898 391 1417 1420 397 1423 401 1429 917 407 408 1432 922 925 413 414 416 418 419 1444 421 934 425 1450 1451 939 429 938 1455 1457 1458 442 1467 1468 1469 1471 448 961 960 453 965 969 1483 1485 461 977 1490 1491 983 472 474 1500 1501 1508 997 487 999 1513 1003 1004 492 496 1521 
893 835 612 1487 656 
894 1155 1097 719 1616 559 
895 775 719 1616 
896 1155 1097 810 138 719 1616 182 
897 1032 141 1553 1044 1429 1302 1050 1566 1151 549 1064 1322 811 1070 54 440 954 1470 1471 322 206 719 1616 334 1107 736 96 868 1400 
898 258 1679 925 287 1185 418 1444 436 1078 1591 55 1209 448 197 1481 204 718 719 1616 340 857 1242 1501 608 496 
899 129 1671 1160 138 1675 1020 141 1038 907 528 1553 786 402 147 1050 1564 669 924 1183 161 1313 675 1444 1571 426 1578 1580 810 1326 690 182 1470 1086 1090 585 719 1616 79 1234 1107 1364 725 214 1116 1628 1501 738 612 873 105 496 1520 241 1526 630 1400 1530 379 
900 675 1542 1423 1616 719 
901 1155 327 1097 746 719 1616 185 
902 1024 1540 517 1030 1543 1029 7 1034 523 1548 1542 1038 526 1553 1556 1558 1559 1048 1561 536 1564 1053 1054 1566 32 549 1064 1576 1580 1581 1070 1583 1072 1074 54 1591 55 567 1078 571 575 576 1603 1092 72 1097 1101 592 1616 1618 595 1107 1624 1114 1628 1116 1118 96 98 612 1128 1129 619 1132 1139 1140 1653 1659 124 1662 1151 1664 641 1155 138 650 1675 141 1678 1679 656 1169 1681 660 1685 150 668 670 675 163 1704 168 170 172 1196 1198 1199 1712 690 1204 1717 182 1205 185 699 702 1219 197 1224 204 719 721 1234 209 725 1242 732 733 1246 222 737 226 739 229 232 1262 238 242 755 767 258 272 1302 278 280 1306 1309 1310 287 809 1322 1323 810 811 302 814 1321 305 317 1349 334 848 849 1362 1364 858 861 1379 868 1380 357 358 361 878 884 1398 1399 1400 375 379 1406 902 904 1420 1423 399 913 917 1435 924 925 418 934 424 425 426 1451 940 1455 1456 1457 440 1465 954 1467 1468 444 1471 448 961 447 968 1482 1487 1490 471 474 1501 1000 1513 496 1010 500 1014 1015 1017 
903 1539 1034 528 1553 529 532 1557 22 1559 536 1049 1050 34 1059 548 549 1073 1591 1607 1097 1609 587 592 80 1622 1624 1116 97 102 625 1662 1155 144 656 146 675 676 1193 685 1199 1717 694 696 701 1220 197 725 746 757 763 772 777 1289 784 789 790 278 287 291 1316 313 316 1346 327 362 884 1399 384 905 910 1428 925 414 425 1452 1457 951 958 1470 1485 974 461 997 
904 835 1541 73 719 1616 656 1487 1263 1493 
905 1018 517 1030 519 521 1034 1036 1548 1040 529 528 1553 532 22 1559 1560 1563 1564 1053 32 1571 549 1073 1076 565 1591 62 576 1612 1615 592 1617 1618 1624 1116 102 616 105 619 107 1140 629 630 1145 124 1663 1671 1682 1685 1695 1184 673 162 675 163 1189 1190 1193 685 688 1713 690 1717 695 192 1219 1220 197 209 1236 725 214 220 223 743 236 237 1262 239 1264 241 754 246 255 269 1295 278 791 1309 287 806 1320 1322 813 815 1333 310 314 315 830 1349 1354 340 858 349 353 355 1381 1384 371 884 1397 1399 1401 379 387 904 1417 917 407 1434 925 419 1444 421 425 1455 1458 951 444 1469 453 967 969 1485 461 1487 977 982 1497 474 1500 1501 479 1507 1508 1513 490 1003 1516 1005 1006 496 1521 1010 503 1530 508 
906 1553 1107 1429 
907 1025 1155 775 138 1050 294 1064 810 1580 302 176 182 312 61 1470 327 1097 73 719 1616 739 
908 327 746 1662 656 
909 775 1288 1553 916 1688 1050 1054 672 675 935 1073 951 1591 185 1470 576 192 719 1616 1624 997 107 1132 1006 882 1399 
910 1032 1662 526 242 531 1204 1364 567 
911 843 779 307 
912 1664 656 1170 146 662 407 1176 414 1183 549 1445 940 176 944 309 184 443 66 1091 709 1607 719 1616 210 1624 1116 605 1637 486 237 1006 1519 
913 1664 1122 388 101 939 11 782 1711 1493 472 1657 56 
914 1059 1400 1322 1451 702 1487 1553 1362 
915 327 746 719 
916 1155 1097 1612 
917 384 1603 166 136 1471 1362 1204 758 
918 73 719 1616 1050 
919 719 1616 983 185 1050 
920 1539 1542 16 1553 531 1045 536 1566 549 38 556 1068 54 568 575 1093 72 585 1096 587 80 1105 1107 1620 96 1125 102 1128 1651 1147 638 1151 1156 1158 134 141 656 1176 1190 170 1199 176 1202 704 198 206 1235 213 726 1246 748 1270 1295 277 1302 794 796 296 1322 811 303 815 311 1341 831 1362 1364 1373 868 366 1400 1419 908 909 1423 400 1429 1432 926 927 423 1457 440 965 460 1485 1487 993 497 502 
921 719 1616 1487 
922 938 407 1468 
923 1122 835 612 1541 782 1263 1487 1711 
924 738 931 394 1678 335 1102 1233 84 1204 1113 476 
925 1423 656 272 1048 1050 668 1053 1566 1322 1069 1204 1591 185 1470 702 1603 1482 719 1616 1491 507 1364 474 1116 98 868 1015 1400 121 
926 1541 394 1487 1263 1364 1493 1400 1050 
927 1160 777 141 656 400 657 1429 1302 407 536 424 1064 1322 1323 811 301 1199 1457 1716 1463 185 954 579 1096 334 1487 1497 1116 742 366 
928 1155 1097 719 1616 1400 
929 931 839 940 1137 
930 1536 513 514 517 1030 15 1040 1553 529 22 1053 542 32 1064 553 1067 45 1073 1588 1589 54 1591 576 579 67 1607 1097 1609 79 1616 1107 597 1626 1116 605 608 1633 98 612 1637 102 1132 1653 118 633 124 1149 1662 638 636 1155 1671 1677 656 657 146 1683 150 662 665 1693 1183 1185 680 172 173 685 688 180 1717 185 1220 197 204 718 719 209 725 214 1246 737 738 227 1257 237 1262 1264 1274 258 259 1285 1290 287 1324 813 314 315 317 1349 326 334 1362 340 347 1373 865 867 360 361 878 1399 1400 1401 892 900 904 399 916 917 406 1431 1429 410 414 1442 1444 1445 935 1450 431 1455 433 434 1459 436 949 951 1463 954 444 958 1477 1481 461 1485 463 977 1491 471 1497 474 484 997 1513 490 1004 1005 496 1010 1523 508 1021 
931 1024 1540 1036 1548 15 1045 1046 536 1560 1050 1053 1054 1056 1064 1580 559 1588 565 1591 55 575 576 581 1616 1105 1618 1106 1116 1637 107 1132 1139 629 121 1145 124 1662 1158 1160 656 1169 1685 1185 162 163 172 685 1199 1209 185 699 198 1224 719 733 1246 737 751 255 258 1285 1288 280 1310 294 1322 820 314 1341 1362 857 858 358 360 372 1400 382 387 909 917 925 1444 938 939 1457 1458 436 951 444 1468 1470 448 1481 1482 1485 1490 472 474 1500 993 1513 496 1012 502 
932 1155 1541 775 782 1050 170 1069 1711 1470 702 1097 719 1616 1493 1116 1122 1263 
933 1501 418 1542 204 1679 1423 1553 1204 1078 1400 1401 1242 
934 1122 1541 1030 1001 777 811 782 1487 656 671 1711 1263 1493 1302 1400 698 
935 1411 1668 1040 146 1045 662 1302 1023 1053 1054 926 287 32 162 163 414 549 927 936 811 813 302 1455 1073 951 568 441 954 444 965 1607 585 1357 334 209 1624 224 1250 748 494 886 1399 1529 
936 1443 1160 1064 150 
937 1155 517 1160 1675 141 1677 1038 656 784 1553 146 277 150 1302 921 1050 924 414 161 1064 1322 811 172 685 1450 1073 564 54 185 314 699 1470 831 197 327 1607 1097 1487 1616 719 466 1107 1626 1116 93 606 222 96 995 1636 489 105 873 746 110 630 1399 1400 
938 512 784 662 665 549 294 167 172 302 1204 1589 1332 1591 313 703 452 1485 1102 221 1246 102 1011 886 
939 1541 1263 656 
940 779 719 1616 307 
941 1677 656 662 1302 536 1064 1199 1457 1716 183 1471 1217 1603 1096 76 1485 718 1486 1616 719 1364 1116 1246 1377 1640 1262 1266 
942 1539 1541 782 1295 656 144 146 1302 1432 28 1566 926 414 34 294 39 1322 1451 811 301 302 1711 824 954 1471 448 1090 835 322 1603 1607 587 206 719 1616 334 1235 1493 1116 864 1122 742 1263 1009 1651 1399 1400 1529 
943 1122 1541 782 1711 
944 6 8 15 29 34 35 36 37 38 43 44 50 54 63 65 75 76 84 88 89 90 95 103 106 113 114 115 122 126 128 136 137 146 151 153 154 156 165 166 168 169 170 171 173 177 181 186 198 204 207 214 215 218 222 223 229 240 242 262 266 268 271 273 286 287 288 289 299 300 317 320 322 327 330 331 335 336 342 344 348 355 364 377 378 381 382 384 394 398 404 407 408 413 414 415 418 421 426 428 439 440 442 445 447 449 457 464 469 476 477 479 480 482 483 488 490 495 499 500 501 502 523 526 528 531 532 536 537 545 547 549 557 560 566 567 570 574 575 576 580 581 583 587 592 593 594 601 603 609 610 611 612 617 620 621 622 641 642 646 650 654 655 656 660 670 675 679 681 682 686 690 693 702 719 721 723 724 726 731 736 738 745 746 755 757 758 759 760 766 767 769 772 774 776 781 785 786 787 791 792 793 795 812 813 819 821 824 825 827 830 838 839 842 845 848 849 851 858 861 863 864 866 867 868 876 885 888 891 893 899 909 913 917 924 925 931 934 938 948 951 957 959 961 962 971 975 977 979 983 985 991 992 993 1000 1005 1008 1010 1017 1024 1027 1028 1030 1032 1035 1037 1038 1040 1042 1043 1044 1052 1053 1054 1057 1061 1063 1069 1070 1077 1078 1095 1096 1099 1101 1102 1103 1107 1111 1113 1116 1121 1131 1136 1137 1138 1141 1143 1144 1156 1157 1158 1165 1168 1173 1178 1179 1180 1181 1183 1184 1186 1192 1194 1199 1201 1204 1205 1207 1214 1222 1231 1233 1234 1242 1246 1253 1264 1265 1271 1283 1292 1294 1300 1301 1308 1309 1317 1320 1321 1322 1323 1327 1328 1332 1334 1336 1337 1339 1341 1344 1348 1349 1356 1358 1362 1364 1370 1378 1379 1381 1382 1385 1387 1389 1392 1393 1395 1399 1400 1401 1407 1410 1413 1414 1416 1422 1426 1427 1433 1434 1437 1450 1451 1456 1457 1459 1462 1465 1468 1471 1472 1476 1480 1487 1488 1489 1495 1498 1499 1501 1505 1507 1513 1514 1517 1519 1526 1534 1539 1545 1547 1553 1558 1565 1566 1582 1584 1585 1587 1591 1597 1598 1601 1603 1606 1607 1608 1610 1616 1622 1624 1625 1632 1635 1636 1639 1642 1649 1653 1654 1656 1659 1662 1663 1664 1666 1669 1674 1675 1678 1679 1681 1686 1687 1692 1696 1700 
945 1122 1155 357 1541 1097 138 810 782 1263 1711 
946 1668 135 1163 1036 910 25 927 163 292 568 66 1346 1603 1218 194 75 1359 1617 1236 1375 868 1127 1134 1524 1140 886 
947 1664 1155 1029 1420 656 913 1561 1050 283 166 168 1322 1323 172 435 1204 1591 1465 1342 1471 1470 1603 1097 718 1487 1616 719 594 1233 1102 603 1116 861 1246 348 1248 98 1514 758 1399 
948 1155 1097 719 1616 
949 835 612 327 137 1706 746 1487 1616 656 719 335 
950 549 999 585 
951 1155 775 925 414 1310 287 951 1607 1097 718 719 1616 1490 85 1624 606 1132 1262 
952 1553 1107 1429 
953 162 1534 1706 124 272 1266 1553 1365 54 1054 1558 571 444 1053 
954 1155 1668 1036 15 1040 1553 1679 146 1050 414 287 672 927 800 32 809 1580 813 1071 1455 305 690 1077 1078 1591 568 441 1085 1470 62 958 581 1607 841 1097 589 718 719 1616 209 1106 1624 1242 357 491 1399 
955 1030 396 1553 926 547 1188 549 1534 934 1451 302 690 313 1084 961 1100 1489 218 737 229 1127 
956 327 138 746 810 1717 
957 1541 1263 656 1487 1493 
958 1 10 11 15 16 28 30 52 54 55 56 63 67 70 71 80 85 97 99 101 104 121 141 146 149 167 170 171 173 174 175 179 192 193 196 197 201 204 206 208 211 226 227 244 246 258 271 272 273 276 278 287 297 305 311 316 317 318 320 321 334 340 345 349 350 354 366 385 386 388 399 400 401 403 405 414 417 418 421 425 434 436 442 446 448 457 462 471 474 484 496 505 511 527 534 536 543 548 549 551 564 568 569 575 576 588 589 592 602 604 608 611 612 614 616 626 633 638 639 648 656 659 673 676 685 689 692 696 697 699 702 706 708 709 733 750 761 771 772 775 783 789 790 798 803 805 809 811 815 816 836 840 847 854 855 857 858 865 868 873 878 879 881 884 892 896 900 910 914 916 917 921 922 925 929 933 935 940 943 947 954 965 967 968 977 983 985 988 999 1005 1011 1015 1022 1024 1030 1031 1040 1042 1049 1056 1067 1070 1078 1080 1082 1096 1100 1107 1112 1116 1120 1123 1126 1127 1143 1147 1151 1162 1170 1183 1184 1185 1199 1206 1209 1219 1221 1224 1229 1237 1239 1241 1242 1246 1247 1256 1263 1272 1277 1279 1285 1289 1299 1302 1313 1314 1349 1352 1357 1362 1367 1375 1383 1393 1395 1397 1399 1402 1404 1418 1421 1423 1428 1429 1434 1435 1443 1444 1446 1452 1453 1457 1468 1481 1482 1486 1493 1497 1500 1501 1513 1526 1528 1534 1535 1541 1542 1553 1557 1559 1566 1572 1573 1580 1591 1592 1604 1607 1646 1647 1649 1653 1657 1662 1676 1677 1679 1698 1702 1708 1709 1710 
959 388 1541 1160 392 1034 11 782 656 1553 146 1429 1048 1053 414 294 1534 1322 1711 54 56 699 835 199 1607 1487 1107 1493 1116 1246 1122 612 367 1263 633 1399 1657 
960 1537 1030 520 11 1040 1553 1564 47 54 1078 56 57 1082 575 64 578 72 1613 1101 1107 1623 1116 1629 604 608 1122 1637 614 1135 1657 638 1151 1153 1679 657 1691 159 671 673 1189 1703 1705 174 1711 1200 694 192 706 197 1224 204 1229 1230 206 717 730 1242 732 734 737 229 1254 744 1261 244 1277 255 1279 268 782 1297 789 1302 1307 799 1312 1315 1318 1322 811 813 1335 1347 1349 1362 340 1366 1369 368 370 371 1396 1399 377 1401 1405 388 1417 1418 397 915 1429 418 1446 934 938 1451 429 1463 1469 960 961 969 1483 973 981 1493 474 1501 1508 490 1005 494 1007 1010 1011 
961 526 1678 531 1302 1693 547 1188 170 811 440 447 835 457 1487 1364 1116 868 1136 500 
962 1541 1263 656 1616 
963 263 1289 15 146 662 1691 1564 1181 414 671 1313 675 548 549 1444 935 37 1571 676 1073 1717 54 1591 951 694 1219 579 1603 1092 1095 72 1607 583 459 80 1362 725 599 1116 1373 1246 612 105 748 1262 496 1521 241 630 1399 1400 502 
964 675 810 138 182 1400 1050 
965 705 933 742 567 301 718 656 562 83 1365 1526 1591 
966 965 1542 424 1096 366 1199 1616 1423 1202 719 1584 400 1302 1116 
967 1160 784 656 1553 1040 1050 294 813 951 702 1470 1472 835 1487 210 1107 612 997 1129 
968 1566 670 719 656 1264 1616 1204 1556 316 
969 640 385 382 644 774 15 656 1040 403 917 150 280 410 1564 1054 286 798 673 1064 172 940 691 1204 1591 1468 1471 576 197 1482 1491 340 211 1623 1241 1116 604 733 227 1637 1640 1513 490 493 1262 242 1015 
970 1155 774 1160 1288 138 269 1167 1556 278 1559 1303 1050 670 549 167 1064 680 810 425 940 435 182 1591 313 58 828 1470 702 327 1097 73 972 719 1616 592 93 1248 357 1637 746 1132 884 
971 779 843 1278 
972 258 388 1541 11 782 1553 1429 1050 1711 54 56 1470 1612 719 1616 1107 1493 1122 1263 
973 129 1541 137 1034 905 1675 782 656 1553 924 1566 1311 1183 1184 421 1662 1322 1711 1717 579 1609 1485 1487 463 975 1493 725 858 1116 1122 102 1263 1526 
974 512 2 1539 1541 1029 1542 1548 1037 1038 1552 18 1556 1045 532 1559 1561 1564 1053 1566 1569 549 1063 1064 1581 1070 51 1591 569 570 573 583 72 1097 586 587 1607 592 1106 595 596 86 1623 1116 1118 98 1128 1129 1130 616 1132 109 1653 124 1662 1663 640 1155 131 134 137 141 656 146 1683 150 1176 1693 673 162 675 163 176 1204 1716 694 701 702 706 195 199 212 733 1246 1245 226 738 237 1262 1263 246 772 276 278 1310 1317 1322 1323 302 306 820 830 322 1359 336 1368 345 349 1378 868 884 1399 1400 889 379 389 1420 1423 916 406 407 925 414 927 930 425 1451 1454 440 441 1465 1468 444 1471 965 968 1482 1487 977 1490 1493 470 474 1500 992 1507 485 490 1009 1012 1524 
975 774 775 1423 1566 1064 1322 1195 1204 192 1603 453 975 1234 1364 1116 1009 242 1147 
976 638 719 1616 1553 307 1107 1429 54 1400 
977 1155 1284 1159 1160 1550 1551 1685 278 1559 1564 28 414 287 32 419 551 680 425 1450 1709 1455 1073 1717 54 1591 1342 1607 1097 1354 333 719 592 1616 209 595 1107 725 1618 1624 1501 356 997 1252 1003 365 1262 884 1399 1528 1401 
978 0 1 8 10 27 28 30 32 41 47 52 55 63 67 72 79 86 89 100 101 104 107 111 117 133 139 159 162 163 173 174 185 189 192 193 201 204 206 208 209 210 212 218 229 238 239 244 246 249 250 255 256 258 267 268 271 274 277 278 282 287 290 295 298 302 310 317 321 334 349 350 359 360 363 369 372 374 387 390 391 399 401 404 407 409 410 412 413 418 425 432 436 438 441 442 446 448 456 472 474 479 480 487 490 494 495 496 499 504 516 517 534 536 539 541 549 551 558 560 564 565 568 569 573 574 575 576 584 587 592 608 609 616 629 645 648 659 666 667 669 671 673 675 679 681 683 685 694 697 704 706 708 709 737 748 754 756 761 766 771 783 787 789 791 803 807 808 811 844 848 857 858 862 867 878 884 885 896 905 910 914 917 921 922 924 925 929 933 934 938 939 944 945 951 954 961 973 976 977 980 983 995 997 999 1007 1015 1016 1018 1024 1030 1031 1033 1036 1037 1042 1045 1046 1047 1055 1064 1067 1072 1073 1077 1078 1082 1096 1100 1106 1119 1123 1127 1131 1135 1140 1143 1145 1147 1151 1159 1166 1169 1170 1174 1181 1185 1199 1200 1203 1206 1209 1215 1221 1224 1225 1229 1230 1232 1236 1242 1246 1247 1249 1256 1261 1262 1266 1272 1277 1281 1302 1307 1309 1310 1314 1320 1322 1333 1335 1336 1337 1343 1349 1351 1352 1354 1357 1362 1367 1369 1374 1393 1401 1418 1423 1435 1440 1441 1443 1444 1450 1451 1452 1454 1455 1457 1458 1459 1466 1468 1471 1481 1482 1487 1489 1490 1500 1501 1507 1509 1513 1516 1525 1528 1532 1534 1537 1539 1546 1550 1552 1559 1560 1564 1568 1588 1591 1594 1612 1615 1617 1618 1623 1637 1643 1653 1662 1675 1677 1679 1685 1686 1691 1695 1705 1706 
979 835 612 1420 1487 1107 
980 4 1034 526 1551 1553 1559 1050 1564 32 549 1574 1580 559 1073 563 564 1591 61 1603 1097 73 1612 1616 592 1619 1108 597 1628 605 1637 1640 1132 109 631 1155 1671 1673 138 147 1184 1185 675 1189 167 182 185 702 1219 1220 204 718 719 209 210 214 728 732 1248 227 746 237 753 245 1274 764 258 1286 775 268 269 1301 278 1309 287 810 1325 313 828 1342 327 1354 846 1364 1365 357 880 884 1400 377 379 1403 894 389 903 904 925 421 423 425 1455 944 433 435 436 949 1470 958 448 1481 1487 470 481 1512 489 508 
981 1539 140 656 1169 1045 1046 1149 536 281 287 32 549 934 1706 1322 431 1199 305 1457 1455 1589 575 961 1349 1096 1224 587 209 1362 1624 1497 474 1116 737 1637 493 372 1399 
982 1024 1664 775 394 1294 1553 913 146 1429 662 29 925 287 414 419 1534 173 54 1206 315 702 1603 1607 461 336 1107 1624 1116 612 997 102 1003 1262 1264 1394 630 1399 
983 514 1541 523 781 656 150 664 1051 542 287 1184 418 931 421 677 1073 1715 59 1597 320 1603 332 335 975 1493 1113 731 1116 1244 479 227 376 1263 1649 1655 1400 
984 835 612 1487 
985 1122 388 11 782 1711 1493 
986 1 1542 1040 1553 19 531 1561 37 549 1064 1067 1073 563 1588 1589 1590 1591 567 1592 55 1596 67 1605 590 592 1116 115 125 1149 1662 137 658 660 150 1185 172 685 173 1204 1209 1221 1230 1246 738 1266 258 1285 775 785 787 281 1314 309 315 317 1342 1351 1367 857 858 351 883 1400 1407 1420 399 1423 918 925 1444 935 436 951 446 447 448 962 1481 1487 1491 1497 1501 496 1525 
987 1122 1541 782 1711 656 1263 
988 1122 1541 782 1711 
989 611 803 319 422 1159 520 519 733 235 1553 306 1686 1468 540 
990 835 612 1487 912 1107 
991 1539 1029 1030 1542 523 15 1040 1553 536 1566 32 547 549 38 1069 1073 54 1591 1078 62 576 1092 1607 72 1096 587 1100 1102 1616 595 1107 1621 1624 600 1116 96 98 612 1639 103 617 1132 1649 114 116 1653 121 638 1662 641 1666 642 1676 141 1679 656 146 150 163 675 165 168 169 172 685 175 1199 1201 1712 690 1716 1202 186 699 702 706 197 1228 204 719 720 209 1234 1242 1246 226 229 1266 242 755 1288 268 269 1294 781 286 287 1322 1323 813 314 317 1342 320 322 1351 328 1356 332 1362 1364 340 858 868 872 1387 1399 1400 1401 394 1423 913 1429 925 1438 414 418 1445 934 938 1451 1455 1457 946 951 440 1467 1468 447 1471 961 449 1472 968 1485 1501 1505 1513 1010 1525 507 
992 514 1539 1541 1542 1545 523 1037 1553 531 1555 1022 535 542 1054 1566 547 549 1064 1073 1588 1078 1591 573 1599 575 1603 587 1100 1102 79 1616 1105 595 1628 1116 96 608 1637 102 1646 125 640 1158 134 1674 1676 141 1678 1679 656 147 660 662 150 155 668 675 1188 165 680 172 685 1711 688 689 178 1204 692 185 702 706 195 198 199 719 723 216 1242 1246 734 737 1262 238 1263 242 1266 767 260 1285 1292 268 1299 790 793 797 286 811 1323 302 314 315 1341 320 325 842 334 848 1360 1362 1364 1368 868 1400 1401 909 1423 916 917 407 1431 919 925 418 938 1451 426 1454 440 1465 954 447 1471 965 457 972 1485 1484 1487 461 1493 986 1501 479 993 1507 1000 1010 502 
993 1536 388 1034 138 11 916 1429 1050 1183 1184 33 1189 421 1064 810 1325 1330 435 949 182 1591 312 54 56 1470 1220 327 719 1616 591 1107 1494 726 1628 1116 605 1248 612 357 746 1132 1006 496 633 248 1657 
994 1122 1541 782 1711 
995 448 353 258 675 195 1220 1155 1591 1640 1097 1612 1429 983 
996 4 903 906 907 1034 1420 402 531 1556 917 146 1561 669 286 287 32 414 1444 549 1064 1578 1581 1326 1455 690 1204 1461 820 1342 702 1086 324 1607 718 79 209 210 83 1364 1365 1624 1246 481 739 868 631 1132 496 1520 1012 
997 1024 1030 1546 1549 1553 19 532 534 1047 1561 1563 28 544 1060 1573 1582 1588 54 1591 1087 67 1603 1611 1613 1101 1107 1116 607 102 1643 1648 625 118 1654 638 1662 1151 1153 647 658 1172 157 173 1716 1204 187 202 206 730 733 1246 1262 249 772 1285 261 1302 281 799 802 1314 809 1322 811 310 1349 844 848 1362 339 852 1366 855 856 857 346 858 350 865 1390 1400 1404 900 391 1420 1429 407 925 934 1450 1451 1460 442 1468 961 962 1477 1478 968 1485 461 977 1491 980 983 478 997 1003 1005 1010 
998 1155 1097 719 1616 
999 1155 1097 1580 
1000 1122 835 388 612 424 11 782 1487 1711 1107 1493 
1001 1664 1400 1029 6 136 394 523 781 1293 656 400 404 1301 286 1566 804 37 424 1449 1322 170 1323 301 46 818 824 1588 1204 1462 440 1465 186 699 828 954 62 1471 320 447 585 1356 1485 1102 1486 335 1104 334 975 1364 1246 222 992 738 868 742 102 232 1004 366 120 891 
1002 1668 1544 1384 1001 748 750 719 1616 1234 568 927 
1003 1539 4 1029 15 1040 532 1050 28 1054 549 1064 1065 55 576 1097 587 1612 1616 83 595 85 1621 1107 1624 1626 1116 605 612 1132 631 1662 641 1155 1160 138 656 150 675 688 1714 1716 692 182 184 185 1211 702 1220 719 735 1248 237 1262 1266 762 767 784 276 285 287 810 813 305 316 830 320 835 1354 846 357 1399 1400 1406 389 917 407 1436 925 926 1439 935 435 949 951 1470 968 1487 
1004 1553 1107 1429 54 
1005 1024 517 1030 1552 1553 536 1053 1578 45 1078 1082 1086 1096 72 79 1618 1624 102 1130 1648 1653 1151 1679 657 1683 1685 669 1693 1706 171 173 174 1199 1717 187 1215 204 1229 206 725 1242 733 1262 756 244 763 1277 261 778 789 1302 287 802 811 1326 310 1349 848 1399 1401 377 900 1418 907 402 406 925 418 1444 1451 1457 1460 1468 444 460 1485 977 1501 997 487 496 1520 
1006 512 1665 523 270 656 16 1299 1556 661 1558 404 662 792 1302 535 1432 532 547 1192 1323 811 301 1579 1707 1663 1204 311 186 570 60 61 702 1471 320 1210 1603 323 325 454 967 200 457 1485 206 719 1616 1102 335 1107 1364 461 1235 216 1240 1245 1630 479 994 868 612 102 742 233 617 1515 1646 368 1651 1013 1269 247 
1007 1539 1542 1528 522 511 1037 527 1552 1553 1040 15 1046 1048 25 536 24 543 1064 1065 42 555 1581 50 563 1075 1078 1591 55 1594 573 62 575 576 577 64 1603 579 585 587 1612 79 594 82 1618 1621 597 600 1114 1116 604 94 608 1633 1637 1127 1640 616 1130 117 630 635 1662 1151 640 135 651 1676 141 1679 656 657 658 1682 1685 662 150 1692 160 1185 172 685 175 1199 1202 1204 1717 1716 185 1209 699 701 702 703 191 707 1224 204 1228 728 1242 1246 737 227 742 1258 748 1262 1264 757 246 247 1274 253 257 258 775 1288 1294 787 1302 286 294 1322 811 813 301 815 302 314 1339 316 317 320 1351 1357 846 848 1362 857 349 1375 359 365 883 372 1397 1400 1401 380 382 896 905 910 1423 917 408 409 1434 920 924 925 926 1438 418 1443 932 1444 933 935 934 938 1451 1454 431 943 433 946 436 951 952 1463 443 448 961 967 968 1481 1486 1487 463 471 1497 474 1501 1513 496 1525 1526 1016 1018 
1008 1155 1295 656 1553 146 1301 1050 668 925 414 670 1534 1322 1591 1080 185 1338 951 1342 1470 1607 1097 719 1616 977 343 1624 352 865 1262 503 1400 
1009 138 781 654 400 1302 810 811 1584 1716 1205 182 1603 206 1358 1364 1628 868 1642 366 
1010 576 1262 719 1616 
1011 1122 835 388 612 11 782 1711 1487 1107 1493 
1012 1541 782 656 1565 1711 954 320 835 327 334 1487 1616 719 1107 1493 1501 1122 612 746 1263 
1013 129 1155 1541 136 1038 782 1553 147 1050 555 1711 702 1470 1097 719 1616 1487 1493 1628 1122 1000 
1014 1122 388 11 782 1711 1493 
1015 1034 719 1616 
1016 580 549 585 457 523 
1017 576 737 675 1220 1224 1387 45 718 1074 50 339 917 408 
1018 1127 748 302 
1019 986 1059 606 1242 1487 1616 1679 1553 719 1076 1717 1078 147 1050 1116 
1020 1036 1420 1040 662 1561 925 1309 675 549 1193 1662 171 172 173 685 815 1073 180 951 1591 313 314 579 1220 967 74 1373 490 1262 372 1397 1399 377 
1021 1248 1155 1097 1612 719 1616 1553 435 1560 
1022 1400 134 1544 908 1037 910 1423 1552 656 141 15 276 1045 150 1302 536 1305 410 1023 796 926 162 163 549 678 935 1064 170 811 556 302 1199 176 1457 1202 1454 949 569 573 1471 704 833 1346 832 965 1096 585 203 1357 1614 1103 589 721 343 1500 605 1375 224 865 738 1377 1124 1125 485 1127 748 750 1266 242 886 248 
1023 1400 394 1716 1304 1116 
1024 708 15 591 1684 
1025 1539 1029 1544 523 1035 1037 15 16 531 536 1053 1059 1064 1580 556 1068 1584 565 1078 568 573 66 1096 585 1097 587 1612 589 1624 1116 1121 1125 1640 1649 116 1653 630 1143 124 1151 129 1155 1668 1670 134 1159 141 1679 144 1683 150 1693 670 163 1190 1704 168 1706 170 1199 689 1202 1716 1717 1204 184 702 709 1224 718 725 1242 737 748 750 242 754 1266 1273 763 258 1302 1313 291 294 811 302 311 827 832 1346 334 1365 1368 366 881 372 1399 1400 382 1408 910 1423 400 406 925 926 927 930 423 1454 1457 954 1466 444 965 460 986 1500 481 1513 1529 
1026 1122 388 11 782 1711 1493 
1027 995 1036 694 
1028 1 5 7 11 13 15 18 24 30 51 52 54 55 56 57 59 60 64 67 77 79 80 81 86 87 89 97 101 105 107 108 114 119 121 123 124 129 130 137 140 141 145 146 149 150 151 159 162 163 167 172 173 174 175 180 184 185 190 191 194 197 200 202 204 210 212 214 218 219 220 227 228 233 236 239 241 243 244 246 247 249 250 251 255 256 258 262 263 265 267 268 270 271 273 278 279 290 292 293 294 295 298 302 303 305 309 313 314 316 318 319 320 321 323 324 325 331 335 337 340 345 349 350 352 353 354 359 360 367 368 369 371 372 376 380 383 384 387 388 390 391 392 394 397 399 401 402 405 406 407 409 412 413 414 416 417 418 420 421 425 427 429 433 436 437 438 439 440 441 442 443 444 446 447 448 451 458 463 464 467 468 471 474 479 484 485 486 492 494 496 503 504 505 507 508 511 512 513 514 515 523 530 534 536 538 542 543 546 548 549 551 558 559 563 565 566 568 569 575 577 579 583 584 585 587 588 592 597 602 604 608 609 612 617 618 626 627 629 630 633 634 635 638 639 640 643 647 651 656 657 659 660 662 663 664 669 671 674 675 676 677 681 685 688 689 692 696 697 702 703 704 706 715 717 724 725 730 731 733 734 735 737 740 747 748 751 754 757 766 774 775 782 783 790 791 794 796 799 811 813 817 822 825 835 836 837 839 845 846 848 849 855 856 858 860 868 873 878 883 884 887 891 897 898 905 907 910 916 918 920 922 924 925 926 933 934 935 938 942 951 952 953 956 959 960 961 964 969 970 972 973 977 982 983 985 987 989 994 997 998 999 1002 1007 1008 1011 1013 1015 1016 1018 1022 1023 1024 1026 1029 1034 1036 1040 1045 1046 1049 1051 1053 1054 1055 1057 1059 1065 1066 1067 1069 1071 1075 1077 1078 1079 1080 1082 1086 1091 1093 1096 1098 1100 1102 1106 1107 1112 1115 1116 1119 1122 1127 1129 1130 1131 1137 1142 1143 1145 1153 1154 1157 1166 1169 1170 1171 1173 1174 1177 1180 1181 1182 1183 1184 1185 1189 1190 1193 1196 1199 1200 1204 1206 1209 1218 1221 1223 1224 1225 1226 1227 1230 1232 1234 1235 1239 1240 1242 1244 1246 1247 1251 1254 1255 1256 1257 1258 1261 1262 1263 1266 1269 1272 1274 1275 1277 1282 1285 1288 1289 1295 1299 1301 1312 1313 1314 1315 1322 1324 1329 1334 1336 1337 1338 1345 1347 1351 1354 1357 1359 1361 1362 1367 1368 1373 1374 1375 1387 1392 1395 1396 1399 1400 1401 1405 1417 1418 1419 1421 1423 1426 1427 1428 1429 1432 1433 1441 1442 1443 1444 1450 1451 1457 1458 1463 1465 1466 1468 1469 1481 1482 1483 1484 1486 1487 1488 1489 1493 1495 1500 1501 1507 1508 1512 1513 1515 1519 1520 1524 1525 1526 1531 1534 1535 1537 1539 1541 1542 1545 1546 1548 1550 1552 1553 1554 1555 1556 1557 1559 1560 1566 1569 1570 1572 1578 1579 1580 1587 1588 1590 1591 1592 1601 1604 1606 1607 1612 1613 1618 1620 1621 1622 1623 1624 1625 1626 1629 1630 1637 1646 1649 1651 1653 1655 1657 1659 1662 1663 1667 1668 1671 1672 1675 1676 1677 1679 1680 1682 1683 1685 1686 1693 1702 1703 1707 1710 1711 
1029 258 612 1107 1429 
1030 1541 523 526 782 656 410 1050 795 1054 1064 1711 1588 1591 186 1470 1471 834 1602 719 1616 1493 1626 347 858 1122 1263 1136 1400 
1031 1539 1542 1034 11 1548 1553 1045 1559 536 1050 1053 32 1572 1071 559 54 1591 56 576 1600 1096 1097 587 1616 592 1107 1623 1116 608 612 1640 112 630 1657 633 124 1662 1151 638 639 1155 137 655 656 1171 1190 1191 1199 1204 184 702 704 196 1220 719 215 1246 735 1255 263 781 783 274 1302 279 278 287 294 1322 811 855 868 884 1400 1401 388 1419 908 1423 917 1429 407 411 925 425 1455 1457 444 958 1470 1498 989 492 1006 1519 
1032 1034 781 1553 277 410 161 291 549 424 54 833 203 460 1485 1107 985 1116 102 
1033 1156 1264 1553 
1034 1024 1026 15 531 536 24 1050 1053 1054 1574 1064 1065 1577 1580 1075 568 1595 62 576 1600 577 579 64 1093 1623 1626 604 1128 1130 112 119 124 1661 1662 138 658 1682 1193 169 172 1197 1199 689 180 182 1209 697 211 1241 733 1250 775 1288 779 277 280 284 798 1313 810 827 847 848 1362 858 365 882 372 385 1412 403 404 920 925 935 938 940 1457 946 1461 1468 444 1470 460 1497 493 1517 1519 1018 
1035 1536 384 1155 388 1541 775 1543 777 138 394 523 1037 526 1679 656 528 767 1301 1302 25 670 1183 1151 418 1704 1705 170 555 811 685 810 815 47 1070 1716 1717 1078 1079 182 1335 314 1204 828 1471 448 967 1097 204 1486 1487 1361 1364 1493 473 1369 1242 1501 1123 868 874 1134 1263 1136 499 1397 
1036 1027 585 302 
1037 835 612 742 301 1487 
1038 675 1368 965 613 1566 1322 1612 334 1400 954 
1039 1249 294 360 1482 1675 1015 
1040 1322 523 702 1356 1487 656 335 222 1556 1204 1400 891 
1041 1504 360 1683 1653 118 406 
1042 1539 1034 523 15 1040 1553 16 1045 1064 1070 1073 575 1089 1607 1609 587 1612 1105 595 1116 606 1129 109 1657 1662 1151 1664 641 643 1158 134 652 141 656 146 163 1717 702 709 198 1224 206 721 725 1246 748 1278 1288 1302 1311 804 1322 811 813 302 311 1341 842 334 1362 1364 355 1399 1400 379 909 925 414 1444 424 951 1464 954 447 1471 965 977 980 1497 1498 993 
1043 835 612 1487 656 1107 407 1400 827 
1044 1224 138 810 394 1038 1204 182 
1045 1313 1349 653 15 1116 305 658 1621 951 285 412 
1046 1155 388 1541 1034 638 1036 11 782 1675 272 1553 1418 1429 1302 1050 1023 924 925 1566 1151 416 811 1580 302 174 1711 1713 1716 1717 54 56 1082 1470 702 706 835 1097 585 1612 1229 206 1487 1616 719 1100 1107 725 1493 1116 1375 1122 868 612 1127 748 237 1006 1263 633 244 1400 1657 1277 
1047 384 388 1029 1032 11 1165 782 1169 794 170 811 1707 1711 303 177 692 56 1471 1102 593 1362 1620 1493 1116 477 1122 1000 
1048 322 424 1224 170 1323 1485 150 
1049 1157 510 262 1159 907 1548 15 1040 1553 528 17 404 917 662 1173 278 1559 1426 412 1053 669 1183 1313 1699 1188 1444 1534 37 425 1662 938 1324 813 430 1578 554 172 1591 444 62 574 576 1601 1219 451 197 839 1225 459 1612 79 592 977 976 464 340 1621 1625 1119 1631 743 1262 496 1521 1137 884 124 
1050 965 1574 549 585 9 748 302 1368 1023 
1051 1024 269 531 148 407 1054 1566 291 1572 1064 1705 431 440 833 200 1100 1626 858 1377 1125 1127 1259 748 1133 
1052 1664 736 868 773 581 457 170 394 523 531 1301 1334 215 824 
1053 1679 147 418 1662 1078 1079 1471 833 204 1242 1116 1501 1628 1246 608 496 1400 
1054 5 7 11 15 17 21 28 32 45 47 48 50 54 56 67 72 78 79 80 86 87 98 101 104 105 107 110 111 113 115 133 140 141 145 146 149 150 158 160 167 171 175 180 183 185 189 190 191 204 209 212 219 221 226 228 231 232 236 240 241 247 253 255 262 272 277 278 287 294 298 303 305 309 313 316 317 319 321 347 350 354 355 356 359 367 377 379 380 387 388 389 390 391 394 399 408 410 412 414 417 418 419 421 425 430 433 438 441 464 465 470 471 478 481 484 496 504 511 513 514 515 518 531 532 534 539 542 543 548 549 553 561 563 565 567 571 576 581 584 587 588 592 597 598 602 603 604 605 608 609 612 630 633 638 639 644 645 651 656 663 667 669 671 672 674 676 687 690 699 703 704 711 712 713 716 718 725 728 737 747 748 752 754 761 769 772 782 790 791 794 807 809 816 822 825 830 835 839 844 848 853 856 867 868 869 871 873 877 878 879 882 884 891 892 900 901 907 910 914 916 917 918 925 930 935 940 942 945 946 949 964 968 970 977 980 984 987 999 1003 1004 1011 1018 1026 1027 1033 1034 1045 1049 1054 1059 1064 1066 1073 1078 1079 1081 1086 1100 1106 1107 1108 1110 1114 1115 1116 1119 1122 1126 1132 1137 1138 1140 1143 1145 1157 1159 1162 1164 1166 1173 1174 1182 1183 1184 1189 1197 1198 1202 1203 1208 1217 1220 1223 1225 1227 1234 1237 1242 1246 1258 1260 1263 1266 1274 1281 1282 1285 1289 1295 1301 1313 1322 1323 1324 1329 1331 1333 1334 1335 1336 1339 1342 1349 1351 1364 1369 1372 1373 1377 1384 1393 1395 1399 1401 1420 1423 1426 1429 1435 1440 1442 1444 1450 1455 1458 1459 1465 1466 1486 1487 1492 1493 1494 1495 1500 1501 1503 1511 1513 1520 1525 1526 1534 1535 1536 1539 1541 1542 1551 1552 1553 1555 1559 1560 1561 1574 1578 1582 1591 1592 1601 1603 1604 1605 1607 1611 1615 1618 1620 1624 1625 1627 1635 1637 1641 1643 1646 1647 1649 1657 1658 1661 1667 1676 1677 1679 1680 1685 1699 1702 1705 1709 
1055 1024 514 1541 1030 1040 1553 531 1045 1046 1559 536 1049 1054 542 549 1064 40 1073 1588 54 1591 1590 1592 1078 575 576 1602 579 1096 584 588 79 592 1107 602 1116 1122 612 1637 108 1653 119 633 638 127 1160 648 141 1166 1679 1169 1171 1174 662 1702 1711 175 1199 691 185 699 192 704 197 1221 1224 1225 202 1228 204 1242 220 737 1251 740 1255 748 1262 1263 1266 248 1288 782 783 790 278 279 286 803 808 1322 1325 813 822 315 834 835 1349 846 847 848 1362 1363 340 856 858 864 353 884 372 1399 1400 1401 1409 1429 412 925 418 1444 935 937 425 1457 951 1464 441 443 1468 453 1486 1487 463 1491 1493 982 474 1501 997 1513 1005 496 1521 1010 1526 504 
1056 1024 15 656 1553 916 662 1431 1688 281 536 925 1054 287 1183 285 672 32 1450 1325 1199 1455 1457 1331 1591 951 315 1471 576 578 197 1478 72 1096 461 1485 78 465 209 858 1628 732 375 997 102 1384 1513 237 1005 1393 1649 1399 1016 892 
1057 1539 8 10 522 1553 1554 30 1570 1572 1061 1579 57 572 1087 583 72 1098 587 1615 1110 1116 1629 1631 610 611 614 618 1131 623 111 1144 125 1152 648 139 143 1684 1686 667 1187 1699 681 172 1206 700 217 218 1254 1266 766 1279 1280 1281 772 268 780 271 789 1312 803 807 808 817 306 1336 1349 340 355 879 371 1400 377 380 1417 934 1451 429 432 945 1469 961 969 971 1488 984 474 1508 997 487 1005 1517 495 1010 1011 
1058 1539 1544 1552 1048 32 548 549 1574 1578 54 1591 1086 581 1607 72 587 1615 80 79 595 1107 1116 606 110 1666 134 1161 669 161 676 689 1716 185 718 732 224 1250 748 750 754 1289 277 287 1322 302 1326 815 313 828 317 840 850 345 1372 877 880 1397 886 1399 1400 892 1408 1411 907 402 916 926 1444 936 424 1455 946 441 965 967 968 496 1520 1010 1529 
1059 1553 146 532 1174 1047 414 1607 200 584 1225 1244 1245 1246 1643 368 1399 504 123 
1060 1444 779 1451 1518 80 656 630 1116 
1061 900 1541 388 1034 11 782 399 656 1553 788 1429 277 417 1534 1711 54 56 954 574 833 835 334 1487 1107 1493 471 1116 1122 484 612 104 1263 1647 633 879 1657 892 
1062 904 457 170 523 812 366 1584 400 
1063 128 1030 1158 1291 780 909 1037 1040 1553 1552 787 1686 409 1305 1691 1564 287 549 1061 679 167 1193 813 1454 817 1076 1206 313 1594 1338 1341 573 575 1349 198 583 1351 1357 718 848 1488 1362 1107 982 1623 218 220 1632 1120 353 224 612 1506 1638 993 104 1002 1131 1517 1262 112 117 1526 1399 886 502 506 
1064 549 902 1262 
1065 1019 655 1553 894 405 661 1046 549 1574 313 955 1085 833 1217 343 1116 1373 351 237 1147 
1066 513 1282 259 263 394 140 1295 1552 1553 917 1149 1563 672 1442 1534 1319 679 1662 682 172 1581 1198 1329 434 1204 309 694 1591 1334 1589 180 955 702 191 576 705 1603 968 207 848 978 1362 471 1112 1246 737 740 365 1649 372 1400 
1067 1155 1542 138 269 1423 656 914 1685 407 287 675 810 559 1459 182 443 448 1220 1097 1618 1244 867 1637 1513 
1068 1 513 1539 3 1542 1034 10 11 15 1040 1553 1554 1555 1552 20 528 1559 536 1047 27 30 1054 543 1570 548 1534 1064 1067 1581 563 1588 1589 1590 55 1591 566 56 1079 567 62 63 576 1089 67 579 583 1096 587 590 592 80 1108 86 1114 1116 604 1632 98 610 1634 613 1122 615 1640 616 1131 108 1646 1649 1651 1657 1149 1150 640 645 1160 1675 1164 140 656 1680 658 1682 660 1171 150 1688 152 666 1689 1185 676 679 172 1196 1198 1199 688 1711 685 692 1717 180 183 1204 1209 185 697 189 702 190 199 1224 201 200 1228 1235 1239 1243 1246 737 226 227 1255 235 1260 751 1266 1267 246 761 1276 764 766 1282 258 1285 774 263 1288 1289 778 782 783 272 1299 790 791 279 278 282 1306 286 1311 1314 298 813 1329 309 1336 1338 322 324 1349 840 1354 334 847 848 849 1362 1367 857 858 346 349 350 865 362 1393 884 1400 896 897 388 904 905 394 393 1421 397 399 1423 914 405 1432 410 1435 924 413 925 1442 1443 1444 1445 933 935 934 425 938 1452 1457 436 438 951 954 448 961 964 456 1481 457 977 1489 979 980 1491 1493 471 1497 474 1503 1507 1513 505 1006 1519 496 1008 503 1528 1017 506 
1069 1160 141 15 656 1553 1069 562 567 951 1591 831 1224 718 1487 1364 481 737 
1070 835 612 1487 
1071 547 549 702 1004 1420 595 1591 1561 317 
1072 1122 1541 782 1711 
1073 656 400 146 1050 926 414 416 685 559 1461 314 1470 702 835 1607 585 1100 1487 1616 719 1107 1624 612 366 
1074 1122 1541 782 1711 
1075 1024 1536 1541 1030 1034 11 15 1553 17 1554 1556 1564 1054 1570 1062 551 1578 45 47 48 50 54 1591 56 576 1607 79 1106 1107 85 1624 1626 1116 1122 612 105 107 630 1657 633 1145 638 639 1159 656 146 148 662 669 672 1699 163 678 1705 1711 688 1714 1717 1211 705 195 1219 197 210 725 1246 1250 227 1252 1263 241 1268 762 1276 255 1284 775 782 276 287 1333 310 1335 1339 1342 835 1353 333 846 340 343 1369 858 877 878 1399 890 1403 1411 388 387 906 907 402 917 1429 407 408 1436 414 1439 930 1444 934 936 430 1458 951 442 961 968 1487 977 978 1493 983 997 496 503 
1076 776 457 1356 335 1140 
1077 769 388 1541 1034 638 11 782 15 1040 1553 656 146 1428 1557 1429 1564 414 1444 813 1711 690 1204 54 951 1592 696 56 1219 835 197 1603 1607 1487 465 1107 340 1493 1624 1628 1501 1116 97 1122 612 1263 496 633 1399 1400 1657 507 
1078 1281 1541 651 781 782 656 1553 807 1711 945 1336 320 1487 1493 1116 1501 1122 1380 1644 1263 111 
1079 2 1539 1030 1548 1037 15 1552 1553 536 26 1564 30 32 549 1577 45 1073 52 1588 54 576 72 1096 587 1614 1106 1107 596 98 101 102 1128 1651 1653 1662 638 131 1677 656 144 1683 1172 1176 1693 1183 675 167 1709 1197 1199 1716 1204 1206 702 703 1219 1228 718 209 1235 727 1246 226 1250 748 1272 255 283 287 294 1322 1325 813 302 305 313 317 334 1362 858 347 1380 870 878 886 1399 1400 1401 889 1411 1412 387 399 401 917 406 1429 1432 1434 922 925 1444 935 936 1455 1457 949 441 954 1471 451 1477 968 1485 461 1487 471 1501 999 1513 490 496 1521 1009 
1080 1664 1670 1287 777 138 1674 1292 1037 1678 523 656 526 1294 1555 1044 1301 1558 1302 531 767 1700 1321 810 1323 811 301 1070 1454 177 182 824 1465 954 573 62 1471 1088 1214 1090 1093 1102 206 334 1234 343 1368 1624 1116 861 1246 736 1253 742 1385 238 1519 1264 1266 500 1399 1400 
1081 1034 910 1553 18 1429 921 1434 544 549 1062 1588 54 1346 1349 591 1362 1107 1116 
1082 1603 103 1640 1675 1553 1400 
1083 612 1706 1322 1487 1107 54 
1084 1546 1548 15 1040 1553 533 1053 32 549 1581 1071 576 1607 72 586 604 1129 619 109 1653 124 1163 146 1683 662 155 1693 161 167 680 172 689 188 196 1221 1227 718 209 741 1262 246 253 255 277 789 1310 287 800 1313 813 305 1329 820 313 319 833 1355 1362 1365 1373 873 365 369 1394 886 1399 903 905 917 406 1434 926 414 1455 951 444 450 1490 983 984 1501 997 1012 
1085 1553 1107 1429 54 
1086 1122 388 11 782 335 1711 1493 150 
1087 303 1423 1620 1239 
1088 294 811 748 718 703 1106 1716 661 
1089 1386 42 977 1362 82 
1090 1666 1155 771 133 1541 1160 523 141 1423 656 1040 1275 1553 1301 150 1687 1048 1302 410 538 668 1566 1183 1311 163 423 170 1322 811 685 813 812 1584 560 1329 1591 951 185 314 1599 1471 1089 965 199 1097 585 972 1485 1486 719 1616 1103 206 1487 1364 1493 215 1368 91 1628 1244 96 226 738 868 103 877 1263 881 630 1400 123 
1091 1664 517 1030 11 1420 656 1553 661 536 1561 287 32 1444 1534 934 938 1451 172 173 1199 1455 1073 690 310 1591 951 54 62 702 1215 961 1349 968 72 74 209 977 1107 857 858 1116 737 229 487 490 1004 237 1262 496 1010 756 757 1399 1400 
1092 1024 1027 1542 1544 1036 1037 1038 1552 1048 1054 1566 32 549 1574 1070 54 1591 568 573 1092 1607 585 1100 1614 1617 1107 1624 1116 612 1128 1129 1649 1140 633 1147 1662 638 1668 134 1161 144 146 660 150 1176 170 176 186 702 703 1224 209 1234 1236 224 226 748 1294 272 274 1305 287 294 1323 302 1334 313 334 1359 1362 1364 1365 1368 345 858 868 1380 360 886 1399 1400 380 1423 1429 926 927 414 424 1454 1455 438 441 954 1471 959 965 988 1516 1524 507 
1093 719 1616 1553 
1094 64 577 616 1075 246 920 
1095 1122 1541 782 1711 
1096 641 650 913 660 1556 151 1180 166 1205 440 702 1471 1599 1092 1231 1107 344 222 
1097 1539 835 612 587 
1098 1024 1537 386 1541 904 777 1675 526 656 272 400 1556 278 1559 1431 1691 668 924 1054 670 159 671 804 1064 425 1322 555 304 435 947 185 954 1471 706 70 455 973 1486 1487 592 334 466 1365 725 1493 600 858 732 1248 121 868 1383 361 1261 1134 366 494 1263 370 884 375 
1099 416 1127 585 105 748 1100 302 630 
1100 650 656 1553 547 1451 835 1603 1352 74 1487 977 1107 603 120 1116 1119 612 
1101 1155 360 1097 1257 719 
1102 1538 1591 742 172 301 1073 
1103 1155 1167 656 1553 274 1428 1557 1050 287 549 938 1662 690 696 313 1468 1470 1097 1624 1497 732 733 97 1005 112 
1104 1539 1160 1295 144 272 146 1556 1566 414 294 1064 1706 1662 431 1712 1204 1591 1467 702 1603 1477 1607 587 1234 595 1364 1622 474 475 1116 93 1246 739 881 
1105 1538 1539 517 1030 521 15 531 1046 1566 1534 551 1064 1578 1535 1581 1069 1078 1591 1079 569 1086 575 579 67 72 587 79 83 1624 1116 605 608 1633 1637 1128 1129 1649 630 1143 1662 1151 642 1158 1671 1160 1167 1679 1168 1170 668 669 671 1184 675 172 173 185 699 702 1215 192 195 709 198 1224 203 1228 718 214 1242 1248 737 742 1257 238 1262 1266 756 245 246 757 761 256 1285 775 1288 777 269 1302 792 294 1322 811 301 1326 310 1341 1342 1349 1362 1364 858 350 865 1379 359 360 871 1387 366 372 1399 1400 1401 1415 907 909 400 402 914 917 407 1435 1442 418 1444 421 1445 435 1461 949 1465 1471 453 1482 1485 977 980 474 1501 481 993 487 1000 1513 496 1520 502 1015 508 
1106 1219 549 574 638 1553 1107 1429 54 1400 
1107 549 748 1646 
1108 1537 1542 1556 1560 536 1050 543 549 1064 564 565 1078 1591 63 576 575 1603 1607 72 1096 83 595 1624 1116 608 1123 1637 1132 112 1653 1145 1662 141 1679 656 662 150 152 159 162 169 172 1199 1204 702 204 1242 733 740 237 1261 1266 1294 790 280 286 1324 305 317 833 1349 1351 334 1362 1364 343 885 1399 1400 1401 387 1423 925 414 418 938 1457 440 954 1468 1470 447 968 973 977 1501 1513 494 1007 1010 1525 
1109 1539 1289 656 548 549 676 1061 1322 313 186 317 702 1471 587 80 1246 1249 
1110 1155 1190 1097 748 719 1616 
1111 512 1031 1044 534 536 27 28 1569 52 1078 568 60 1600 1100 1624 603 1120 608 1637 101 1127 1640 1128 1147 1662 1159 648 1676 1679 148 1176 1691 166 170 683 1707 1199 176 1713 1203 697 192 197 200 204 1242 748 1272 771 783 803 294 316 317 340 864 867 868 362 878 1399 1400 1401 380 910 401 922 925 1440 929 418 1451 432 1459 440 956 460 1491 989 1501 480 
1112 320 1027 1382 137 861 792 242 660 1204 1400 1116 893 
1113 32 355 968 1611 269 1262 1455 656 1553 209 308 1399 1628 1246 
1114 1633 1603 327 746 172 1037 1454 1487 656 1591 1400 1116 
1115 1536 1248 742 440 1322 170 237 301 15 656 83 435 150 951 
1116 1539 1030 1401 1034 1040 1553 145 657 1429 662 278 1559 536 925 1309 1184 675 1059 421 1571 1534 934 425 302 1199 815 305 690 1717 54 951 1463 701 317 961 1219 967 968 1609 587 1100 718 592 1107 725 214 1497 858 1116 1501 1246 1375 355 612 1127 105 873 490 236 1005 748 1130 241 633 1137 884 1397 630 1399 757 377 1530 
1117 641 1541 1034 1553 1429 1704 1322 54 62 835 1092 1107 1493 1118 612 1263 1400 633 
1118 1064 1000 394 1070 719 1616 1264 1204 
1119 1541 1263 242 
1120 523 1040 278 1559 418 935 425 559 1591 328 204 592 1496 1501 355 1639 365 242 884 
1121 1603 868 1382 774 777 1234 242 1204 824 861 
1122 1633 1155 1541 294 775 1097 1263 656 1493 
1123 1285 1420 656 1531 1561 286 33 294 1588 1716 186 699 828 702 190 1471 833 322 337 594 338 474 1116 1246 503 
1124 1026 255 1411 1288 521 1034 1546 145 1302 1023 1564 1311 1059 549 294 1064 936 811 172 1581 302 1591 313 702 192 982 1623 983 1016 1116 220 353 226 1250 997 242 1400 
1125 96 835 612 1662 522 1487 
1126 1024 515 1540 1033 1548 15 1552 1553 1554 1040 529 22 1559 536 1048 1560 539 1023 1053 32 1570 1059 1571 549 1580 1073 564 565 54 1591 1080 574 575 576 1601 579 1100 1614 79 592 1616 591 83 1107 1105 1618 87 1624 1625 1626 1116 604 1628 609 100 1637 614 1127 615 105 1130 1132 1649 1137 1139 630 1147 124 1662 1156 1157 1158 138 1675 656 147 1171 1685 150 662 1173 157 1183 1184 672 674 675 678 1704 170 172 1708 1199 690 178 180 1717 1206 182 1204 185 703 192 709 197 1221 198 1227 719 209 210 725 214 733 737 1251 1255 236 1262 241 754 757 246 248 249 253 262 1288 1295 272 783 277 789 278 280 279 797 286 287 1310 1313 291 294 296 1322 810 1323 813 302 305 822 1334 313 317 1341 319 833 1349 839 1353 842 334 848 1360 1362 1364 340 343 856 857 858 1375 358 873 372 1399 1400 1401 1402 382 1407 909 1426 917 407 919 1434 924 925 1444 421 934 425 938 939 1455 1457 951 954 956 1468 444 1471 961 1473 965 453 968 1482 464 1490 470 986 988 1504 993 1000 1513 490 1521 502 1015 1530 1021 
1127 576 353 1155 1220 1097 1354 
1128 1668 1035 1423 1054 926 416 162 163 1574 170 1584 568 185 440 585 1100 1359 336 86 1500 868 1128 748 242 
1129 675 913 978 
1130 1122 1541 782 1711 
1131 1250 195 1411 1559 775 936 425 1662 15 592 690 884 597 278 1591 
1132 1536 414 775 1607 585 638 748 1037 302 1553 146 1107 1079 54 1399 
1133 1272 255 644 781 657 1556 1302 1303 155 1023 926 1310 416 670 163 1443 549 933 1444 1064 680 1706 298 811 939 302 1070 1591 1463 440 954 1468 574 832 706 324 965 199 585 1100 1485 1228 334 848 1490 212 1365 725 472 1116 733 1375 225 613 1127 872 1385 105 748 1132 496 1521 1394 630 1400 
1134 1566 428 656 913 1264 1556 1465 
1135 656 661 1433 412 286 672 547 1188 1060 1716 1591 699 317 702 460 848 977 83 1116 120 738 868 1264 1400 
1136 513 1 1539 514 517 1030 510 8 1029 1034 511 524 1548 15 1551 1040 1552 1553 534 1559 536 1050 1564 1053 542 540 1054 548 549 1065 1066 1067 1580 1073 54 1079 1591 1078 57 1595 61 576 65 67 72 1097 585 1609 73 1096 1613 587 1616 592 80 1107 81 1112 1626 1116 93 605 1629 612 104 1132 1647 1648 633 635 1659 124 638 129 1153 1155 645 1671 137 138 1675 1676 1677 140 1679 1682 659 1684 662 1691 157 1182 1181 673 1187 676 675 1703 681 1193 172 685 173 1199 1710 1713 180 1717 694 1206 182 185 189 702 1215 192 1216 1218 1219 1220 197 709 1223 1221 710 202 203 717 719 210 211 725 214 1241 730 1242 1246 1248 225 737 228 229 1254 1257 1258 747 1260 237 1262 1267 756 248 249 761 256 772 1285 261 775 1288 1289 778 260 1293 271 277 790 278 280 285 1309 799 1312 798 802 1314 808 810 298 1324 305 306 1329 310 313 315 828 831 836 1349 1351 1355 332 846 848 1362 340 1365 1367 858 350 1374 865 867 360 873 1386 1387 879 1393 1395 371 884 1399 1400 1401 379 892 1405 385 900 901 904 1417 397 910 399 914 403 1429 407 921 1434 1435 924 925 410 417 1442 418 1444 419 934 935 1447 425 429 942 1457 434 435 1459 951 952 443 444 1469 1470 446 448 961 191 956 960 969 1483 1486 977 466 1491 465 1492 980 471 1497 1501 480 995 484 997 1508 487 1512 1513 490 1003 1004 1005 496 1010 1525 1018 508 
1137 585 748 302 
1138 775 1612 173 1005 559 1010 885 
1139 1156 779 719 1616 726 1050 
1140 612 549 197 775 588 15 591 1235 1651 1107 534 
1141 1537 1 1539 517 1030 1542 8 1037 1552 1554 1560 30 1570 1572 1573 1061 40 1067 1070 1073 1077 1590 1591 1078 565 55 1594 573 575 67 1607 72 583 587 79 1615 1106 595 1620 600 1112 1116 1633 610 1123 1637 614 616 107 1131 1133 1647 117 630 629 1144 1145 1662 1152 1669 645 135 1160 139 653 141 1677 656 1169 1679 146 150 1686 157 1181 159 671 162 675 1187 163 679 681 682 173 175 1200 1202 694 1206 699 189 193 1221 709 1224 715 204 1228 718 1230 210 212 217 218 1242 737 229 232 1261 754 756 246 248 761 766 255 1279 258 1285 780 268 271 273 787 789 277 791 794 1314 808 1322 298 1324 303 310 823 1337 317 1349 1351 1352 1357 1362 341 1366 855 857 347 349 350 367 1399 1400 1401 892 387 900 392 905 1423 399 914 409 410 1435 924 1438 414 1441 418 417 1444 933 1443 934 935 938 1451 1454 946 1458 448 961 450 965 968 971 973 1486 1487 1488 1489 466 977 980 471 474 1500 1501 484 1511 1004 1517 1005 1007 496 494 1010 499 1525 505 
1142 549 1574 167 
1143 549 813 1487 1040 1116 
1144 549 775 1609 685 725 1717 
1145 1664 1603 549 1029 1000 394 335 
1146 514 1295 656 926 543 416 542 1700 549 294 680 302 1591 703 1603 72 1100 719 1616 595 1621 598 1375 864 355 1127 1128 1130 237 1652 1399 
1147 549 585 302 334 1045 313 
1148 224 868 549 965 199 134 585 1614 655 1552 886 
1149 549 1574 1193 313 
1150 1030 8 766 271 1040 1553 1429 1686 536 1053 925 287 32 1059 1190 679 934 938 1662 1451 1199 1455 1457 1077 54 694 1468 444 702 576 961 1349 583 1096 971 1101 1488 209 1107 858 218 349 1120 355 229 616 1513 1131 1005 1010 246 
1151 675 549 1106 
1152 549 917 1399 
1153 2 131 1700 207 80 176 596 1399 
1154 1664 141 911 531 148 1301 1556 407 1180 286 547 166 170 1069 1070 1204 186 447 452 868 1392 1649 
1155 1539 777 1034 141 656 400 1045 1302 153 1050 410 1064 424 1706 811 172 1583 560 1716 1470 958 320 575 1471 1603 587 1228 1487 848 1362 1107 1116 1246 96 612 868 366 1264 502 
1156 1411 388 518 1289 1034 910 1552 145 784 1040 1553 1555 146 1432 410 28 157 414 1183 287 543 930 1059 548 549 1573 935 936 1063 1322 170 932 1325 1710 1450 1451 32 1074 690 1455 56 1599 1471 1089 965 1478 1607 676 1485 718 1614 80 848 1362 209 1364 208 1235 858 1116 1117 225 226 1129 1649 1394 1266 1651 1399 1400 1657 
1157 1155 1288 1034 656 528 1298 1301 925 1183 1717 185 579 1097 457 725 854 858 1116 105 237 241 
1158 1603 1700 166 1642 654 948 439 
1159 1024 1 517 1030 1543 8 1542 1549 15 528 1553 1040 1022 23 24 30 1571 549 40 1067 1073 1075 1077 54 1591 1590 1594 58 64 577 67 1092 579 582 583 72 1101 1615 1107 87 1627 1116 606 609 98 610 102 105 1131 1651 117 630 638 1675 1676 1677 656 1686 1175 1179 668 157 1181 1183 674 675 679 682 685 1710 692 1717 1206 185 192 1221 1224 1227 1235 725 218 732 1246 229 741 232 236 1262 241 1266 766 1280 1285 1288 271 273 787 790 791 1309 287 1314 1322 1324 305 307 1337 314 315 317 319 833 1349 1362 857 858 347 1399 1400 892 1405 380 900 394 399 1423 916 1429 407 1432 920 924 925 417 418 929 930 1444 934 935 1450 938 426 1451 432 434 951 442 446 961 968 971 1485 1486 1488 977 1489 979 1491 983 1497 987 1501 997 1512 1004 1517 1005 496 1010 505 1530 
1160 514 7 1544 523 525 15 1552 1561 542 32 33 1059 549 1070 1072 1079 571 1601 582 1607 1624 1625 1114 98 102 1645 1649 1137 120 121 1662 1157 1673 145 146 1172 661 662 1173 665 1694 167 680 1706 171 172 685 690 185 709 718 209 210 1237 1238 733 1246 1256 750 239 1262 763 262 784 281 283 287 293 1322 1324 815 1334 825 314 313 839 1354 845 334 1362 850 347 859 1397 1398 1399 377 1403 1406 898 902 906 1420 1426 414 1450 939 1455 943 944 954 1468 1471 1477 967 1485 461 464 983 471 484 
1161 1664 440 170 523 1556 1400 
1162 1220 292 549 1607 520 1546 748 1262 146 926 1399 1624 
1163 1155 1097 719 
1164 1536 1024 1528 1037 15 1552 1553 1045 1046 1559 1048 1049 536 1560 1564 1023 1054 32 549 1573 1574 1064 48 1073 1077 1078 1591 1592 1079 565 55 573 576 1607 1096 585 584 588 1614 1615 1103 79 592 591 1106 1624 1643 107 629 1653 121 1145 129 1159 1675 141 1679 146 1173 1174 669 1185 162 675 163 1702 685 175 1199 689 1209 185 704 1219 1225 203 209 1242 748 237 757 249 255 258 261 262 1288 274 1309 287 802 292 302 305 313 1362 857 858 359 1395 884 1399 387 905 407 924 925 414 926 1444 425 938 1454 1455 1457 1458 436 951 441 1468 448 963 1481 1486 1494 1500 1513 496 1526 1527 504 
1165 1122 1541 782 1263 
1166 835 612 1487 
1167 1541 523 782 656 916 1183 1184 1189 421 1711 54 835 1487 1107 1493 1122 612 
1168 1122 1541 779 843 782 1263 1711 1493 
1169 1145 387 255 905 1679 1040 15 146 917 278 1559 1048 536 410 150 284 925 412 287 32 1560 418 675 1444 163 162 935 1704 425 414 172 173 813 1199 1455 1457 1458 565 1078 1591 951 185 1468 576 579 1607 968 72 1096 204 463 592 209 1106 980 1497 1242 858 1116 1501 857 1500 608 865 1513 490 107 1005 496 884 629 1653 1399 1401 
1170 1362 502 1400 
1171 549 680 1193 1262 1071 124 1016 444 1404 
1172 294 1127 1375 585 748 302 1295 1359 1524 
1173 1541 1029 1034 656 913 1556 1566 289 549 1662 43 447 1487 1493 736 868 1263 
1174 1539 144 150 549 167 1064 940 434 309 1589 1591 313 1471 587 79 1116 1246 98 379 
1175 578 1412 1577 1706 237 1197 913 881 886 1400 
1176 835 133 424 1322 1036 1487 656 272 1716 
1177 128 896 772 1542 905 138 1675 394 783 656 1553 1423 1299 1429 150 149 922 924 1181 1566 1443 933 810 1324 685 54 182 702 1471 1356 1486 719 1616 977 1107 85 1116 349 616 360 1646 1266 246 
1178 1122 1541 782 1711 
1179 545 835 612 774 169 170 523 702 1710 1487 656 1107 
1180 514 517 1541 15 1040 1553 529 20 22 1563 1053 542 32 1572 1534 553 1065 45 1588 1591 567 1602 67 1605 1607 74 1612 78 1106 597 1624 1626 1116 1119 1634 101 1130 1137 120 1148 1661 1662 124 140 656 658 1682 146 1173 157 1183 672 671 1699 1188 168 1193 172 688 1203 1208 699 189 190 191 705 712 1224 1227 204 209 1246 738 234 1262 1263 757 1274 1276 253 1285 262 1288 285 287 801 803 302 1331 310 822 317 319 834 324 326 334 848 365 1399 1400 887 382 401 916 407 412 1438 414 1440 1444 1455 433 1461 951 442 954 444 466 978 1493 1497 1006 1010 1523 503 1528 1018 1021 
1181 355 549 313 1420 1487 656 1039 434 662 1399 1561 
1182 1155 1097 307 
1183 641 1122 612 1541 782 1263 1711 1107 
1184 512 1027 1029 1541 1542 1553 1556 1046 1022 43 1070 1078 1596 60 575 1603 592 1116 608 1637 634 1150 1662 1665 1676 654 1679 656 1169 151 1177 670 1700 170 1707 177 692 1205 183 703 1224 200 204 1242 1246 734 222 737 738 1263 1266 263 777 1300 804 294 808 1322 1324 825 316 320 835 324 1349 1347 1351 1362 863 1379 362 1392 372 1400 1401 891 394 910 1423 913 1437 925 418 1456 440 442 1471 964 1484 977 1493 474 1501 1001 1008 1525 
1185 640 1024 1539 1541 1542 391 1528 777 1546 904 782 15 272 656 1423 148 1431 152 407 280 925 671 672 1311 418 543 1064 1322 812 1711 1331 1716 1717 185 442 574 447 835 199 587 78 1487 1616 719 1107 1493 470 983 858 1116 732 1122 612 1637 361 1259 1134 1263 1266 375 
1186 1283 1156 517 774 5 1288 1545 523 656 1556 1301 1558 1050 1150 672 288 1569 547 1700 294 1064 1576 170 172 685 1070 301 689 1716 185 314 1470 447 703 1603 328 715 460 975 849 210 1106 84 861 1633 868 742 1382 1643 877 1262 113 
1187 1541 146 1050 414 287 32 294 1455 951 1591 1470 703 1607 209 1493 1109 1624 1633 1263 
1188 1553 1107 1429 
1189 1 1030 15 1553 1048 1561 30 32 1059 549 1067 49 54 1080 576 67 72 1107 1112 1624 93 614 626 638 1151 1161 1677 668 675 173 1206 185 1221 209 211 1241 1246 748 1285 273 789 1302 1310 287 798 811 302 313 833 836 1349 1366 865 873 880 1399 385 1420 399 403 1429 917 418 1455 434 1478 968 1490 985 475 1501 481 997 1513 496 505 
1190 1034 810 138 1429 182 
1191 1158 394 1163 1035 909 910 913 787 1301 407 153 1050 1433 925 926 1183 927 1566 1310 547 1188 293 549 166 421 165 1662 1063 172 1709 1325 170 1074 1334 1465 316 1341 1342 1471 1470 575 447 1603 1220 709 1184 1351 198 74 332 718 1105 1490 1362 723 1116 1373 1246 224 993 741 1129 1262 878 1525 886 502 248 763 
1192 1536 1026 11 15 1040 1553 528 529 22 1559 1050 32 1059 1578 1073 563 54 1591 56 1601 579 1607 79 592 1107 597 1625 1116 605 612 1137 633 1657 638 639 1157 1671 653 656 657 145 146 1173 662 157 669 1183 675 171 690 192 1220 197 204 209 214 728 1262 1274 262 278 1309 287 813 305 839 873 1387 878 1395 884 1399 1401 377 379 1409 388 902 907 1426 1429 1434 925 414 935 425 1455 433 949 951 1463 1470 453 463 464 470 1497 1501 490 496 508 
1193 1281 770 1539 1158 638 909 1553 1429 1564 287 32 674 1059 807 1451 1455 945 54 1336 1341 575 1219 198 587 590 80 209 1362 1107 212 1105 87 857 1116 349 1246 993 355 616 111 246 
1194 512 1028 1035 523 526 1038 531 1556 1044 23 1052 29 1566 1569 36 37 1070 1587 567 570 60 1597 62 1603 581 1095 1610 1099 603 1116 95 1635 1639 103 1642 1138 115 116 1659 126 1662 1664 642 1156 1669 136 1674 1165 1678 1168 660 151 1179 156 1180 1700 166 168 169 170 686 177 1204 693 1207 1214 200 714 1231 721 723 726 731 738 1265 242 776 265 787 1301 792 793 1308 299 812 1328 819 320 1347 842 1358 1364 1370 866 868 1382 1385 1400 382 1413 1414 1416 394 913 411 426 948 1462 1465 957 1471 1472 457 469 1499 991 992 1505 
1195 1024 1 514 1546 511 1036 1039 15 528 1040 533 26 1565 1054 542 549 40 41 42 1064 1071 1073 49 1587 1588 1076 561 1591 1079 1602 1603 72 1097 1101 82 597 598 1624 1114 94 101 102 1127 1643 1662 1155 645 133 1161 1675 1167 152 666 677 1191 679 682 172 685 1196 1709 690 1715 1204 180 183 186 703 192 1218 708 710 712 713 202 1227 727 220 1246 737 740 1256 1264 1266 1274 1290 1295 1298 276 277 790 791 284 805 294 1320 809 1324 813 304 306 1334 315 317 319 834 1349 841 332 848 850 857 858 1375 353 1377 1386 878 1393 1394 883 372 1399 377 382 901 390 391 916 1431 407 924 925 418 1447 1450 939 430 951 442 1485 1486 977 465 466 980 1491 982 471 472 1492 983 479 1511 1009 1522 1527 1020 
1196 549 748 654 848 1400 
1197 1472 449 166 1566 1000 106 1323 170 781 812 913 531 1204 1465 
1198 1155 1470 1534 1566 457 1097 204 813 719 1616 601 62 1400 1017 
1199 386 1155 1160 138 15 400 1050 670 810 1325 685 1716 182 828 1470 327 1097 719 1616 746 
1200 1664 1679 1558 150 792 1310 287 414 1078 55 188 576 204 1490 1624 1242 353 237 
1201 1697 1155 230 70 1160 457 1097 1352 12 1486 1296 562 1050 
1202 1026 1158 1671 1546 1020 909 1553 278 1559 1309 287 675 1444 549 1447 425 42 938 813 305 1591 1468 1341 702 575 576 197 198 710 1607 847 592 1362 82 214 983 1371 1116 733 993 101 613 873 490 1386 1262 496 1395 884 502 119 1401 1018 508 1399 
1203 1664 1416 9 1163 1294 654 1552 15 1045 1046 1558 1176 151 1023 926 1054 291 1700 293 549 1574 294 1193 1321 302 176 564 441 185 313 186 833 581 1351 71 714 851 84 1379 1253 1128 1385 363 748 1264 1009 754 501 886 1525 
1204 841 779 307 
1205 576 1025 549 1354 185 1050 
1206 549 172 813 1553 694 
1207 289 1541 1263 1493 
1208 1155 1097 585 105 748 302 241 1717 
1209 2 131 4 775 1289 395 1421 1040 529 1556 405 22 278 1559 1689 1176 920 24 1566 543 548 676 1574 549 167 425 1573 935 813 177 433 563 1075 1334 951 1462 1591 823 313 1342 447 64 577 715 592 80 596 469 597 1239 728 1370 604 1373 227 1133 1006 1390 114 884 631 889 1274 1659 1021 
1210 1155 775 1097 1354 753 407 
1211 1411 1156 656 922 1564 1053 414 287 161 1059 1064 936 170 1323 1069 302 1329 564 1204 954 444 62 574 318 1219 581 1349 199 965 585 1102 334 1106 92 1375 1250 868 1127 490 748 1009 1015 630 1399 1400 1401 507 124 
1212 737 1633 294 1534 1662 1487 1553 977 1400 1050 1116 
1213 1155 1097 585 523 748 1301 
1214 1559 425 592 884 630 278 1050 
1215 320 1472 1323 1487 
1216 134 1159 1289 1036 141 1420 1295 1552 272 913 1044 277 1048 1305 1561 1432 926 287 32 417 549 678 1322 302 1455 690 179 1471 832 965 1478 72 585 1614 209 1235 1364 343 1368 1246 1375 224 868 997 1127 748 1651 886 1400 1273 890 
1217 320 1064 1160 811 1487 656 784 1682 1302 1400 185 
1218 135 1160 146 788 277 1046 536 414 161 291 549 294 678 167 1706 1199 1074 1591 313 833 1607 1486 1510 999 1388 754 
1219 382 1539 781 656 1556 278 1559 157 925 425 563 1588 1591 1594 1342 587 1485 592 1234 86 728 1116 861 1266 884 
1220 719 656 1616 307 
1221 1122 1541 782 1263 656 1711 
1222 1507 1451 789 694 
1223 835 612 702 1487 1107 
1224 344 1566 428 306 
1225 1155 1096 1097 719 1616 337 1199 1457 
1226 388 1541 11 656 1429 1313 294 1662 685 815 54 56 314 448 967 1107 1493 475 612 1263 633 1397 503 248 1657 
1227 1664 1344 868 75 1069 719 
1228 612 1107 1050 
1229 904 137 638 1420 399 15 1553 277 1429 1561 803 1588 54 1591 571 833 1603 460 461 1485 1107 1365 1116 737 226 102 1004 372 
1230 1122 1541 782 1711 
1231 514 1539 1542 134 394 1423 656 272 1682 1555 787 1048 1690 1050 670 287 1698 1316 294 1065 1322 1706 431 816 690 179 952 440 186 443 317 1470 191 322 965 587 1485 718 974 1487 335 846 1621 1622 471 600 1115 1246 222 226 1635 868 357 102 98 635 1258 1134 627 1400 
1232 1024 1541 521 1034 523 11 16 1553 528 1559 1054 32 1059 549 1069 558 564 1076 54 1591 56 1102 592 594 1107 87 1624 1116 609 1122 612 1657 633 1662 1151 638 639 1154 1161 656 662 674 167 174 1711 690 691 1204 1205 1716 706 206 209 1248 1250 236 238 1263 1262 1275 253 782 272 1298 1302 278 287 1313 1319 811 817 305 311 313 835 858 871 877 365 881 1395 884 1399 1411 388 1429 1434 936 425 1455 435 1465 957 1487 1493 1501 1504 
1233 1607 1662 146 1399 
1234 2 7 9 19 22 45 48 51 52 57 78 79 97 101 107 111 117 121 124 131 134 140 145 146 162 163 167 171 172 176 178 180 184 185 188 196 198 199 200 210 213 215 220 239 246 253 255 256 262 267 268 270 278 290 293 294 298 310 313 318 319 333 343 349 353 360 362 367 371 372 377 379 383 387 389 392 397 401 406 408 414 425 429 430 431 433 441 442 444 451 470 472 473 479 492 496 502 509 512 513 521 525 529 536 549 550 551 561 563 565 573 575 576 587 589 590 592 595 596 597 608 616 628 629 637 655 662 669 672 678 688 690 694 696 703 704 705 707 712 717 728 733 735 740 741 743 750 754 764 787 791 796 797 800 807 809 813 814 815 827 829 841 846 848 854 858 859 867 870 884 889 890 907 908 909 917 918 919 922 930 936 938 939 940 944 945 946 951 960 965 967 968 969 977 982 983 986 993 1002 1009 1011 1015 1016 1021 1024 1025 1036 1037 1040 1045 1053 1054 1059 1062 1068 1071 1072 1073 1077 1079 1093 1096 1105 1106 1126 1128 1129 1137 1145 1148 1149 1153 1158 1159 1163 1169 1173 1176 1190 1193 1198 1199 1200 1202 1227 1230 1249 1250 1252 1254 1257 1262 1268 1270 1272 1274 1281 1284 1285 1288 1291 1295 1310 1312 1324 1329 1331 1333 1336 1341 1349 1351 1354 1360 1362 1368 1384 1387 1393 1394 1397 1399 1403 1405 1407 1411 1417 1418 1419 1422 1427 1428 1434 1444 1454 1457 1458 1459 1468 1469 1475 1482 1483 1490 1500 1506 1508 1525 1539 1544 1548 1557 1559 1560 1573 1578 1582 1589 1591 1595 1603 1607 1609 1613 1619 1624 1629 1631 1638 1653 1661 1665 1667 1673 1683 1691 1693 1695 1699 
1235 1025 1160 718 656 1556 
1236 775 15 528 529 146 22 278 1559 414 1183 287 675 1059 425 1450 1071 1073 1591 951 1607 841 592 1624 1497 490 884 757 1399 1021 
1237 1155 1097 719 1616 
1238 656 1169 1302 407 1432 1064 298 811 1588 1334 1338 702 62 968 847 848 977 1362 1235 212 1120 1509 1651 502 1400 
1239 1034 1548 1550 1040 529 1556 22 1559 1560 1561 1048 1046 28 1053 32 547 549 1573 39 1069 1070 1073 564 565 1591 575 579 1607 72 592 1105 1106 1624 1116 93 1637 619 1132 107 629 120 1145 124 1661 1662 1666 1158 1160 656 1169 146 1171 148 660 662 1179 158 162 163 1188 172 1710 178 1716 1717 185 702 1220 198 1224 720 209 725 220 1246 1248 737 1255 1262 255 263 278 279 797 287 1322 1324 813 820 310 313 317 1341 841 331 334 848 1360 1362 858 859 1373 353 362 881 884 372 1399 1400 387 1420 909 407 919 1434 925 414 930 425 1455 1458 435 950 951 954 444 447 448 962 456 977 982 986 474 1500 989 993 1513 1012 502 1018 
1240 1 1538 1539 514 1029 1541 4 1542 13 14 526 1040 1553 16 529 1556 1037 22 1046 1050 28 1564 542 1566 1571 1064 1576 42 1067 1073 1074 563 1588 1589 54 1591 55 573 67 579 1097 1098 587 82 1107 1108 597 1624 601 1626 1628 93 1116 1119 1121 612 105 617 1649 627 1651 1653 630 631 635 1149 1662 1151 638 1665 1155 141 656 144 146 147 148 1691 668 1183 1184 1185 170 685 1203 1204 1717 692 1716 185 1209 699 702 192 1219 710 1224 204 1228 206 1234 1235 725 214 728 737 738 744 233 1263 241 248 258 262 1288 270 1295 783 1297 1301 1302 801 1314 293 1322 811 1324 813 311 314 1342 328 842 334 335 336 338 857 858 864 865 355 357 873 366 1399 1400 1401 888 891 901 1415 1423 400 1429 407 1432 925 414 928 1440 418 1444 421 1454 433 436 951 440 954 1470 1471 448 453 1481 1485 1487 977 466 1493 1496 1501 1000 496 503 1528 1530 1020 
1241 769 774 905 394 1662 172 781 702 975 656 1556 1591 1400 1116 
1242 1122 1541 782 1711 1263 
1243 1155 1542 1423 656 791 796 1450 55 835 1097 719 1487 848 1616 1362 1107 213 612 
1244 130 1122 1541 1534 968 782 719 1616 1263 337 1553 1711 1493 694 437 1400 
1245 1218 1603 1670 1128 1161 1419 272 1270 474 
1246 549 841 1706 1471 748 781 302 176 1329 1176 188 
1247 833 549 167 1160 811 365 848 1362 1588 533 1302 1399 1400 313 
1248 775 1160 1671 269 272 784 16 1555 148 277 1302 407 1048 1691 668 1566 287 670 804 166 1446 424 1064 1706 1322 811 1580 301 1708 1716 1717 311 185 1471 833 709 1354 204 718 206 83 725 214 988 1637 742 235 877 238 1649 1402 508 1533 
1249 416 549 1127 585 1100 748 1068 589 1202 213 150 568 
1250 1349 549 1554 
1251 1024 1541 1034 11 1036 526 1553 1556 1050 1566 1054 1064 564 1076 1588 1591 54 56 575 1092 1607 72 1097 1102 592 1105 83 596 1107 1116 1122 612 1637 105 630 1657 633 1147 1148 121 1662 638 639 1155 131 1158 138 656 146 1171 662 1176 1183 1184 163 1189 1710 1711 690 1204 1717 182 185 699 703 706 198 715 211 725 1241 220 739 1251 1255 233 746 1262 1263 241 1273 253 777 1290 782 1295 272 783 1301 279 798 1316 294 1322 810 1325 1334 822 824 828 1341 1342 833 835 327 329 1359 1362 856 858 1373 353 1381 1383 365 366 880 1399 1401 1406 385 386 388 909 400 403 916 1429 414 421 424 1450 947 1470 968 974 1487 1493 982 475 993 997 1510 490 1524 502 507 1532 
1252 1092 772 612 1543 1662 638 702 656 1553 633 1107 1429 54 1207 1400 601 
1253 512 1541 1030 1545 10 15 528 1553 530 532 535 536 1561 1050 543 546 1572 1061 1064 1579 1077 1078 55 576 1603 68 581 1607 1096 1097 1101 1102 1616 598 1624 91 1116 102 1651 116 1653 630 1151 1663 129 1155 1160 138 1675 651 141 143 656 1679 146 1175 152 668 1181 1183 671 1185 1184 1189 1192 681 170 1707 1199 1716 1717 182 694 183 185 1210 187 1209 200 201 204 206 719 1235 725 1242 1245 1246 229 742 232 233 746 238 1263 1266 757 247 766 258 1285 777 270 271 1298 1301 1302 791 280 286 1311 290 1315 1320 808 1322 1323 811 810 301 1334 825 1337 317 320 321 323 1347 327 332 334 853 857 1381 357 360 366 368 881 370 1399 1400 1401 386 905 1420 400 1432 412 924 925 414 418 1444 421 934 424 1449 938 1451 1452 431 1457 436 1460 951 954 1468 1470 1471 447 448 961 1481 1485 1486 1487 1489 1493 1501 990 479 994 1000 1513 1515 1005 496 1010 1011 1526 
1254 1664 1542 9 1037 1423 656 1044 1048 926 1057 170 302 1199 1454 573 447 1599 1096 75 1234 1380 868 1264 760 
1255 1024 1026 514 517 1030 1031 8 1542 11 1040 1553 1555 1048 536 27 1564 542 1054 32 30 546 1059 549 1061 1066 560 1077 1590 1591 1080 54 56 55 576 583 72 1096 1607 1100 1615 1107 87 1112 1624 1116 93 94 1119 609 610 612 102 1127 1131 1646 626 1653 1657 633 636 638 639 645 1671 1159 139 1677 1167 656 1169 145 146 1686 668 1181 1182 1183 1185 674 1699 679 681 682 173 1199 689 1713 692 1717 1206 185 1209 189 706 1219 1223 1224 204 209 212 725 214 218 1246 228 229 747 236 1262 761 766 258 772 1285 1288 780 271 273 1299 789 791 287 290 1322 298 1324 813 305 1337 317 836 1349 343 857 858 350 873 367 880 1393 1395 1399 1400 1407 388 392 910 1423 914 916 1429 410 1435 925 414 1444 934 938 1451 1450 942 431 432 1457 1455 436 951 1468 448 961 1481 457 971 1485 1488 1489 977 980 985 480 1507 1509 1000 1512 1513 1517 1005 496 1010 1523 1528 505 1018 
1256 1539 355 8 1451 587 971 143 495 1553 1010 306 271 1110 1336 
1257 448 382 1603 777 568 372 150 1143 1400 62 986 
1258 1122 1476 1541 170 302 1263 656 782 1711 1716 
1259 1160 138 781 656 668 810 1323 435 1716 1204 182 185 699 594 595 1364 734 1248 1380 868 103 1136 
1260 792 1555 149 
1261 1026 1541 521 1037 1552 1557 26 1071 54 573 62 579 585 1100 79 591 595 1107 1116 97 1127 1642 1648 134 656 657 662 150 157 675 1191 680 683 688 689 1717 695 696 188 197 199 200 727 220 225 234 748 1262 1263 1272 1273 255 771 778 1298 1301 285 287 1313 302 305 832 334 1362 1368 1375 353 873 365 1394 1395 374 1399 1428 1444 1452 1454 431 1463 954 965 968 1487 463 1493 982 1497 1521 
1262 1155 1542 1423 656 1553 783 1171 279 1305 1050 1451 822 185 1470 1343 1097 719 1616 856 1251 1637 1255 1640 1399 
1263 656 400 531 1555 286 549 167 1322 1662 1324 1069 1323 301 1716 1204 1205 1588 313 1214 1471 192 581 453 842 1356 977 1364 736 226 868 742 366 242 1138 
1264 99 414 1541 1542 965 197 1607 1677 589 1263 1104 1423 658 372 1493 
1265 993 198 1158 1322 909 1487 1199 1362 502 536 
1266 1160 264 658 150 926 302 570 62 1226 1100 1486 720 1624 1116 360 1257 1399 1529 
1267 1664 1029 1413 137 656 404 1302 1050 1023 926 1151 170 811 1069 302 1070 1204 1717 1470 702 1471 204 975 725 1116 992 868 1129 748 1138 1400 
1268 318 414 203 302 911 176 401 55 1176 1593 
1269 162 549 1574 1359 1106 1524 213 
1270 1122 612 1541 782 1263 1711 1107 
1271 32 1444 1262 1455 496 209 242 658 1204 863 951 1400 662 
1272 302 124 444 
1273 64 577 1075 920 
1274 1344 161 1346 1283 1700 868 702 1070 910 848 343 407 1373 
1275 1155 1097 170 523 12 812 1678 719 1616 784 1298 1301 
1276 1177 738 583 8 1131 268 971 271 1488 1266 1010 1686 407 1400 1465 218 
1277 2 517 1030 8 521 15 1554 531 1559 1561 28 1566 543 544 1064 1077 1591 1080 575 576 66 583 72 1607 592 595 1619 596 1624 1116 607 102 1131 1652 628 117 131 1158 1671 146 1686 152 1176 155 679 680 1193 173 1712 1204 189 192 1216 1221 198 203 204 720 214 215 218 731 1246 226 229 232 1264 1266 249 766 770 1285 269 271 274 787 278 1303 280 1310 287 1324 317 1341 321 1349 846 848 1362 1365 1373 350 865 884 1399 1400 889 1406 1407 1420 909 910 917 407 414 934 425 938 1451 1467 447 961 453 968 971 1485 1488 977 1490 471 993 1004 1010 502 1528 508 
1278 1025 1354 753 983 849 1362 790 407 185 
1279 320 1603 549 72 574 781 1587 1116 
1280 512 1024 1539 1027 1542 1548 1038 1552 1569 1064 1073 1078 1591 55 62 579 1603 587 1612 1100 595 1116 1129 1132 1651 1653 631 124 1662 1663 1665 1670 134 1160 141 1679 656 144 1683 150 1177 1183 672 163 169 170 1707 685 688 689 185 699 1224 204 1235 1242 222 227 1262 1266 1276 258 775 264 270 286 1313 296 1321 1322 302 820 312 314 1342 832 322 326 328 334 848 1363 1364 857 858 1371 349 868 357 1380 873 366 372 1399 1400 377 394 1423 400 913 406 1432 925 1444 424 948 954 442 958 448 1473 965 1487 983 1500 1501 496 
1281 1541 1030 782 656 1556 934 1451 1711 1717 961 579 196 70 1486 1493 1116 1122 229 
1282 549 1541 574 1096 748 1037 302 1199 1263 1454 658 1493 1045 951 1400 573 
1283 1127 585 748 
1284 1036 908 1295 400 1045 1176 536 1564 925 414 287 1313 162 163 549 1064 1199 1073 1457 690 444 704 1607 1096 1624 858 237 
1285 640 1412 775 908 656 658 146 1045 407 536 925 1054 287 32 1064 1577 1706 1580 1708 302 559 1199 1457 1455 1197 1591 1471 704 1090 709 1096 585 718 1486 79 209 983 1368 1125 363 748 112 497 
1286 835 612 549 1640 685 1487 656 1107 1400 
1287 1060 719 656 1616 306 958 1116 
1288 1 1539 517 1030 527 1552 1045 536 1561 1566 1054 1064 1067 1073 1074 50 566 1591 568 575 576 67 1603 72 1097 587 1614 602 1116 98 1129 1655 1662 1155 1668 139 1677 141 656 1691 1185 163 173 1710 175 176 1199 1716 1717 1221 1224 725 1246 226 232 1264 763 766 258 1285 271 272 1311 1316 294 1322 1339 827 1341 334 848 1362 1367 858 354 355 1381 364 898 390 1420 399 917 407 408 410 927 420 424 432 436 954 1481 1486 974 977 1491 980 471 474 1501 1004 497 502 
1289 641 382 1155 1539 1156 776 394 1035 1674 141 1037 654 656 786 531 1043 1301 147 1566 670 1186 1700 166 38 1322 170 1323 1585 1204 1332 1462 440 824 954 570 702 1471 62 835 1097 714 331 1356 587 334 1487 335 1102 725 215 603 1116 1628 731 222 96 736 476 868 106 1138 1141 1271 1400 1017 893 
1290 517 523 533 1046 28 32 33 1064 1066 1073 575 1607 72 1104 595 1624 98 1637 1132 120 1160 1677 656 1169 146 661 155 1182 1183 672 680 173 1712 1716 188 1223 1224 1228 718 209 1246 225 737 228 747 237 1262 756 287 294 1322 1325 1330 310 1362 1373 1383 366 372 1399 1400 892 1406 386 394 400 414 926 942 1455 947 1467 968 977 471 474 997 1004 
1291 1059 414 1534 1607 1456 145 1106 146 
1292 1670 7 781 399 1553 146 789 414 1311 674 1700 1063 808 173 1710 306 1588 692 1336 1471 320 1472 1349 72 712 1615 848 977 1234 87 1501 1246 609 226 355 1378 229 614 617 364 236 1649 1399 1400 
1293 520 424 1322 656 1400 
1294 518 1030 527 1040 1039 1555 1556 26 547 548 549 554 1070 50 1589 54 1590 62 576 1603 583 72 74 1104 80 1107 1621 1624 89 94 1119 98 1135 120 1144 1149 1662 1677 656 1169 145 1684 662 160 675 676 172 687 1201 1216 1221 1227 1234 211 212 727 1241 1246 1256 1262 1264 1270 764 253 255 769 770 259 1289 269 271 1307 798 1314 293 1320 1337 313 315 1339 317 319 1349 328 848 1362 1364 347 865 355 879 886 1399 1400 1406 1407 385 898 403 916 917 918 408 1444 938 431 1461 441 968 1482 1487 976 1501 1000 1004 1005 
1295 995 583 683 1452 1487 687 1553 1011 921 
1296 779 843 1552 1340 
1297 1122 1541 1064 782 1487 1263 1711 210 917 1493 951 
1298 868 549 1093 585 
1299 1024 1540 1548 528 536 1560 26 1053 32 549 550 1064 1578 1580 560 1073 563 1588 1589 54 1591 565 1085 576 65 581 1607 72 1611 1612 79 1618 1107 1106 597 91 1116 98 612 1126 1129 107 1132 1139 629 1653 120 633 1145 124 1149 638 1662 133 1677 146 1683 1685 662 157 1693 1183 669 1695 162 163 680 685 1709 1199 189 702 706 1224 204 209 1234 210 727 728 733 744 1262 1274 255 770 272 1297 280 287 1313 1318 809 812 302 1333 310 313 314 317 1342 858 347 1373 868 358 1399 1400 1401 892 898 387 907 917 406 1429 409 925 414 1444 935 1455 944 1457 1458 951 1468 444 1477 965 1482 981 1497 474 1500 481 1512 1513 1015 1016 
1300 1030 15 527 1553 1040 1560 536 1050 1564 1054 543 32 1571 549 1574 1073 564 565 54 57 576 1090 1603 72 1096 1613 594 1107 1106 1116 1629 1124 105 107 1136 629 630 120 1145 1147 638 1662 1151 1153 656 1695 162 163 1703 172 1199 690 1717 192 1219 717 209 725 730 1246 737 229 1254 241 255 1285 1288 781 1293 1295 1302 287 799 1312 294 811 813 1333 1349 1350 334 1364 1365 858 371 372 1399 1400 1401 1405 387 1417 394 397 1425 1429 1434 925 1444 934 424 1451 429 1455 1457 1458 951 954 1468 1469 1470 960 961 968 969 1483 1500 1508 1513 1004 496 1009 1016 
1301 1541 774 394 781 782 170 1069 1711 1204 447 320 1102 335 1234 1493 1122 1263 
1302 516 517 1030 1033 15 1040 1553 1554 1022 1561 539 28 1053 32 1570 1572 549 1574 1573 41 1072 1073 52 568 1082 1605 72 74 599 101 614 102 105 619 109 111 1652 630 1144 1147 124 1151 1169 662 150 1184 160 675 164 1189 171 173 174 685 1713 690 1716 1717 1208 1215 1229 206 1234 725 1246 1256 1262 241 1266 244 756 1272 253 1277 1279 1281 771 1285 789 1302 791 1309 287 293 1319 807 811 1324 813 310 1336 313 314 1349 841 848 850 1364 855 1370 1381 365 1392 1399 1401 377 1407 900 1418 1420 399 401 1427 922 410 421 934 1451 1455 945 951 441 444 961 450 964 968 1485 977 980 1501 997 487 999 
1303 1451 1611 658 1588 343 1147 1116 
1304 414 294 1127 1375 1607 779 748 302 1490 697 146 1399 1529 
1305 518 1034 11 1040 1561 32 1059 37 549 1534 1064 1073 54 1592 56 62 576 579 1616 594 1106 1108 1107 1116 92 612 1637 105 1643 1651 630 633 1657 638 1151 639 1677 656 1171 661 662 1688 1183 675 171 685 1204 1717 1716 197 709 712 1228 719 209 1235 725 1246 737 1251 1255 232 241 253 783 274 1302 279 1309 287 1322 811 813 815 822 314 856 861 355 1397 1400 377 1401 1405 388 394 1420 917 1429 1432 410 930 1442 1444 1450 1455 1471 967 459 1487 980 997 1512 490 1521 
1306 1024 772 1029 1160 1419 141 656 272 144 531 1044 1301 150 1022 400 1432 668 1183 927 930 549 424 1064 1662 1448 1451 685 302 170 812 1716 1204 1591 185 442 699 316 702 1471 320 195 70 1224 332 1486 335 977 1362 83 1235 983 858 474 1116 93 1628 739 1380 1640 1129 1642 877 366 1651 756 1400 124 
1307 1155 638 15 656 1553 148 1429 407 286 549 167 1193 1065 1069 433 563 54 1591 313 1342 579 197 1097 463 1107 340 597 728 353 612 1644 242 755 372 1399 1400 633 
1308 1155 549 1097 1553 
1309 388 1541 1034 11 782 656 1553 1429 1050 1534 1711 54 56 441 1470 835 1487 1107 1493 1116 1122 612 1263 633 1400 1657 
1310 1664 1156 394 523 526 1038 531 1556 925 37 168 170 1323 1070 567 440 824 1465 1471 580 842 1234 215 861 863 96 868 1640 1000 1385 242 114 
1311 0 1024 1026 1539 1 517 1542 1546 1037 526 1550 1040 1553 1554 19 1552 1042 1046 1559 536 1564 541 1054 30 1568 32 1570 1059 549 1578 1067 1073 1588 1077 1590 1591 1078 52 57 1594 573 63 576 575 67 1096 72 1611 587 1101 1613 79 592 1105 1106 1620 1623 1112 89 92 1629 98 101 102 1638 1637 1653 117 120 1551 1153 645 1158 648 139 1677 1679 1169 659 1172 1686 1691 157 669 1181 1699 675 679 167 1703 683 172 173 685 1199 171 689 1202 178 1206 185 697 189 192 1219 708 1221 197 198 1224 713 204 717 209 212 213 218 730 1242 1246 737 229 1254 754 756 1272 761 250 766 255 1285 1291 271 273 787 789 278 791 794 282 796 1309 286 287 1312 1313 801 1314 799 803 797 290 1322 298 1324 813 815 303 305 310 313 314 315 1337 317 1341 1349 1351 1357 1360 1362 1364 340 858 862 1374 350 873 367 1393 1395 371 884 1397 885 1400 1401 377 891 372 1405 380 383 390 903 391 1417 392 907 909 397 399 1423 401 914 910 917 407 919 409 922 1435 410 925 413 929 418 1444 934 425 938 1451 429 1454 1455 432 1457 951 442 1468 1469 960 961 453 967 969 1483 1485 977 1489 1491 980 983 986 987 474 1501 993 1506 1508 999 1513 1004 1005 1517 495 1010 499 1525 502 505 
1312 1155 1444 163 1400 1064 1097 702 719 1616 1295 150 407 62 698 1116 
1313 1553 1107 1429 54 
1314 1541 1030 1034 526 528 1553 28 35 1063 39 54 1078 1607 1098 1107 1116 607 608 138 1679 656 146 670 1183 1184 675 1189 1716 1717 182 181 702 1221 204 1234 725 1242 1246 1249 742 1263 253 784 286 1322 810 813 301 1327 305 1330 316 320 833 844 1362 343 857 355 868 1395 1398 887 1399 1400 1401 388 916 1429 410 925 414 418 930 421 1451 951 1471 447 1487 1493 1501 483 997 
1315 512 1569 1155 200 1097 1580 719 1616 1663 407 858 
1316 719 1616 656 1487 1591 
1317 531 1302 668 1311 163 424 1322 811 685 1717 54 185 314 954 324 206 334 1107 725 1116 226 1266 
1318 1155 1548 1295 656 1301 1691 425 1070 1716 1591 317 1471 320 1097 1487 592 858 1246 737 738 1637 1266 372 1400 
1319 1311 549 1000 1322 1323 170 1102 1716 1400 185 1116 
1320 1662 1400 1405 
1321 1024 1027 1029 1030 517 1541 523 1548 1040 1556 1045 1046 536 1564 1566 1064 557 1070 1584 1078 55 1597 575 1603 72 1097 1616 1623 1116 94 1637 1640 124 1662 1155 1160 138 141 1679 656 1169 1168 660 148 160 673 1185 166 170 172 173 1199 1204 1717 182 1209 699 1215 1224 204 719 1242 1246 222 737 229 742 232 1263 756 258 1283 1294 274 1301 294 810 1323 1322 813 301 1332 310 1334 317 1343 1349 334 849 1362 343 857 858 861 868 357 1387 372 1400 1401 1407 1413 404 418 1444 934 1451 436 951 440 954 442 1471 448 961 447 1481 977 1493 983 474 1501 989 992 487 490 
1322 1024 1026 1539 1030 1040 528 1559 1564 543 32 1064 1578 1580 54 1591 1097 1609 587 79 592 595 1107 1624 1116 1151 1664 643 1155 1671 138 1162 656 662 150 669 1183 1184 1185 675 1704 171 685 1200 1717 182 185 1213 192 1219 1225 204 1230 209 725 214 221 1246 1262 1266 769 1288 268 1302 278 1309 287 810 811 1322 813 815 305 314 843 858 1377 884 1397 1399 1400 377 1411 907 918 925 1444 421 425 1455 436 967 1481 496 1011 1016 
1323 1539 4 1541 1034 11 1050 1059 1062 54 1591 56 1603 1092 587 1616 83 1108 1107 1116 612 1637 114 630 631 1657 1147 1662 641 1670 1160 656 144 671 170 1194 1716 1204 186 699 702 1218 719 720 207 220 740 1253 232 1258 238 1263 241 1293 784 1300 1301 286 1317 294 1322 1323 1330 1334 312 322 334 335 1364 1365 353 871 881 1400 388 902 937 1451 954 1466 1470 1471 965 1487 1493 982 1510 1009 
1324 1145 385 387 388 262 647 907 11 528 1553 402 403 1684 1173 798 418 163 549 173 1458 306 1333 56 313 591 79 211 1241 1500 350 1246 997 107 1005 629 
1325 320 738 1029 1413 170 336 1201 1234 979 724 1556 821 1400 603 
1326 827 1603 394 1069 1043 1204 1364 1334 531 1301 
1327 549 520 397 
1328 394 1662 702 1070 1400 
1329 1030 1543 268 1036 1553 789 150 407 806 166 1703 555 559 1200 687 816 960 1483 717 1230 1110 221 1259 754 1011 
1330 1534 1566 1400 601 
1331 1536 1155 1637 357 1542 1097 810 138 1325 1423 753 
1332 1539 901 1285 1543 1420 399 272 528 1552 1553 21 1432 1561 410 1435 281 282 1566 673 417 163 679 1322 1067 302 816 54 440 64 582 1352 585 1098 587 1100 1485 1615 208 1489 1487 979 1107 1362 1235 343 857 91 1116 120 1246 222 987 355 611 102 1127 359 748 881 1651 1400 250 
1333 1122 1541 782 1711 
1334 775 781 273 146 1556 918 920 665 24 1309 414 675 294 1451 1075 438 694 1466 955 703 64 577 1607 456 718 86 1624 1016 604 483 1643 1265 1011 1399 
1335 414 1193 1545 1450 172 1399 1624 
1336 764 1034 496 
1337 868 777 748 1037 1454 
1338 549 167 302 1399 
1339 1612 719 1616 
1340 384 835 612 1354 847 592 1487 1107 1655 
1341 1295 656 917 536 408 1434 294 1706 1322 172 1199 50 1717 954 1339 1342 703 576 1485 461 334 1362 595 725 1114 1246 102 1004 372 
1342 1122 388 11 782 1711 1493 1400 1657 
1343 549 167 172 342 
1344 1541 1160 1034 656 536 925 1706 1199 1457 1587 1204 439 440 1468 576 1096 1487 1493 858 1116 1513 1263 
1345 1155 138 781 272 1050 795 1566 294 170 810 302 1710 1584 435 1204 564 182 1462 186 1470 702 1599 833 1097 719 1616 1365 1246 1248 868 
1346 1155 1444 1412 868 1400 38 1097 1662 1577 1132 109 1262 1197 1365 
1347 268 781 656 1553 147 662 287 163 1444 549 37 815 459 1615 1497 1500 1628 1375 1637 1127 1259 496 1521 
1348 1024 1 512 517 1030 1542 511 1037 1554 531 1555 1559 536 1566 1054 1569 1570 547 549 1576 1067 51 1588 1591 55 1594 1595 60 573 62 575 576 1601 1603 67 1607 1096 72 79 592 1105 598 1625 1116 1633 616 1644 1648 1137 1653 117 1662 1663 130 1157 1158 135 651 1677 141 656 146 1173 662 150 1185 675 1191 1192 1707 173 1709 1199 185 1209 702 1215 1221 198 1228 1246 734 737 738 1262 1266 756 246 255 258 262 778 787 278 1309 1314 809 310 313 315 1341 1349 1351 839 841 1357 334 1362 857 858 859 349 1373 865 879 1394 884 1399 1400 896 898 905 909 399 1423 1426 407 409 925 414 1443 1444 933 934 425 1451 1454 1457 436 441 954 1468 448 961 968 1481 464 977 1491 471 993 487 1513 496 1010 1522 1525 1526 502 1528 507 
1349 1 513 517 1541 1031 10 1546 527 1040 1552 1042 18 21 536 27 32 1572 551 40 1067 1072 566 1590 1080 569 572 67 583 1100 1615 595 604 1127 120 1144 123 636 1159 140 656 662 1175 666 675 1188 679 681 682 1196 1710 1199 1713 180 185 201 1232 209 1244 1246 737 227 1256 1260 1262 1263 250 1282 1285 271 287 1314 295 297 1329 317 1351 334 850 854 1367 855 354 878 1393 1397 887 1400 382 1435 413 1442 1452 1455 438 954 956 450 967 968 456 1486 462 1487 1493 474 1501 480 485 1509 1525 
1350 32 1250 1411 936 1455 209 
1351 1122 1541 169 782 1711 1263 1107 
1352 769 772 1285 138 638 910 1553 1556 1429 1050 795 925 1064 810 1662 812 1588 182 1470 1471 833 1485 1107 1116 612 357 997 877 1266 1400 
1353 1220 269 719 
1354 1534 1160 777 138 810 141 1487 656 498 1716 182 150 1400 1116 
1355 1411 294 440 1485 1553 662 407 1400 
1356 517 7 1036 1552 1044 534 1561 1049 1564 1573 552 1589 1085 1603 69 1610 590 1615 1106 1623 1116 100 617 1129 109 128 1162 651 141 661 662 157 671 161 1698 164 1195 172 175 1202 179 1204 183 188 1217 707 709 716 1228 1246 1261 1262 255 781 277 791 1308 805 809 816 310 1342 324 848 852 1372 1394 1399 1400 1407 900 1420 921 1438 420 422 934 431 946 438 441 956 961 460 980 
1357 1542 137 394 523 1677 14 1423 656 272 400 794 1406 677 1576 1662 303 706 1485 1487 1234 1620 222 102 
1358 387 1400 1288 137 1289 1295 1679 1560 1183 32 161 287 543 548 549 1574 676 167 163 938 162 1455 1458 1333 1078 565 1081 313 1093 80 209 1695 1106 1242 1116 1500 604 107 748 754 629 1272 1145 
1359 1553 1107 1429 
1360 1541 1534 905 1612 204 1263 1360 656 178 1553 1487 1493 919 986 
1361 1677 1553 26 1691 287 417 549 294 938 1451 1588 1595 955 317 192 1217 1219 583 1101 727 218 614 1005 1010 
1362 1155 803 1097 719 
1363 1158 779 909 784 1040 146 1566 414 937 1322 1662 813 1716 951 1340 1341 1471 575 198 1607 1105 1362 1372 1373 993 502 1399 1400 
1364 1541 777 1678 656 146 150 1302 925 1442 811 192 709 453 1607 1487 1493 237 1263 1266 757 
1365 1158 1289 909 1421 405 1434 925 543 671 548 549 1190 1573 676 167 1322 184 313 1341 1471 575 198 970 1487 208 977 1362 1105 1364 80 343 471 1239 1246 993 360 1129 1257 1649 502 
1366 1026 1030 1034 15 1559 32 1059 1073 1078 1079 1591 575 579 1607 79 592 1105 595 1116 1137 635 1158 138 1679 657 658 1682 145 1173 146 675 172 1712 690 182 1220 197 198 204 209 1242 1248 1250 746 771 262 278 287 1313 810 1341 327 1362 340 873 884 1399 1400 1401 379 1406 1411 909 410 925 414 418 1444 936 425 938 1455 435 949 951 1463 952 1467 968 470 1501 993 490 496 
1367 170 1234 1204 567 
1368 1027 388 1029 255 137 638 394 11 1040 1553 1429 278 1559 537 1308 1566 163 1188 679 168 425 1322 1451 1662 813 300 1323 1204 1205 54 1591 951 1465 56 1214 1603 968 1611 1485 461 592 465 1107 1364 91 603 1632 612 868 102 1128 745 619 633 884 1399 1400 1657 892 
1369 517 1541 1555 1559 1561 27 1566 1054 547 37 549 1064 1070 559 1073 54 1591 62 72 1102 592 1106 1107 89 1116 1628 604 94 98 612 1129 1662 1666 1677 141 656 150 667 675 163 167 1204 708 1221 1243 1246 222 226 1263 1266 1285 272 274 277 278 1322 313 317 1342 1364 360 884 1400 1405 895 1420 411 417 425 431 1472 1487 975 1491 1493 1501 990 1000 1512 1010 
1370 811 1302 407 
1371 1553 1107 1044 1429 54 1400 
1372 1282 517 1034 1552 148 278 407 536 1559 1442 675 937 425 1199 1591 192 1353 713 589 592 1234 884 
1373 835 1155 357 675 870 1064 1097 877 1038 656 1400 1116 
1374 1664 353 68 581 1607 1519 272 146 1364 1204 1399 
1375 924 1675 334 1555 1400 954 
1376 1543 656 1553 536 1432 925 1322 1199 1457 185 1599 576 835 1096 1487 1362 1235 858 1243 1246 96 1000 1513 1266 
1377 394 1364 1301 1400 
1378 1024 1539 1541 1037 526 1040 529 22 1048 1561 536 1054 1566 32 543 1064 1581 1073 54 1591 573 576 579 1607 1096 587 1100 1107 87 1116 1632 609 612 1653 633 638 1662 127 656 1169 146 148 662 152 670 1183 672 674 675 163 1700 171 685 1199 690 1716 1204 185 706 199 207 209 1246 236 237 1263 242 1266 754 1288 1295 784 277 280 1309 287 294 1322 813 815 314 326 848 1363 1364 1368 857 858 1377 366 881 1397 1399 1400 377 386 388 1420 1423 400 1429 407 925 414 423 1454 1455 1457 951 955 1468 449 965 967 1487 463 980 1493 1513 1009 1528 
1379 1541 1542 1030 523 1036 11 1038 1039 16 531 1043 1556 21 23 1048 1561 1049 535 1566 549 1064 1067 1070 560 1073 564 1588 54 1591 1590 56 571 63 575 579 1092 580 583 72 588 1101 1105 83 1107 1620 1114 602 1116 93 606 1628 611 612 102 616 1129 1132 1645 109 1138 1651 630 120 1657 633 121 1662 1151 638 639 1158 1671 141 1678 656 1169 147 148 150 1179 668 670 1183 675 166 679 1704 170 1195 1196 685 171 1204 1717 185 702 1221 198 1224 204 718 206 1234 1235 1237 214 1246 222 226 738 741 1256 237 750 1263 251 252 766 767 1282 1285 272 1301 1302 791 794 795 1311 294 297 1322 1323 812 811 815 303 821 311 313 316 1341 1342 319 833 325 1356 334 1362 1364 854 349 863 868 881 1397 1398 1399 1400 380 384 896 899 388 390 394 1420 909 1422 1423 399 1429 1432 410 417 1442 1443 420 933 424 940 943 951 440 954 958 1471 447 455 967 460 461 462 1487 1485 1489 980 1493 471 474 993 484 508 505 1014 502 1017 1018 
1380 612 1553 1107 
1381 1072 1394 662 
1382 387 1040 1553 150 1560 1695 162 163 1444 935 1064 937 813 689 1458 1204 565 1333 1591 197 1106 340 1500 868 997 107 1132 496 1266 629 248 1145 
1383 638 907 1677 1553 402 1429 1302 669 1182 925 417 675 1444 679 1066 1662 1324 811 942 1578 1326 1459 949 54 951 1591 1080 699 188 317 1086 1349 1221 1223 79 977 1107 1623 1112 605 867 228 490 747 878 496 1520 1400 
1384 1285 1289 1420 655 1556 1561 666 282 543 548 549 676 938 172 313 80 603 
1385 418 1155 675 1097 1400 1497 
1386 1539 900 1420 913 1302 1561 410 157 549 1322 1451 1706 811 1588 564 694 54 1332 440 1471 192 453 587 1485 721 1107 852 89 1116 868 102 1512 630 1400 1405 
1387 781 913 795 670 1322 564 948 62 1471 335 1363 731 1372 1116 1246 98 500 118 
1388 549 1127 313 585 906 748 1552 886 345 
1389 512 1024 2 1026 517 9 521 1546 1036 1020 1039 1552 18 1044 533 532 1560 1561 26 1023 1053 1054 541 32 1569 546 1059 549 550 1064 553 42 48 1072 50 564 565 569 574 575 576 65 66 579 68 1607 72 1100 1614 1615 1104 1105 82 1619 1106 596 86 87 1116 93 94 604 1632 609 98 101 102 615 1128 616 1129 1643 1132 109 1126 1647 625 1653 119 1147 636 1661 637 127 1663 1665 124 131 644 1158 1161 1673 1677 657 146 1683 661 662 1176 155 1693 162 675 674 167 680 171 1709 1198 176 1713 689 1714 690 697 1211 188 189 190 1218 198 710 201 718 209 210 211 1237 727 1241 732 733 737 226 1250 741 1256 1257 1258 234 236 1262 754 246 762 1275 253 255 770 260 263 1288 775 1293 270 272 274 277 791 1303 795 1309 1310 287 800 1313 798 805 1319 809 302 1329 305 817 308 310 312 313 1339 316 829 318 1341 830 833 1351 841 332 846 1362 1363 850 853 858 859 349 1373 352 360 873 1386 361 877 365 1391 881 1394 1395 372 1398 1399 1400 377 375 889 892 379 380 1403 385 1411 389 390 904 393 1420 909 399 1427 403 917 406 1431 408 1434 1436 925 926 1439 416 417 414 420 935 936 1450 939 940 1455 432 944 946 438 1463 441 955 1468 444 1473 1474 451 1477 1482 460 461 1485 463 1490 980 1492 470 983 472 473 1497 475 1500 993 485 1002 1004 492 1517 1009 1010 1015 1525 502 1527 1016 1532 509 
1390 37 440 1566 169 1642 335 1264 913 1204 
1391 1541 1542 1543 1553 1555 1054 37 1064 44 1070 54 575 581 1607 1105 1107 1624 1116 1122 612 102 105 630 1143 638 1151 1662 641 1666 1158 138 656 1169 146 150 671 1183 1700 169 172 1711 1203 1204 1717 182 702 198 725 1246 1263 241 1266 755 775 782 784 277 1302 1322 810 811 1324 819 1341 322 835 335 1362 343 856 356 360 372 1399 1400 1405 388 1413 394 909 1423 404 1429 407 414 926 1456 440 1471 447 965 1485 1487 1493 1499 993 
1392 514 1420 656 272 1561 1690 1566 549 1574 294 167 1322 170 1070 313 954 1471 199 72 334 1487 1106 1246 98 226 627 
1393 1541 1263 1493 633 
1394 994 200 656 
1395 738 1541 1566 1288 138 810 1484 1295 656 528 1263 1493 182 725 1717 
1396 777 394 1420 1422 1295 399 148 407 1561 1566 294 424 1322 1706 172 1583 560 1468 317 702 1471 703 1224 1353 1485 461 1487 1116 733 1246 96 98 102 870 108 1004 1262 1649 1014 
1397 656 913 661 926 1057 1700 549 1574 680 1322 170 302 1588 702 1471 1485 1362 345 1246 992 868 886 
1398 1603 102 1485 951 
1399 512 1024 1026 1027 513 1 1542 7 1537 1035 523 13 526 1038 1040 18 531 1556 1045 1555 1044 537 1052 29 1566 36 37 1579 1067 44 1070 1587 54 1591 1079 567 1082 569 1596 60 572 1080 1597 1603 67 581 1095 1098 1610 76 1099 1107 88 601 603 1116 604 1630 95 608 1121 1635 1636 1639 103 616 1642 1646 623 1649 1138 115 116 1651 1654 1144 634 1659 125 1662 126 640 1664 1666 1663 1156 1669 132 642 136 651 1676 1165 654 141 656 1168 1678 660 150 151 1177 154 1178 156 1179 1180 159 1186 1700 166 168 169 170 1707 172 1710 174 686 177 1204 693 692 180 1207 1214 199 200 714 1226 1228 205 1231 207 721 1234 1232 723 1235 726 215 216 219 1245 222 223 734 226 227 738 1253 745 1261 1262 751 1264 1265 1266 755 244 242 754 1269 1277 257 1282 263 776 271 787 1300 1299 789 1301 792 793 795 1308 289 294 295 1321 1322 811 1324 300 299 812 1328 1329 819 320 322 1347 325 1351 331 845 1358 848 849 1362 336 1364 851 1366 1367 1370 858 860 861 349 863 866 1379 868 1378 1382 1385 366 879 887 1400 891 380 893 382 896 897 1413 1414 1416 393 394 1418 910 1423 400 913 1432 1435 411 925 1442 1443 931 933 934 426 1456 948 1462 439 953 1465 442 957 1471 447 964 1479 457 1484 1485 973 977 467 980 469 468 1495 983 1499 479 991 992 482 1503 1507 1505 485 1000 1001 1007 499 1525 1017 507 
1400 1664 1155 1541 1160 1288 650 656 400 767 1556 1301 1302 1050 796 1064 424 170 1706 811 685 1069 1716 1717 1591 314 1470 1471 447 195 197 1097 206 719 1616 1487 1234 1493 1628 1116 736 868 996 366 1263 1400 
1401 1155 388 1541 904 638 138 1034 1035 782 11 656 1553 1169 1044 1429 150 23 925 287 671 930 549 1322 1662 810 170 1711 54 182 1207 56 313 701 835 1092 1097 1487 592 1615 1107 1493 1116 1246 606 737 1122 612 357 1128 1129 1130 238 1263 633 1266 630 1400 1657 
1402 576 1024 811 206 1301 1302 
1403 1539 1155 520 138 141 656 146 1683 148 1556 406 407 276 1050 1693 1053 414 1322 810 1706 182 440 954 444 61 1470 702 317 1350 1607 1097 73 587 334 1487 79 1616 719 1626 858 1116 1628 357 754 1653 1399 1400 124 
1404 1096 1199 656 1457 1653 
1405 513 4 521 15 1040 529 1556 1045 22 1559 1054 547 1064 1065 48 1073 50 563 1591 576 592 1621 597 1116 605 109 115 1143 631 658 1183 1188 685 180 703 192 197 210 728 731 1246 740 1257 234 1262 1274 781 278 285 294 813 314 1339 1342 320 328 846 848 858 353 360 884 1400 389 394 917 408 425 1450 940 944 433 949 951 1472 1473 453 966 470 1496 
1406 1413 1317 1063 543 306 
1407 449 1539 685 718 
1408 1122 1541 782 1263 
1409 1125 1381 775 37 1455 725 1717 280 1050 413 
1410 1553 1107 1429 54 
1411 1024 1537 517 1030 7 1528 1546 1037 1552 1040 1555 1556 21 1022 23 535 543 548 549 1061 1535 52 1078 1591 55 569 1082 1594 573 1089 1607 72 584 1615 80 1624 1116 604 608 101 613 615 1643 1646 117 125 640 1665 135 651 1676 1166 143 1679 146 149 1174 1177 159 673 1185 675 676 171 173 174 692 1209 187 1215 193 194 706 197 200 1225 204 1230 1239 216 1242 1246 734 227 1261 751 1266 754 244 756 247 1272 253 1277 258 1287 264 775 1289 270 787 1299 791 1309 803 292 295 1320 808 811 306 310 825 1347 1349 1351 1352 332 1357 340 853 857 858 349 350 1399 1401 377 891 897 390 391 905 1418 1421 910 401 405 918 407 409 922 921 412 925 414 929 418 1443 1444 933 1447 1451 1453 1454 436 1460 951 442 955 448 967 1481 1482 1484 973 977 983 1501 479 1503 994 1507 487 999 1513 494 1007 496 499 1525 1015 504 
1412 513 514 1539 1540 515 1542 1034 523 15 1040 528 1554 1553 1556 18 536 537 1050 1563 542 1054 1570 1059 1064 40 1581 47 1588 1077 1078 1591 52 569 55 1080 572 575 576 1096 585 1098 587 584 1615 1616 1105 1107 1620 87 1626 1627 1116 93 94 604 608 609 610 612 101 616 1129 107 1646 111 1135 1139 1653 125 1662 1151 1152 1156 1158 1671 1160 135 139 1676 141 1166 1679 656 1169 1680 150 1174 674 1705 684 1199 688 690 180 185 699 197 198 1224 1225 1228 204 719 1232 214 217 1242 222 1248 227 1256 236 237 1262 1266 242 757 1272 1279 255 1281 1282 258 1285 266 269 1299 1302 794 1307 285 807 808 297 295 811 1323 813 1322 303 1329 1335 1336 828 316 1341 322 835 848 1362 340 854 1367 1369 858 349 1377 354 867 355 1381 870 357 869 358 879 1397 887 1400 1401 1407 896 905 394 909 910 1423 401 916 407 922 412 925 1441 1442 418 1443 1445 933 934 1450 431 1457 945 435 1459 1458 951 1468 958 1470 448 961 451 967 457 462 1487 977 1491 984 474 1501 989 479 993 485 999 1000 489 1513 496 502 504 1017 508 1533 
1413 1541 656 1182 1066 942 1712 1467 1223 968 720 595 1493 1626 1633 228 747 1132 1263 
1414 1122 1541 782 1711 
1415 1664 1285 394 523 269 141 656 913 1556 151 925 1311 1444 44 814 1456 1204 1334 1336 1465 1597 317 447 1471 580 197 714 1098 1102 1362 1116 1246 96 353 1010 758 1400 
1416 521 651 145 146 662 1559 1022 414 1059 1192 425 1450 1451 1707 1204 1591 183 825 1603 325 1479 1607 332 335 592 1624 247 1245 1630 227 613 233 1262 884 1399 
1417 612 1191 1522 1107 
1418 1 1539 15 1555 20 535 1560 1048 1564 32 549 1574 1064 553 40 1070 47 1073 51 564 1588 1078 1591 565 579 580 1607 72 587 1106 83 1623 1116 605 604 1631 608 1637 107 109 622 1651 629 1145 1660 1671 141 1679 656 146 157 1184 161 673 675 163 162 1705 1196 685 176 1203 1717 185 1217 197 1221 1224 204 718 207 209 1235 725 214 1240 1242 1243 1246 1248 226 235 236 237 1266 255 1288 781 1298 277 790 287 808 1335 313 314 315 1343 833 1349 325 334 340 1369 858 1378 1392 1399 1400 1401 892 387 394 911 1431 1432 925 414 1441 418 1444 421 420 1455 432 434 435 1458 949 954 1471 1491 980 1494 1500 1501 997 1512 1526 505 
1419 192 32 1155 549 1097 138 810 656 209 182 1050 
1420 1542 1423 1553 1555 1299 149 791 549 297 1450 171 685 1070 1079 185 574 967 1354 462 1237 854 1116 1507 1256 750 1646 1397 
1421 905 400 146 1050 1691 668 414 287 801 1316 1319 185 1470 1220 1607 974 1624 996 366 
1422 1671 811 206 1716 1302 
1423 779 843 307 
1424 993 198 1158 1096 1542 909 1423 559 1457 1362 1199 502 407 536 
1425 2 131 523 783 1176 536 925 1534 172 1199 176 1457 1204 1591 1468 702 1471 576 581 1096 596 858 1116 222 868 1513 499 1400 
1426 1024 549 1322 1419 442 1362 983 185 858 
1427 1472 636 517 1317 1063 971 1102 398 721 1400 186 1179 316 413 
1428 1536 513 1537 1539 1542 1552 1553 1556 533 1046 1561 33 553 1577 1588 53 1591 575 67 587 591 89 602 1114 1116 605 1119 98 1637 102 1130 108 1662 1158 139 140 141 1164 656 1169 150 671 159 165 1706 170 172 1709 1198 685 1197 180 697 188 198 1224 718 1246 737 1250 232 1261 1262 249 766 1282 1310 294 809 1322 1329 1330 314 317 1341 841 334 1362 350 868 372 1398 1400 1411 1412 1420 909 1423 399 917 1442 1444 936 937 1450 1451 940 938 939 949 954 450 973 1485 977 1490 471 472 474 475 993 494 1007 1010 502 
1429 1024 1 1030 1031 7 1546 10 1548 1040 1553 1555 531 1045 23 1560 536 24 27 1053 30 543 544 548 549 1573 1067 1535 1070 562 1075 52 565 566 1590 1079 568 64 577 67 1604 1096 1100 1102 80 1106 1116 604 1632 1633 1634 98 101 1127 616 104 107 1646 1647 1653 629 121 1145 124 125 129 1666 645 1159 648 1675 1676 148 149 663 152 666 1691 1695 162 163 676 167 683 171 173 685 1199 1713 1204 692 185 697 189 704 1221 201 1237 1239 227 230 1256 750 246 1272 761 255 771 1287 775 1289 1299 277 803 1316 808 297 298 813 815 1333 313 1351 1354 848 1365 854 1367 858 349 350 1384 879 368 1397 1399 377 892 896 387 900 391 905 908 1421 910 399 913 401 914 405 407 920 922 1435 924 1437 925 410 929 417 1443 933 1446 935 1450 1451 1452 1453 940 943 432 1457 1458 438 951 442 446 967 456 458 462 974 980 471 983 1500 480 1507 484 1509 1510 999 1005 1010 1011 499 1525 1526 
1430 448 227 965 583 1322 1451 1487 1553 1332 725 180 407 440 
1431 1664 866 1029 440 1000 394 1323 526 1038 656 335 1070 1102 1364 1204 1400 
1432 1664 1666 1064 523 1323 1069 334 760 1553 1264 531 792 954 283 1246 
1433 1664 1155 1669 1543 1160 1290 12 781 526 1294 656 1425 1553 1296 150 1566 670 1697 1322 1070 1456 435 1204 1462 186 699 1471 70 1352 1097 457 1102 1486 1616 719 1491 1364 600 601 474 1116 1246 1248 114 507 1400 
1434 1400 1541 1029 1160 139 910 1679 656 530 664 1311 418 1322 1078 317 62 1471 1476 1349 204 1493 1242 1501 608 1263 376 
1435 1219 612 1534 656 1553 1107 1717 1429 
1436 848 1553 694 
1437 1539 388 11 782 144 163 294 302 1711 56 317 703 587 1493 982 1622 220 353 1122 
1438 585 748 1068 302 1202 213 
1439 320 781 1069 975 656 1043 1716 1400 
1440 1548 124 1400 
1441 640 1542 394 523 1674 1037 1423 656 1555 1556 1301 150 1428 1299 1305 1566 1057 424 170 1322 812 1069 1070 1323 1194 1454 1451 1456 692 821 438 1334 1465 954 316 573 1471 320 447 1603 580 585 457 1484 334 1102 1362 1234 216 1116 222 1246 353 994 738 868 1387 620 1262 1646 1266 119 1400 891 
1442 388 1541 1034 11 782 639 1553 1429 1302 549 1534 1322 811 1711 1588 54 56 62 835 965 968 1485 206 1487 1107 1493 1116 1246 1122 612 102 1263 633 1266 1400 1657 
1443 903 1160 907 653 402 1172 662 793 669 1310 544 1444 680 1578 1326 1712 951 1467 188 1086 322 579 718 79 1490 595 475 93 496 
1444 259 4 1542 1420 15 1423 1169 146 1561 1566 414 547 1069 62 1607 72 1485 977 1362 1364 1365 1624 1116 1246 98 226 631 1132 1004 1649 1015 1400 
1445 1155 1220 1513 1097 
1446 1313 1155 1093 294 1097 811 703 594 1302 1399 
1447 514 1539 1029 526 1553 1556 532 1561 28 1564 1566 1062 1064 1065 1581 1070 1583 50 1588 1594 1595 62 575 576 1600 1603 70 1607 587 1612 1102 1105 594 83 1621 1623 1624 1626 1116 102 1643 1644 1135 112 1649 627 1143 121 1147 635 1662 1663 1664 1158 141 656 1682 146 148 150 1690 673 163 1191 1193 170 172 1198 1201 690 1204 1716 1717 185 191 705 1220 198 1224 1234 725 1246 226 1258 238 1266 755 1285 784 1307 285 286 801 1322 1330 824 1338 1339 827 1341 830 320 848 1362 1365 352 1399 1400 382 394 1420 909 917 407 408 414 938 431 443 447 450 1485 1486 1487 471 993 490 1009 1522 502 
1448 1542 1288 1423 
1449 1024 641 835 612 1322 1487 848 1107 1400 1050 1116 858 
1450 1539 587 748 
1451 1125 549 1614 1552 404 118 886 1400 
1452 1664 650 269 15 656 1045 150 925 1566 287 1571 294 424 1322 1717 951 702 1362 725 1116 105 1259 241 630 1530 
1453 1607 146 118 1399 
1454 256 258 1155 1539 1288 1423 1560 1434 162 163 1444 549 172 1198 1458 565 55 440 313 316 958 448 321 1097 587 208 1106 857 1116 1500 1639 107 496 1399 
1455 394 1231 207 185 
1456 1541 777 905 975 848 656 1263 1487 21 1493 
1457 1541 1070 1263 656 
1458 1024 1540 1030 520 1548 1040 1556 536 1561 1053 549 1580 1069 1070 1071 1588 1078 1591 576 583 1101 1618 83 1112 1116 98 1139 120 124 652 1679 656 1169 148 1685 150 1691 671 1183 168 172 684 1199 1201 204 1242 733 1246 737 229 1262 242 765 766 256 1285 780 280 1311 1320 808 813 313 1338 317 1349 334 1362 858 347 358 886 1400 1401 1420 397 399 913 917 407 925 418 1445 934 424 1451 1457 951 954 1468 444 1471 961 968 1482 977 474 1501 1513 1005 1010 
1459 1284 1541 656 788 1558 424 1461 833 333 1487 848 594 1365 1493 612 1252 1263 
1460 1000 1322 1204 567 
1461 1155 1097 810 138 718 1716 
1462 389 1675 15 1040 662 407 278 1559 924 1183 1444 549 935 1193 425 172 813 431 690 1717 951 579 197 968 592 340 1621 470 1623 725 1624 858 1116 490 1132 237 1262 1521 884 1399 379 
1463 1155 1188 1097 
1464 132 1413 1160 913 146 278 407 792 536 1559 795 925 1054 1311 160 671 414 169 1322 1662 940 1324 1710 1582 425 1199 434 1457 1204 1461 1334 1591 1588 954 699 570 317 445 1599 320 576 319 67 1468 1477 1349 1603 1096 1607 1227 1102 1487 592 977 334 1491 858 731 120 1116 1246 1635 1637 1512 1513 1132 1260 495 1010 884 1399 1400 
1465 968 79 496 592 1400 
1466 0 1568 610 549 135 167 862 118 313 
1467 1155 1097 366 
1468 935 1607 1482 302 1073 1330 146 1015 441 123 1244 
1469 1607 1706 1322 1611 1677 1104 1649 951 916 
1470 1024 1536 1160 1163 1420 1552 656 145 662 1561 1183 287 32 549 167 680 809 1455 438 313 1603 841 461 718 1614 1485 209 1624 1116 1246 102 
1471 1544 525 15 1040 1553 1048 536 549 1070 560 1073 1072 1079 1085 1601 1603 581 71 1096 1617 1624 1625 93 1127 1132 1137 1140 121 1147 1157 1673 146 1173 662 680 171 685 1199 689 185 188 210 1236 1237 220 1256 1262 750 1264 239 255 262 1295 272 1313 813 815 313 314 833 839 1354 850 859 1375 353 881 1395 1397 886 1399 377 1403 1419 1426 1434 1446 1450 943 944 1457 951 441 967 464 982 473 474 475 988 1516 496 
1472 1664 382 1294 145 1553 146 414 287 32 289 1059 547 168 1069 1455 1204 186 62 1603 1607 718 1615 209 1364 1365 1624 1262 
1473 66 197 685 983 55 
1474 15 917 1053 1310 287 547 293 549 52 313 444 188 1607 1490 595 1362 983 1375 
1475 1288 278 1559 536 925 1054 549 935 425 1710 1199 1073 305 1457 1204 1717 1591 185 1468 576 1096 79 592 1364 725 343 1497 858 1501 355 360 1512 1513 1261 1395 884 1653 1399 
1476 1024 1539 1540 1029 1030 1031 1543 520 1541 1548 15 534 1047 536 1561 27 1053 1054 1567 549 1575 1064 43 1580 1070 1588 566 1591 570 575 576 1602 579 69 1097 1098 587 1612 1105 1618 1116 98 1136 1139 121 124 1662 1666 1155 1158 138 656 1169 1685 150 662 668 670 672 1698 683 685 173 1199 180 1717 182 185 193 195 197 198 217 731 733 1246 229 742 1260 1262 1263 754 1266 250 254 1285 280 287 1311 1322 810 301 1331 314 317 1341 320 834 1349 844 335 1362 340 858 868 357 358 873 374 1400 1420 909 917 925 930 934 938 1451 1452 1457 440 1465 1468 444 1471 447 961 1482 1487 977 1493 1497 993 998 1513 498 1013 
1477 640 136 1160 656 1433 1566 1662 1069 1588 1461 567 1471 1102 1234 1491 857 858 1116 861 1633 1266 
1478 1155 357 327 1097 746 810 
1479 1541 1034 11 1553 18 1056 1059 549 1064 54 56 569 1093 1607 585 1100 1107 1116 1122 612 1127 633 1657 1147 638 639 656 145 146 162 167 1711 1204 703 194 707 748 1262 1263 1266 782 272 277 800 292 293 294 1321 313 835 1351 334 1362 855 858 1375 1377 360 877 375 1399 1400 892 388 904 906 1429 1431 926 414 441 954 968 1482 1487 1493 988 485 1009 
1480 1285 521 781 656 144 916 1558 792 1048 1434 1054 1183 672 1566 1184 675 1188 1189 294 678 1064 421 682 1323 172 811 1070 170 1710 1194 1069 1331 1716 1204 951 186 699 1471 320 709 77 78 207 1491 1364 1109 470 980 1365 858 1378 503 1381 748 1649 1268 630 1399 1400 890 
1481 1603 748 302 
1482 0 1541 1030 8 1546 1034 529 1554 1555 531 1553 22 1559 25 1563 1568 549 551 1579 1581 1071 1584 1072 1074 1588 1589 1077 1594 1082 59 579 583 1098 592 1107 596 86 1110 91 1116 1628 94 606 1631 1632 1115 99 612 1637 1128 104 618 1131 1143 633 1149 1662 638 129 1154 131 130 133 1159 1672 137 1675 652 141 656 150 662 1686 664 1179 1185 675 677 681 1706 172 1203 1204 185 189 192 193 706 1220 1224 1228 204 1230 215 1240 218 1246 737 226 227 232 1261 1263 1266 1269 757 766 258 1285 271 783 278 286 1311 294 806 1322 813 814 317 1345 835 837 326 1351 334 1359 848 1361 1362 337 855 858 862 869 372 884 1400 377 376 1407 388 1423 399 1429 407 924 412 930 1444 1445 424 425 1451 431 436 951 440 954 448 1481 971 1487 1488 977 468 1493 474 1501 478 492 496 1010 1011 1524 1013 1526 1525 1016 1531 
1483 774 1264 1364 1204 
1484 1122 1541 782 1487 656 1263 1711 1493 
1485 1030 272 789 1686 278 1559 1052 420 1444 37 679 425 43 1070 433 563 1334 1591 185 186 592 721 1363 597 728 218 1116 1246 229 1001 496 884 1400 1274 
1486 2 131 549 1420 913 596 1270 1176 
1487 1056 161 291 1125 345 1662 748 302 274 754 568 
1488 163 1359 176 1524 
1489 1155 549 1097 595 1204 
1490 616 1550 246 
1491 1155 138 656 400 1050 424 810 170 1330 1716 182 1591 1212 1470 1471 1097 1116 
1492 1027 906 80 
1493 168 1322 1662 1323 335 656 1400 1116 
1494 1024 1542 15 1553 529 1556 22 1054 1566 1534 1064 554 1582 1588 1589 54 62 1092 1616 1107 88 603 1116 92 1119 97 105 1646 622 114 630 125 1662 638 640 641 1149 650 150 668 1692 1183 685 173 177 692 1717 1205 185 706 719 211 725 1241 751 241 1269 769 259 1288 781 1299 792 793 285 798 1322 813 314 320 322 332 849 1361 1364 858 1370 350 1378 1387 879 1399 376 1400 385 897 1410 394 1423 913 403 1429 1431 1448 426 1451 951 440 1471 457 1484 1497 1501 1503 503 1017 
1495 258 1400 1542 775 394 523 395 910 1423 1040 1555 1556 1299 1022 150 1177 925 1185 1444 1451 813 1070 436 692 951 55 1209 1596 448 1351 200 1481 457 845 592 857 1116 479 1507 1646 496 1266 1525 1269 1528 
1496 8 1034 638 766 1295 271 1553 1429 278 1559 1686 1048 1566 287 425 1067 688 1584 433 563 1204 54 1591 1342 583 971 592 1488 1107 597 218 1116 355 1131 1010 884 630 1400 1274 
1497 1155 656 1040 675 424 1064 1322 1662 1451 813 1460 1206 570 187 317 62 1471 192 1343 835 968 1097 1487 1362 1107 215 1116 612 1400 
1498 1664 257 1322 1662 656 1556 503 1692 
1499 1032 138 1294 526 1038 1554 1556 23 285 679 168 1322 426 1323 810 1204 1589 53 1591 440 182 567 445 1471 322 328 842 1485 1102 335 721 1491 343 1496 475 1116 1371 990 731 96 1378 1639 1000 617 1004 876 622 755 503 1400 
1500 1155 1097 719 
1501 1155 6 424 1097 138 810 170 1194 656 1585 1266 182 1400 538 1116 
1502 547 170 523 1674 1678 1359 1264 1392 1524 1365 1399 824 
1503 1679 528 784 913 1553 1183 543 1406 418 549 294 1534 1319 438 1591 1078 955 1471 968 204 848 980 343 1242 1501 1246 1649 1010 1526 1399 1528 1401 1147 
1504 1155 1400 1288 9 138 15 1552 145 146 532 277 150 1176 926 1310 414 675 291 549 678 167 810 176 689 690 182 951 1591 441 313 62 318 830 581 197 325 72 1097 968 1609 1607 1614 719 1616 1490 983 1624 1497 1373 864 224 1252 1002 1268 886 1399 248 890 
1505 738 1669 1542 1351 137 394 845 1423 1116 335 1266 1519 499 242 150 1525 
1506 640 1664 1155 6 1038 656 531 1053 1706 1070 1204 1717 1471 1603 1097 1356 335 868 753 754 1649 
1507 1155 389 138 656 1556 1301 670 931 810 1204 182 62 835 1097 1487 1107 470 612 
1508 1316 70 170 974 1486 528 656 1716 
1509 457 1646 304 
1510 771 1417 781 1551 1040 1553 529 145 146 277 22 15 1564 1309 414 287 672 32 1059 1187 549 675 35 1064 40 934 813 1455 1073 690 1331 1204 1588 54 951 1591 309 1469 958 961 1219 197 711 1607 969 1485 718 591 336 209 1491 1364 340 1624 1497 857 1116 1501 1246 1508 997 489 878 1394 1395 371 1654 1399 1401 
1511 1411 1285 1420 1678 272 656 1040 662 1561 668 926 1183 543 549 1574 936 812 1584 568 185 1465 699 1471 320 1603 709 80 1364 1621 1246 868 615 1129 748 1400 
1512 287 549 868 302 304 1040 1497 
1513 1027 893 1234 1138 1556 1111 1400 603 861 
1514 388 7 1034 399 277 30 1322 1069 1327 432 192 1485 1487 1623 1116 1246 865 102 1517 
1515 1155 327 1097 138 810 746 335 725 182 630 1400 
1516 1539 1155 1097 
1517 656 146 662 414 675 1064 1322 173 301 954 1215 965 1607 1224 72 334 1116 737 1637 742 1262 1399 
1518 905 1675 511 1198 54 
1519 1539 1541 1542 1034 1556 1054 1569 1064 1069 1070 1591 567 1599 579 587 87 1626 1116 1118 608 609 1637 123 1662 1664 1160 139 656 1686 670 674 170 685 688 1204 1717 195 200 203 205 1234 725 1244 222 736 226 236 1263 1266 774 1322 1324 815 314 322 324 1354 334 858 868 367 372 1397 1400 1407 904 392 1423 404 407 1431 925 418 1445 424 943 440 954 447 448 967 457 1487 1493 
1520 1219 1059 294 1607 1160 680 105 718 1167 1303 146 1399 1624 1147 1564 
1521 585 719 176 1616 754 
1522 1248 1155 197 327 935 1097 746 685 
1523 1539 3 1034 656 1555 28 39 1064 1322 1706 685 1588 1591 440 823 954 314 1471 587 334 1491 1116 749 1133 1266 
1524 1061 1324 977 979 
1525 363 1420 237 1486 15 784 1419 
1526 1664 899 1156 1541 523 1035 141 781 1547 656 526 786 908 1044 277 1045 537 1566 286 1057 1317 38 170 1327 1334 1597 1471 320 1472 959 704 1102 1487 1234 851 1493 726 868 360 1263 760 497 242 114 1519 1400 
1527 1183 287 811 1535 685 366 1040 1073 400 1716 1717 1302 951 185 314 
1528 529 22 1559 278 1689 675 425 172 178 1591 951 592 852 982 858 1262 884 1399 
1529 1248 1155 327 1097 746 810 138 
1530 1155 1097 1359 
1531 902 1040 1434 549 678 1450 813 944 1073 951 1591 1336 1342 1607 204 210 214 984 1624 865 1399 377 1403 
1532 1539 1447 679 41 1320 1451 587 1101 1553 1206 1400 1243 1116 317 
1533 1280 386 1155 1671 904 138 394 523 141 1675 15 656 400 1684 1301 150 1559 1048 1050 668 925 924 1183 1311 1566 675 1316 678 425 810 1322 1662 305 947 182 310 1591 185 54 828 1470 1471 1474 327 1097 1098 974 592 977 210 466 1107 1116 1501 226 1510 1383 1384 746 366 238 1262 1137 884 1400 
1534 645 1030 1169 914 1046 410 1435 1322 1451 298 694 189 574 575 449 1224 203 461 1485 1362 980 343 474 1372 350 1246 737 1637 102 372 
1535 1088 769 382 1476 1541 1662 1263 1487 404 1493 724 
1536 96 1122 1541 967 782 1263 656 1487 1711 
1537 345 203 1677 1614 1552 754 886 1305 
1538 8 971 271 
1539 679 809 1005 
1540 32 414 1700 549 167 1607 873 1535 684 1455 209 1106 1399 313 1373 
1541 583 137 1131 1488 1266 1686 
1542 386 906 511 16 400 146 1045 1302 1023 926 927 1184 414 421 1193 811 556 302 1716 1717 311 568 327 1607 585 1100 206 725 1375 868 1127 746 748 366 1399 1529 1147 
1543 965 549 685 15 150 312 
1544 448 1155 227 549 775 935 327 810 746 138 1097 182 1050 
1545 1696 1378 1642 394 812 893 654 531 1204 1556 151 792 603 1180 861 
1546 640 772 262 392 1674 140 15 1295 146 1556 281 1180 414 678 1662 1451 1324 1588 1079 951 67 1607 332 1485 461 465 977 1491 1116 102 103 493 365 494 367 1266 1268 1399 1400 890 
1547 1541 1545 1038 1562 29 1566 549 40 1069 1070 1073 1090 581 1607 72 1615 1116 102 1129 120 1147 1662 1151 1676 654 656 146 1179 668 1183 1700 167 1706 170 1710 690 179 185 186 1220 1224 206 208 721 1246 1263 754 277 1302 1322 811 1334 313 317 848 1364 1365 341 1372 1373 366 1399 1400 1413 394 400 410 926 414 417 424 432 1461 1465 1471 965 461 1485 1486 1487 1493 1501 
1548 1542 520 1423 656 784 1556 668 671 424 1716 1717 185 1471 1623 1112 1116 868 236 1264 630 1400 
1549 1539 1542 529 1553 1556 22 28 32 549 39 1064 553 1065 1073 1588 54 1092 587 79 1107 1620 1110 1624 1116 102 1649 627 1651 120 638 1151 1677 656 1183 672 167 685 1716 1717 198 204 718 206 209 210 1235 725 1246 237 1266 768 777 269 784 1302 794 285 287 1322 811 303 1331 309 313 314 317 321 1354 1362 1377 1399 1400 1403 382 394 1423 913 917 1429 407 1432 410 1444 1455 944 950 951 1477 455 968 1485 1487 1491 1505 
1550 227 612 551 15 1073 1107 1429 1399 
1551 1336 517 841 172 1548 1553 1107 1429 54 407 1400 
1552 1541 1263 656 1493 1499 1116 
1553 512 1539 1542 910 1423 656 658 531 1050 1054 1448 1716 1470 1343 1471 199 200 587 1612 340 1116 1501 96 1637 1266 1400 
1554 288 132 774 1102 1456 240 1462 
1555 769 322 868 1204 
1556 868 968 1096 536 1199 848 1457 1652 1364 1400 474 
1557 1285 1030 775 517 780 1679 271 1555 1556 1299 1686 791 789 669 30 925 543 418 546 681 173 1070 1078 1463 1080 1209 706 964 1349 583 200 457 204 1357 205 79 845 1488 1101 1617 1236 218 1242 1501 608 487 231 1256 1131 1132 1005 1646 879 1516 1010 756 885 1269 1140 1400 
1558 1382 1715 1400 
1559 1192 138 810 719 1616 
1560 656 404 888 
1561 1666 1420 141 656 144 1296 1555 1301 1431 1561 1566 804 1064 1322 170 812 1323 1070 1588 1591 316 1471 322 195 70 1355 1485 1486 461 1491 731 1116 1121 868 102 627 1400 1276 
1562 1285 1451 1484 845 1400 380 
1563 1368 835 549 965 1063 612 199 134 167 1487 1107 
1564 197 549 1262 1073 
1565 1700 1317 1566 1116 1246 1043 1400 1180 893 
1566 1030 661 672 934 1451 1331 62 1087 961 1603 1349 1101 78 343 857 1372 355 229 1005 
1567 1184 1189 294 421 1640 1323 1102 1199 703 1204 916 1399 536 
1568 1699 1379 37 394 430 1456 17 1462 407 
1569 1541 1322 394 170 1037 1263 1493 1022 
1570 388 1541 638 1034 11 782 656 1040 1553 1429 1309 673 675 172 813 1711 54 951 56 694 1218 835 1487 1107 1493 1116 1122 612 1263 633 1657 
1571 680 656 594 
1572 656 531 1044 164 678 166 1064 1070 177 1716 1460 440 570 187 316 1471 1228 335 721 1362 736 1259 627 1268 890 
1573 1122 388 11 782 1711 1493 
1574 775 269 656 790 1176 414 1065 685 559 176 690 448 966 327 1607 718 210 983 1624 746 1132 
1575 258 1539 1285 1029 638 1420 781 656 1553 1555 660 1299 1429 792 1561 1566 1322 170 685 1204 692 54 55 954 314 702 1471 448 835 457 587 334 207 721 1107 1364 1116 863 866 1507 1646 496 1396 888 1400 
1576 1536 1539 133 1542 1420 1678 1423 146 276 661 150 1685 1561 794 155 924 925 1054 285 544 414 670 550 680 1064 42 1662 169 552 1070 303 1450 689 1074 1584 1204 949 951 55 441 315 1471 709 1478 1349 1224 1607 587 848 1234 1618 1620 85 1494 1624 475 1116 93 1246 605 221 481 98 864 741 1513 1129 1266 1011 1399 1400 1018 
1577 32 1455 209 
1578 1536 514 516 1540 1542 1548 15 1040 1557 536 1053 542 32 33 549 551 1065 1580 45 1073 1078 1591 1079 569 55 576 579 1607 1612 79 592 1621 1624 1626 1116 608 97 1637 616 1130 1132 1646 1649 1139 1143 123 635 124 1662 644 1671 1675 140 1679 1682 1171 1170 146 150 668 1185 685 1199 688 690 1716 1717 692 696 185 1209 189 703 192 1220 197 709 204 718 209 210 725 214 1242 1244 733 227 1251 1255 237 1262 239 1266 246 249 1276 253 258 775 783 1299 279 285 287 294 813 822 1354 846 338 340 856 858 349 867 868 358 372 1399 1401 896 905 1419 1423 1428 917 412 925 924 414 418 1443 1444 933 935 1450 1451 431 1455 1457 1459 436 1461 951 952 1468 444 448 968 1481 457 1482 1494 1497 475 1501 1513 490 1006 496 1015 1528 
1579 1040 662 918 278 1559 1434 1444 549 425 813 690 1591 951 313 1342 1101 592 1624 1262 884 1399 1400 
1580 1160 526 15 656 784 529 531 146 661 414 1183 544 680 815 305 1716 1204 951 574 833 579 1607 214 1395 1399 120 
1581 357 742 1607 906 1069 494 301 146 
1582 1666 1032 169 170 1451 1102 335 656 824 786 1400 286 
1583 1316 424 1322 394 811 974 1487 1716 1302 1400 1501 
1584 1155 935 1097 
1585 1122 1541 455 88 332 782 1263 656 1711 1266 1102 1493 150 1334 1400 
1586 1539 1027 1029 6 523 526 1555 1556 1561 538 29 1566 1567 1058 549 37 1575 1064 1070 1073 1588 1589 1591 62 574 1606 587 1102 1104 81 83 601 603 1116 92 98 104 618 1650 1149 1662 1151 128 650 138 1166 1678 656 661 150 1179 668 670 671 678 1194 685 689 177 1204 1717 182 1205 185 186 700 718 206 721 217 1246 222 737 738 741 232 1268 1276 767 776 781 272 784 1302 792 283 795 284 1317 1322 810 812 1323 811 309 314 827 317 320 837 326 331 332 1356 334 849 1362 1365 857 858 355 1382 366 881 1398 1399 1400 890 382 394 1420 399 400 913 1425 406 925 418 424 1451 949 1462 440 954 1471 447 964 457 460 977 466 1491 989 1503 481 487 1512 1001 1013 1532 1533 
1587 1664 512 394 523 781 1678 913 531 1044 1301 1566 670 288 1569 931 1700 170 1323 1707 1663 1584 1334 1462 440 1465 186 60 447 320 1471 1603 1476 200 1102 335 1364 215 1245 364 1264 114 1138 1400 
1588 1539 932 587 
1589 1 382 388 1541 1030 1034 11 782 399 656 1553 1657 1679 1429 418 1314 1534 1067 173 1711 54 1078 56 446 835 67 1349 1221 204 1487 467 1107 1493 1367 1242 1116 1501 608 1122 612 1263 633 1400 1401 
1590 449 440 774 1674 1069 526 334 656 1364 1204 660 1400 954 795 92 
1591 226 1322 526 334 1364 1204 1399 1400 954 
1592 1344 577 1346 64 965 1542 199 490 910 1423 593 1074 1075 754 920 24 
1593 1542 1160 141 1423 656 400 146 1302 414 1183 549 1064 1322 811 1325 435 1716 1591 1607 1487 79 1628 1501 1248 366 1399 1400 
1594 1553 1107 1429 
1595 425 592 884 
1596 1700 1662 654 1266 
1597 678 334 1399 
1598 833 1668 811 1302 568 
1599 388 638 11 526 916 1301 1429 1566 1183 287 32 1184 1699 421 1189 37 1662 1070 1455 561 54 56 185 62 1471 70 457 1486 209 1107 599 612 1135 633 1399 1657 
1600 512 514 526 1555 1556 531 542 1569 1064 1065 44 1070 567 1596 60 62 1603 1608 1102 1618 1621 622 1646 634 635 1664 640 1666 1156 654 656 1169 1682 1685 1177 170 1707 1204 692 191 200 718 222 736 742 1258 1266 767 781 1294 786 787 1299 1301 1322 1323 301 824 322 1347 842 1356 845 846 335 1364 860 357 883 888 1400 381 424 1451 431 951 440 952 443 1471 457 1484 467 994 1513 1018 507 
1601 772 1289 272 1040 1553 1684 548 549 676 808 813 690 1207 951 833 718 80 1362 1364 606 609 997 
1602 1664 1155 1097 1385 1580 
1603 32 833 579 775 638 1455 1553 209 1107 1429 54 951 
1604 650 83 148 407 
1605 386 382 6 394 526 272 400 1302 407 1022 1176 795 1566 1054 1574 294 1064 1322 811 559 1073 947 1204 1076 1334 1591 699 574 320 1218 706 70 1485 1486 206 1234 1364 1365 1624 858 1244 868 102 1383 232 366 1134 1396 1399 1400 1017 123 
1606 1700 868 774 440 424 137 656 792 
1607 611 1542 1423 
1608 1664 382 388 1541 774 1543 6 1542 638 1034 394 11 782 1423 656 639 1553 1043 1556 1301 1429 792 1023 1534 38 1322 170 302 1711 1070 1204 54 56 440 570 62 1471 322 835 1100 845 1102 1487 335 721 1107 1493 1116 1246 1122 612 1263 1136 633 1400 1657 
1609 388 1553 1429 278 1559 416 163 1444 37 294 1534 425 54 585 459 1100 592 1107 1500 1375 612 1127 748 496 1521 884 
1610 102 1566 1471 1662 172 781 526 1102 656 1485 1010 951 1400 1465 286 
1611 418 1539 811 587 559 1302 407 1400 858 1116 
1612 1024 1027 1542 1034 15 1040 1560 1054 543 1059 548 549 1578 1073 1587 565 1591 55 1086 1607 79 80 1106 1624 1116 107 629 1145 145 146 150 662 669 157 1695 672 162 1699 163 676 1704 685 1717 185 192 725 1239 1262 253 255 258 1289 1313 1319 813 1326 1333 314 857 858 365 1399 382 387 907 1421 1423 402 405 407 1434 925 414 1444 1458 951 442 448 453 983 1500 493 496 1520 
1613 1155 1097 719 1616 
1614 1664 382 145 146 26 1310 414 289 1059 939 172 1324 1070 1583 944 1204 1591 1603 1607 977 210 1490 727 472 1624 603 737 1399 
1615 1664 1538 6 781 531 1302 153 286 170 811 1070 1204 440 1465 702 320 1603 
1616 1664 1536 388 1541 906 1674 638 1034 1678 782 656 1553 11 917 1429 408 294 1534 170 1323 1070 1198 1711 50 1204 54 1591 56 1339 703 576 835 841 1487 1234 210 1107 1365 1493 1624 1116 1122 868 612 1263 633 1399 1657 1403 
1617 1539 414 549 1607 1160 1064 587 684 1624 15 146 1365 118 1399 1717 1147 
1618 776 268 1037 1552 787 661 536 409 922 925 926 287 416 32 302 1199 1455 1457 690 1454 55 1336 1594 1468 573 576 1351 1096 585 586 1100 1357 848 209 1362 858 1373 1375 1127 1513 748 1653 117 1525 1529 
1619 1155 1097 138 810 811 719 1616 182 1591 1302 
1620 1664 1027 1156 1029 6 394 523 1165 656 531 1301 150 675 1323 1070 1073 1204 949 1334 1591 1465 1471 1603 975 1234 851 215 603 605 1246 1380 868 1640 753 
1621 1543 1038 1553 1561 1562 30 553 49 1073 1074 1588 564 54 1087 1602 1097 1107 88 1116 612 109 118 120 633 638 1155 1670 656 146 678 166 1195 689 1717 197 1246 738 742 749 763 259 1287 784 286 1313 1317 808 1322 1323 301 305 834 835 848 339 1364 343 857 1372 373 1399 1400 1420 1429 410 417 1444 420 937 958 1471 449 1487 1491 481 997 1000 
1622 1536 385 1409 382 1158 7 909 1040 1553 403 798 287 544 32 1534 1322 172 1069 813 1455 1070 1073 1709 1204 54 951 1591 310 570 315 1341 1342 191 575 67 1349 198 968 460 209 1362 1107 1105 1619 211 1241 859 1246 993 227 1637 869 1384 1398 502 1400 
1623 163 549 1375 1127 1329 1106 313 
1624 1664 133 1029 7 1160 332 638 1413 526 656 1553 400 275 788 1301 1560 28 925 1566 1054 670 1438 162 163 1228 549 39 1064 169 1322 1323 1662 1448 1458 1716 1717 54 1591 564 565 954 574 1471 322 1606 1356 1485 1102 1487 719 1616 464 1107 1364 334 721 1106 1624 858 1500 1501 864 868 612 102 1000 107 366 629 1399 1400 633 
1625 1024 1026 1541 521 1034 11 15 1040 1553 529 531 534 22 1564 1054 1056 32 1059 549 1574 42 1069 1071 48 1073 564 54 1591 56 1592 1079 574 578 69 1607 591 82 1107 1116 1122 612 1125 102 618 109 628 1657 633 1147 638 639 1677 145 146 661 1688 157 161 1698 675 1187 1709 685 1711 690 192 1219 710 203 718 209 237 1262 1263 754 782 277 1306 1310 287 800 1313 291 293 809 813 305 313 314 315 317 1342 835 1349 844 846 343 858 865 873 1386 877 1394 1395 374 1399 892 894 900 388 1429 1434 414 1444 939 1455 951 958 1473 963 453 460 461 1485 1487 465 1490 1493 472 997 998 496 1009 1016 1020 
1626 1664 261 905 138 1419 265 1677 1678 783 656 784 1038 1556 150 1566 930 163 802 549 678 1064 810 1451 172 1581 814 558 1323 1322 170 564 182 1591 1465 570 1210 316 1468 186 1471 447 317 195 1478 583 1098 1485 591 1104 337 851 474 1626 1500 733 606 91 866 868 356 102 872 105 877 241 1010 630 1527 1014 1401 886 
1627 1255 522 1171 1366 
1628 1029 6 650 1036 1420 656 784 145 146 1301 1561 414 1059 424 1064 1322 1716 1334 1471 1607 1102 1362 1365 216 869 619 493 238 1399 
1629 1571 105 241 1717 630 
1630 774 137 394 1044 37 170 300 1069 1070 1465 1471 1234 1364 861 1000 1264 242 
1631 514 1030 11 1037 1552 1040 1553 19 26 28 542 32 548 549 1064 1073 1588 54 56 573 574 72 1100 1101 80 1107 605 1631 612 103 1127 1657 633 638 639 644 134 1671 1684 662 1688 157 675 676 167 680 171 1206 703 199 203 204 718 209 1237 214 727 1246 225 1259 1262 261 1289 1295 276 1309 287 802 294 813 313 832 833 334 1368 1375 865 377 388 399 1429 1434 416 934 1450 1454 1455 951 954 961 965 460 1497 1501 997 506 
1632 1543 394 523 141 656 278 1559 537 937 170 1451 425 433 563 1204 1076 1591 457 592 1234 1364 1365 597 357 997 1000 242 884 1400 1017 
1633 1664 289 1027 1603 1069 1264 656 660 1334 1433 286 861 
1634 1155 134 1674 1419 1678 272 1552 1553 1044 662 1687 1433 1434 1566 1696 1059 549 1574 176 193 706 1603 965 581 199 841 1097 75 1358 1103 976 1617 1106 1234 1236 1368 603 1128 1516 1519 
1635 1664 1344 322 6 440 447 106 233 205 1102 335 656 767 755 1400 541 
1636 382 1603 1400 1192 138 1662 1323 1069 810 792 1265 1204 1334 895 120 182 
1637 1027 1156 138 141 656 1681 1044 792 1054 286 1064 810 1322 301 1069 177 1204 182 1083 1471 320 322 1231 84 1622 344 1116 1246 863 357 742 1266 1138 242 755 1400 
1638 32 549 1607 1064 1455 209 146 1045 1399 568 1116 
1639 1673 1036 145 1183 549 678 1573 944 1073 1072 1478 210 850 1623 1256 118 1399 1403 
1640 1664 868 774 1566 1323 620 1069 1234 242 1204 567 90 861 
1641 1024 512 15 528 1556 1566 1064 1579 1069 557 1581 1588 59 60 579 1102 79 78 1626 605 94 1630 617 1136 1649 1656 1662 1664 128 646 1160 1672 138 656 158 672 1697 166 1707 172 1204 1717 182 699 200 722 725 1245 1246 222 737 738 739 233 1266 758 1285 270 792 1315 1317 1320 810 1322 1331 317 1343 1345 324 329 1356 332 854 343 861 865 1378 1379 1399 1400 376 891 1405 898 1413 394 913 404 418 431 949 440 1471 454 463 468 989 1000 1515 494 1010 500 
1642 1024 1539 1540 1285 1548 656 917 1302 1685 536 280 925 1053 287 1313 163 549 167 1322 811 172 1580 1199 1457 1591 313 444 317 1468 576 1482 587 719 1616 1487 1618 858 733 1246 358 1512 1513 1139 1015 124 
1643 1539 6 656 1534 1322 1588 1717 440 317 447 1471 331 587 1487 120 1116 1246 1266 
1644 1400 1542 1543 1160 638 1420 1423 656 272 1553 912 1429 150 1045 1561 1183 287 1311 163 1064 1322 1450 1717 54 56 1468 1471 1599 835 1092 326 72 1228 1487 1107 1364 725 214 1624 1116 93 1628 1118 96 355 868 1124 612 1512 873 489 491 633 1266 1395 1399 248 1657 1018 1405 
1645 1024 1546 11 15 1040 1553 1534 1064 1067 54 1591 56 1601 1603 1607 1107 1624 1625 1116 612 1130 1649 1137 633 1657 638 639 640 1664 1662 1157 1160 656 146 148 1173 662 155 1185 680 172 685 1717 701 709 1226 203 210 725 237 1262 1266 1269 757 248 258 262 1288 1322 813 314 839 858 1399 388 391 1426 1429 407 925 414 928 1450 436 951 442 1471 448 964 968 1481 464 467 983 490 
1646 977 242 1400 1116 
1647 134 1544 523 1037 1295 400 1302 795 1023 926 416 801 1313 933 296 170 811 302 1454 1204 1461 954 699 573 574 1471 706 965 199 1100 206 334 83 1365 1368 1375 357 1127 748 366 242 503 
1648 416 387 1059 549 843 1100 107 338 886 1591 1400 
1649 1026 255 1288 904 1023 926 1059 1064 302 951 185 579 972 1363 349 1246 616 748 1262 246 630 1400 
1650 514 1127 359 585 1451 748 109 302 1100 1394 627 1690 
1651 1029 1542 11 526 531 1556 1565 1566 46 56 1603 580 1098 1102 1624 1116 617 106 1657 1662 1663 1664 640 656 148 150 1696 166 1194 1707 1204 702 706 200 714 216 1246 222 1264 1266 1294 286 1311 289 804 1322 1323 300 818 824 320 1348 1356 335 851 1364 879 1399 1400 383 897 899 388 394 1423 913 407 426 1451 1456 1462 1465 1471 1476 1507 998 1519 
1652 835 612 294 1487 1009 
1653 225 1698 69 203 844 276 374 1206 
1654 1664 382 1541 646 136 394 781 656 913 1556 23 410 795 670 1566 286 930 678 1064 168 1322 1451 1070 1327 1456 1201 1204 1205 1334 1591 440 954 186 317 1471 320 1472 1090 1603 447 1350 1485 334 1487 975 851 1365 1493 343 857 1113 603 1116 731 1246 222 863 737 738 102 232 876 1263 1649 1138 888 1400 1531 
1655 1281 322 1400 1574 807 447 204 111 945 1716 277 949 1336 123 1244 605 
1656 514 414 612 1637 197 542 1607 1262 1553 983 1107 146 1429 54 1399 1624 
1657 868 137 1204 1300 
1658 675 357 935 327 810 746 138 1045 182 443 
1659 1059 711 585 650 779 748 302 
1660 1607 1163 146 1399 
1661 1666 1027 781 656 278 1559 795 1441 37 1064 425 1322 1069 564 1591 1465 62 1471 1356 592 1491 1246 98 232 1264 884 
1662 272 21 1302 926 1064 811 1074 1334 1338 62 206 977 83 1246 737 1640 1134 
1663 835 612 1580 
1664 1607 1322 146 1399 
1665 1664 1603 868 
1666 1122 1541 782 335 656 1263 1711 1493 
1667 1539 777 526 1294 656 531 28 1566 414 165 1321 1706 170 812 1070 302 1583 817 946 567 317 449 709 326 1607 587 1356 595 1624 863 1379 1642 109 1394 1650 1399 1400 
1668 138 141 526 1679 656 1302 418 1064 810 811 1069 182 1078 954 958 334 977 1364 1242 1501 1246 1400 
1669 1024 1027 1539 517 1679 656 15 1302 407 150 1566 1311 671 1183 418 163 1188 549 294 1534 424 1322 811 172 170 173 1073 1716 310 951 54 185 954 1078 442 1471 72 587 1100 204 1485 1487 848 977 1362 1107 334 983 1242 858 1116 1246 479 608 102 756 1399 1400 1401 
1670 1029 440 742 1322 876 301 656 1043 1204 372 150 1364 1400 858 
1671 132 868 166 299 
1672 1542 523 532 1045 1053 32 1064 1607 1096 585 1106 1620 1624 1116 1132 124 643 141 656 146 150 1183 680 170 1708 685 1199 1716 704 1220 709 1224 209 742 1257 1262 255 777 1293 1295 784 272 794 287 294 296 1322 301 302 303 312 314 318 334 1365 868 1383 360 366 1399 1400 1402 386 1415 908 1423 400 926 414 424 1455 947 954 444 1487 1519 
1673 382 1662 843 779 
1674 1155 1540 1295 1050 414 287 32 416 1444 549 302 1455 1470 1220 1097 204 1100 719 1616 209 1624 358 1521 
1675 775 1161 1147 1402 272 1425 273 531 146 1048 795 28 925 284 1183 1056 414 678 1064 1450 1706 1708 558 815 560 1074 1459 1716 1077 951 568 441 440 316 1471 322 709 967 1607 460 1612 1358 1228 1617 1364 1247 864 867 996 997 360 1129 1128 1257 237 1391 881 1394 1268 1397 1399 1273 
1676 1029 146 1301 1559 414 287 32 931 166 425 1323 1455 690 1588 54 1591 1471 1607 592 209 1107 1624 736 1129 1011 884 1399 
1677 1026 514 517 521 1040 1048 1561 1560 1566 32 1059 549 1062 1578 45 49 1073 564 565 1591 574 1086 68 1607 72 77 1615 79 1106 598 1116 605 102 1128 1129 619 107 109 627 629 118 1145 1147 123 1159 656 145 1169 146 1690 155 669 158 1695 162 1699 163 678 1191 680 172 1713 1203 185 192 1220 1224 716 718 209 731 1244 1246 737 1266 1268 246 255 1286 272 274 277 791 287 1322 812 1326 1333 317 320 833 1348 1353 334 341 1365 343 1372 1373 1380 870 878 1391 369 881 1399 1400 890 1405 387 907 1420 402 1431 926 414 1444 1446 1450 1455 1458 949 441 954 955 1474 1485 984 1500 997 999 496 1520 498 1522 
1678 656 1683 1556 406 1693 286 671 672 1064 172 431 435 1362 1364 1116 1248 1266 
1679 868 811 1420 1561 206 272 1649 1716 1302 185 410 1147 
1680 1322 394 811 725 1717 1302 1400 
1681 258 1528 1289 1418 1420 15 656 150 1302 1304 1561 1277 1564 669 1151 1441 1185 548 549 676 1444 1064 170 811 1322 1710 174 1074 1716 436 55 1209 954 699 316 1082 313 192 448 193 1219 453 327 968 1352 1481 1229 206 79 80 334 857 1246 1123 746 496 244 1400 253 
1682 1322 1662 1204 1054 1400 
1683 513 1037 1552 29 1566 543 32 1059 548 549 573 574 575 68 1607 72 590 1614 80 1105 87 94 609 102 118 1664 1158 650 1676 140 145 146 674 676 1204 180 198 1224 209 1239 1246 224 737 236 1260 754 761 1282 1289 781 277 1305 795 287 1322 812 1329 313 317 1341 320 1362 1364 345 1372 350 1393 886 1399 1400 380 1421 909 913 914 405 1435 414 1442 1454 1455 438 1485 1487 980 474 993 
1684 1322 1662 1111 
1685 360 1129 1224 1064 1257 1400 1373 
1686 549 1574 999 313 
1687 384 1539 643 1670 777 905 523 654 15 1168 1553 767 1556 148 150 407 1302 410 1691 795 1566 672 1313 163 166 1064 1322 1706 170 685 1070 811 688 1073 1717 54 1591 440 951 954 824 314 316 1207 1471 322 326 712 1224 842 203 1228 1356 206 79 1487 587 334 1363 1107 470 343 1116 1628 222 736 997 998 238 1136 1649 1399 1400 1533 
1688 322 738 1029 440 1322 1356 755 1204 309 1400 62 1626 795 
1689 640 1029 393 137 13 915 660 1556 787 1047 535 1178 925 1579 427 1663 692 1334 447 1471 1094 842 845 77 335 467 91 860 1245 603 994 623 1266 634 891 252 
1690 904 656 1556 1045 662 150 536 795 1053 1070 1199 1457 1207 1471 704 1603 1096 1098 1485 1102 603 1116 1000 1653 
1691 810 138 719 
1692 868 1541 1263 656 1266 1493 918 1400 
1693 1640 526 719 1616 725 1717 
1694 1539 1541 1034 15 656 144 1553 1429 662 407 150 925 804 549 1534 1322 1717 54 313 1471 1224 1611 587 332 1487 1107 725 1493 858 1116 1501 1246 226 232 1387 1262 1263 1266 1400 
1695 384 1539 1542 1671 138 523 1677 269 1423 656 1555 916 1301 150 1556 794 925 1534 1322 1323 170 1069 1070 303 810 301 434 1204 1717 182 439 440 567 186 317 1471 576 320 322 1603 1224 587 204 1487 975 977 1364 1620 214 1116 1246 94 992 1633 98 736 868 742 870 888 630 1399 1400 
1696 1030 1158 909 274 1691 40 1662 555 172 1324 1070 306 1588 1206 1334 1338 316 317 1341 575 1091 198 1485 977 1362 1363 1105 1116 1246 737 993 492 1393 372 502 
1697 811 1487 1302 
1698 1024 388 1541 1543 1401 638 523 1679 656 1553 1556 1429 150 662 287 32 418 1322 1455 54 951 56 1078 1594 442 317 1471 1090 1098 1356 204 1487 209 1107 1493 983 1626 1242 1116 1501 858 612 1263 633 1400 
1699 322 1154 1156 994 233 817 1266 598 1175 1400 
1700 864 35 1323 
1701 1664 1156 911 656 1553 146 277 1566 1054 414 549 294 167 1322 301 302 558 564 1461 313 320 833 1603 71 1607 1102 848 980 1365 343 1380 742 1134 881 1399 1400 
1702 1026 517 1285 400 1553 1169 1046 152 536 925 1310 549 808 1322 1199 1073 1457 1588 951 315 1468 575 576 834 1602 72 1096 1224 1490 1491 1362 858 474 865 737 869 1637 1513 366 372 1653 1527 
1703 138 810 182 1399 1624 
1704 774 1471 811 1069 116 1302 1400 
1705 1664 1639 1662 1116 1400 
1706 865 1633 549 167 1451 1262 655 977 1491 
1707 1400 581 357 170 1356 1678 335 440 1597 
1708 1539 1541 1543 587 1678 1487 656 1263 1204 1493 1400 
1709 138 907 15 656 1040 400 402 1301 150 1302 668 669 1054 1183 671 1311 1569 1444 37 1064 1322 1323 810 811 1326 1070 1578 305 813 433 563 693 182 1591 951 185 1465 699 954 1334 1342 1471 1086 206 79 1616 719 334 1364 597 470 215 728 1116 93 1501 1000 873 1132 366 496 1520 1649 1399 1400 1274 
1710 1024 1 1536 517 1037 15 16 1040 1553 532 1559 1560 1563 28 1054 32 1059 548 549 1062 1574 1064 1072 1073 50 565 54 1591 1592 568 573 575 576 579 67 1607 72 1609 1611 79 592 1105 80 1107 1106 1621 604 605 102 104 1130 107 1132 1648 629 1145 1147 1151 1668 1158 1671 134 1163 1677 656 145 1682 658 146 1684 150 157 1183 1695 162 675 676 163 1704 172 685 173 175 689 690 691 180 1717 185 701 703 192 1220 197 198 199 204 206 209 725 214 733 1246 737 740 1256 237 1262 1266 754 757 248 255 1288 1289 778 1295 1302 278 287 294 811 1324 813 1333 311 313 1339 1341 1342 317 1349 334 1362 850 340 343 1368 858 1373 865 366 884 372 1399 892 894 387 904 909 400 916 917 1431 408 925 414 926 927 930 1444 935 425 1451 940 1454 1455 946 434 1458 949 951 952 954 1468 965 453 460 1485 465 977 1491 1494 474 475 1500 993 997 1513 1004 1005 493 496 1009 1521 1010 502 1018 508 
1711 868 676 548 1289 748 80 1373 
1712 515 1669 1416 1550 1555 29 1194 812 173 1710 1204 1334 1592 953 1471 447 1606 712 331 848 336 851 980 86 343 1111 1243 1374 1246 
1713 585 748 302 
1714 163 492 1009 
1715 1541 1160 906 1163 394 656 146 1683 1045 406 1301 536 1693 1053 1183 1700 1189 1199 1457 1716 1717 1334 444 1471 1600 1218 1603 1096 74 1359 1365 1493 725 1624 1116 1374 357 1263 112 1524 1653 630 
1716 1160 394 523 784 277 1301 151 670 1566 424 1322 426 564 1462 1471 465 1365 863 
1717 1603 6 1233 1400 
1718 1272 1026 514 1040 145 1553 146 278 1559 1690 410 1564 925 414 287 672 801 32 1699 1573 935 425 1450 940 813 430 1455 690 694 1591 951 54 317 576 1218 1219 579 711 712 968 1607 592 209 1106 1107 343 1116 227 365 237 752 627 884 503 1016 253 1399 
1719 1548 1295 1683 
1720 1451 1553 1107 1429 150 54 1400 570 
1721 640 1539 1160 777 394 265 1677 656 146 1555 1299 662 1302 155 1054 671 414 545 1316 680 424 1322 1064 811 1325 1069 1662 435 1588 692 1591 954 62 1471 1599 1347 1607 457 587 1484 845 718 974 79 1486 466 595 1491 206 334 1624 857 858 1116 1248 481 738 739 1132 1262 1646 881 242 1399 1400 891 125 
1722 1029 1551 656 410 1566 1311 1064 1322 1662 1195 1204 1205 1591 1342 1471 343 91 1116 1501 242 755 1400 
1723 1664 1542 638 141 1294 1423 656 1553 786 277 150 1429 1177 289 37 1534 805 1064 1322 811 172 1450 1070 1204 1717 54 185 954 315 316 317 1471 1603 1092 1349 334 1107 1116 1246 96 1640 1518 1649 1010 498 1266 1399 1400 121 
1724 382 774 1001 170 660 1204 1180 
1725 414 1607 360 1288 1450 748 685 718 15 690 83 210 146 1399 
1726 2 131 1156 765 523 908 781 141 656 784 400 146 1045 1302 1176 536 1564 286 287 1151 1566 32 416 414 294 166 424 1322 1323 684 1196 811 1199 176 1455 1716 440 1471 703 704 1218 66 1219 1607 1100 1485 718 1102 1487 206 461 209 596 1624 1116 92 1246 481 102 1128 1129 366 1015 889 891 
1727 576 1059 965 7 1420 1262 1487 145 662 1561 
1728 965 134 102 
1729 192 123 748 559 150 
1730 79 656 1053 
1731 834 1602 1640 1491 1588 
1732 1697 868 70 1000 1352 684 12 1486 1584 721 1296 788 
1733 416 1125 1127 585 748 1037 302 1100 1273 
1734 549 107 727 281 
1735 448 1155 1591 1097 1662 237 718 1070 1204 1399 1400 858 
1736 1064 813 685 1040 
1737 1285 1420 1686 1302 1561 549 424 1322 811 1074 583 1488 218 1243 1116 1131 1400 
1738 1155 1444 680 1097 394 457 1578 907 1326 79 496 1520 402 28 
1739 1040 1553 1554 146 790 278 1559 1564 414 31 672 287 32 291 1188 1573 934 1570 163 425 813 1455 690 563 1331 310 1591 951 1342 961 1219 1607 1353 1485 461 78 592 465 209 1016 1246 225 355 102 365 754 884 1399 1400 
1740 1664 386 1155 1670 1160 656 400 1303 927 1534 1064 680 1322 947 1204 186 828 706 1603 1097 1108 1365 1116 1383 366 1264 881 1649 
1741 961 549 229 934 1322 848 1107 54 694 1400 1691 
1742 513 1282 775 1288 892 140 910 1552 1040 146 1050 925 414 287 32 1442 1444 935 173 1710 813 1455 1329 690 180 1204 951 1591 317 1470 1607 72 200 715 331 209 857 346 1116 604 1246 737 227 1004 1260 496 1393 1266 1399 1400 1404 
1743 1662 335 1400 1116 
1744 1378 868 335 656 913 1429 1400 
1745 1480 1204 958 1364 
1746 1155 357 1097 138 
1747 873 719 656 1616 1553 1107 1429 54 343 
1748 357 1607 718 146 1399 
1749 1539 1322 587 144 1266 1716 1622 1116 
1750 128 1027 1413 6 1545 523 656 1301 1178 29 1566 670 1194 428 44 1070 817 439 1471 215 863 106 1264 758 
1751 1534 1543 1322 14 1615 272 788 
1752 32 287 1541 327 746 1662 1070 1294 1263 209 690 1455 1493 1116 
1753 448 1250 1539 1411 70 936 1288 1450 587 685 1262 1486 656 910 1266 150 
1754 549 585 1450 
1755 1159 1543 1650 1400 
1756 742 1000 301 
1757 585 748 1529 
1758 835 1155 612 1097 
1759 32 287 1455 1584 209 1332 
1760 131 138 522 1422 656 146 1301 1050 286 1183 549 167 810 685 1070 1073 1717 182 1591 185 313 828 1470 1220 327 204 719 1616 1364 1108 596 1624 1116 746 1132 1399 
1761 1155 1097 302 
1762 37 777 1553 1499 
1763 1124 105 47 116 1717 630 
1764 1541 1263 1493 
1765 384 1664 382 513 1541 1679 656 146 1302 414 680 1064 1322 299 172 170 811 1073 1716 1588 180 1591 1717 1078 62 1607 204 1102 848 1364 1493 1242 1246 748 1389 1263 1399 1400 1401 
1766 547 1471 1591 1400 
1767 774 526 656 531 1556 150 1186 1322 1662 1323 1069 170 440 1340 958 1471 320 1102 719 1616 1116 1246 1000 886 
1768 549 1031 808 1322 656 1588 213 1400 1435 317 
1769 1027 170 1069 1519 242 531 1204 
1770 1539 1032 649 521 1034 784 1553 144 146 662 1434 286 414 928 930 424 1064 1717 1591 951 185 954 186 824 1471 322 1607 712 587 1100 1485 1102 334 848 1016 1116 1501 989 737 102 359 1262 1649 1266 372 1399 1400 
1771 1156 1029 523 141 781 656 1302 1151 38 424 170 811 1323 1204 824 440 954 1471 320 1603 965 1102 335 334 1246 1378 357 1000 
1772 513 517 391 521 1673 532 917 1563 1180 285 1438 544 1193 1662 172 1324 944 180 310 55 830 1215 451 67 1349 328 590 977 210 1619 1617 1621 1623 349 865 616 246 1403 636 509 
1773 1349 778 938 172 
1774 1160 1032 141 1167 656 272 784 146 1556 148 1302 407 1301 1050 668 1566 1183 287 414 1060 804 1064 1322 170 811 1323 1204 1717 949 440 185 1465 1470 1471 447 1087 1607 330 1102 719 718 1616 206 83 1363 1491 341 858 1626 1116 476 736 1377 618 1387 1266 883 630 1399 1400 
1775 1313 931 868 1064 142 719 656 671 1616 1395 305 1301 1565 
1776 993 1155 198 1158 1097 909 656 1105 1362 118 502 1400 410 571 1341 
1777 1664 1539 1029 6 1675 141 1295 656 1301 924 1053 1054 1183 1566 670 1064 170 1070 1716 1717 1204 440 447 320 1471 322 835 458 587 1356 1486 1487 1616 719 335 1107 84 725 1116 1628 868 612 
1778 644 1674 266 1038 784 1040 146 150 410 414 287 549 167 1451 813 302 559 1204 1591 951 440 313 827 1342 322 1607 1234 1364 343 1624 1116 1378 748 1399 
1779 1539 783 656 1553 15 1171 279 1662 1322 1324 822 702 67 1349 1098 587 977 856 1373 1246 355 1251 1637 1255 1640 1400 
1780 835 612 685 
1781 1032 1420 781 1294 526 656 272 1040 786 277 1561 1566 1183 670 1317 1064 1322 813 1201 54 951 440 316 62 447 1471 965 1485 1102 461 1234 851 1364 1107 603 988 868 102 1000 1400 
1782 1662 1322 172 138 810 1706 851 1203 182 151 316 
1783 382 1156 1029 1160 394 656 400 767 1556 1302 407 1176 795 1436 1566 1439 670 1317 1322 811 556 1662 1195 170 176 1070 1202 1714 1716 1204 1211 1471 1102 1487 1495 215 1246 992 736 868 366 1400 762 
1784 1539 1029 1160 144 148 1556 407 926 930 37 1717 316 192 322 453 587 725 1116 494 
1785 382 1541 1029 650 13 910 1555 1299 1556 787 150 1177 1178 925 37 692 54 1471 447 959 964 967 200 457 1351 1484 849 1107 84 1493 216 601 989 222 479 734 95 994 1507 105 1646 1263 1008 1266 1269 1525 
1786 675 1671 1607 204 1612 1230 268 1200 1262 690 1107 146 214 54 508 925 
1787 1378 1285 1669 1224 721 
1788 1664 1025 640 382 1029 1671 905 650 137 393 1169 151 1180 925 1058 547 1188 1571 1315 1448 1192 940 172 1588 1717 1204 1080 574 319 1471 1345 450 1603 962 1349 1347 1344 200 1227 204 1491 725 1621 214 1116 1246 105 241 1266 114 630 1400 1530 1659 508 
1789 1538 8 1040 529 1043 1556 1555 22 535 1048 1566 30 1059 547 549 1064 1069 1074 564 1588 566 1591 571 575 1607 83 595 91 92 98 611 1634 1637 102 1132 1649 1651 630 120 125 1662 1670 1160 654 1678 656 146 660 152 670 675 678 168 172 685 689 690 1204 1716 1717 699 1224 718 721 210 1235 1246 222 737 742 1264 1268 761 1277 767 1288 784 272 277 286 1322 813 301 317 1342 842 1356 334 335 1362 1364 1365 341 350 868 881 1399 1400 890 913 914 1432 410 1435 414 930 420 1445 1446 424 951 954 1471 450 970 1485 461 1487 1491 980 471 474 1014 
1790 1122 1541 782 1263 1711 
1791 141 1677 526 656 150 1302 925 1322 811 1069 1201 1716 1204 1334 702 322 1603 336 1364 598 1378 868 242 1400 
1792 1536 653 22 1183 544 675 689 1073 951 1591 699 1342 1216 448 709 1485 728 102 873 490 748 494 1006 1009 1010 
1793 576 1313 195 132 680 1064 1193 394 50 917 1591 408 1339 
1794 38 523 1233 
1795 685 15 146 1399 
1796 510 7 1036 1040 1553 536 1560 1564 1054 1566 1059 549 1578 1588 54 1591 55 1078 1086 574 576 1092 1607 1096 79 1106 1107 94 98 107 1651 638 1151 1675 1677 1167 1679 145 146 662 1688 668 669 163 165 172 1199 1204 1717 185 700 705 1219 1220 711 204 1235 1242 1246 235 1260 1262 752 1266 253 255 1288 1302 790 795 1310 287 294 808 1322 811 1326 1341 334 1362 858 347 351 865 1377 1383 872 877 366 1399 1401 386 907 400 402 1429 1432 1434 924 925 414 418 930 1444 1457 947 954 955 1468 1486 1487 977 1490 1501 997 1513 496 1520 1010 
1797 388 1541 1034 11 782 656 1553 1429 1534 812 1711 54 56 1210 835 1487 1107 1493 1116 1122 612 1263 633 1266 1657 
1798 1542 1160 1419 1423 656 400 767 150 1302 925 1566 935 1322 170 812 811 1716 1717 440 825 1471 706 1102 335 206 725 1116 868 105 877 366 241 1266 630 1400 
1799 1665 1541 1670 394 270 656 668 670 1322 1662 1070 185 1487 1616 719 1493 237 1263 1266 1399 
1800 1178 1160 1204 
1801 1122 1541 782 1711 
1802 547 742 301 1264 1204 
1803 833 163 549 197 167 1486 340 1364 1717 1399 1400 313 
1804 192 612 1541 1034 1263 1107 1429 54 1493 1400 633 
1805 293 521 172 1588 1591 1400 
1806 1541 135 1288 656 1296 1564 1444 424 1210 1471 192 1219 70 1486 1487 83 1493 1245 989 1134 1263 
1807 320 1313 1400 440 656 1204 1591 
1808 1161 650 523 1035 1420 1038 1678 1044 1045 277 1302 1561 795 1054 927 1566 289 162 288 1700 170 811 556 686 1584 435 1204 1461 1471 833 1224 585 206 1234 1364 1248 866 745 1129 1519 1264 242 114 1400 124 
1809 320 641 866 579 905 138 1471 810 685 523 656 1266 790 182 314 
1810 1541 6 1160 781 656 1180 668 424 1064 1194 43 172 1070 185 320 1493 1246 1385 1263 
1811 457 779 843 275 564 1400 90 
1812 1280 1064 1322 1662 398 656 81 1717 630 343 1400 
1813 1155 777 138 656 400 1302 1064 810 811 1322 435 1716 1717 182 835 1097 1487 1616 719 1107 1116 1244 1248 612 357 366 123 
1814 1541 742 170 141 301 1263 656 1716 
1815 1064 1262 1266 
1816 382 774 1566 137 1099 861 1133 621 975 656 1180 1204 537 1116 925 
1817 226 98 1224 809 1662 1611 172 713 1196 913 1362 1365 471 987 
1818 388 1541 1159 777 394 138 638 1034 1294 782 656 1553 1425 11 916 148 790 1558 1429 146 414 1183 549 167 424 1322 1451 810 302 1711 1589 54 182 56 313 835 1607 1102 1487 1107 1493 344 1116 1117 1246 226 866 612 1122 1263 633 242 754 118 1399 1400 1657 1149 
1819 811 206 1302 
1820 1186 1351 911 
1821 1024 382 891 1400 1030 1542 1423 656 787 660 662 534 29 1054 1064 1322 172 1201 1591 699 571 317 59 1471 1102 1487 592 598 858 603 1116 226 877 1262 881 1010 120 
1822 795 166 842 335 177 531 660 1556 440 1370 
1823 102 1322 1485 1588 
1824 1539 1029 8 15 1555 1556 535 28 1566 1060 39 1064 555 1070 564 1078 1591 1097 1098 587 1616 83 1116 608 1633 103 1646 1649 627 630 121 1151 1155 1160 138 1675 141 1679 656 658 150 668 670 1183 170 685 1716 1717 182 692 185 699 204 1228 206 719 725 1242 1246 1248 739 742 746 237 749 1266 763 766 262 781 271 784 1299 1302 1311 804 1322 811 810 1325 1323 301 306 327 343 858 868 1381 366 1400 1401 386 389 905 394 400 407 410 924 418 1442 424 937 1451 435 951 440 1471 455 457 971 1486 1487 466 1491 470 1501 481 994 1507 997 
1825 1179 1553 859 
1826 585 843 779 
1827 1536 382 643 1155 1415 1416 137 392 1295 528 1301 662 1303 154 540 925 1183 1442 675 1444 680 937 1662 1067 172 1324 431 1329 1073 565 1334 1591 312 441 1717 191 192 579 67 1603 1097 204 845 1615 79 977 1234 1492 1621 725 1116 743 619 237 1262 367 496 242 1270 1399 
1828 512 1027 1542 394 526 1423 1555 1299 1433 795 1566 1569 1321 170 426 1070 1584 692 1204 1603 200 457 979 1364 215 344 90 1116 861 479 863 994 1378 868 1646 1008 114 243 1400 
1829 1312 673 1254 429 
1830 1664 382 1027 1541 1029 776 394 1037 1038 656 1556 1301 1694 1566 288 670 547 165 166 38 1322 170 1070 1204 1332 1334 1462 440 1210 186 447 320 1471 1476 580 714 1102 1231 335 1491 84 1493 1365 723 1626 222 736 106 1514 1263 240 1392 500 1017 
1831 382 1156 1541 868 457 394 170 526 1263 1301 1493 567 
1832 1375 1127 811 1302 
1833 1024 1541 7 1034 11 1040 1553 530 1043 1560 1562 1564 1054 1059 1064 1073 565 54 56 1087 1607 591 1104 1106 1107 1116 1631 1122 99 612 105 107 624 629 630 1657 633 1145 638 639 1677 656 145 146 1695 162 163 1701 1706 685 1711 1717 1219 1221 725 1238 731 1263 241 1266 255 781 782 281 1322 813 815 1333 314 835 1349 840 858 1372 1376 878 881 1397 1399 1400 377 387 388 906 1429 1430 414 930 934 1450 943 1458 951 955 961 967 1487 1493 1500 1010 1011 
1834 1145 1026 387 1552 146 662 1560 1023 414 1695 926 1313 162 163 1450 171 302 305 689 1458 565 1333 1607 585 1100 1106 1237 1624 1500 1127 359 873 107 748 1262 1395 629 1399 
1835 1664 137 1204 150 1400 
1836 320 418 1471 1322 28 92 1238 760 1401 1562 1372 
1837 288 1090 773 1486 1134 784 1136 531 501 
1838 1541 742 1160 777 301 1263 656 
1839 1024 1539 774 138 394 587 526 656 16 400 334 1556 1302 407 668 1566 163 1700 37 1571 1322 1451 811 810 170 1204 1717 182 311 1334 185 954 1465 442 1471 326 715 204 1485 718 1487 1616 592 848 1362 206 719 725 983 1234 858 1116 1246 357 102 105 366 241 1266 630 1399 1400 1530 
1840 1536 1026 903 1160 141 1293 1423 656 146 1044 1045 1301 1303 155 668 1054 927 1310 1313 926 414 804 680 170 1325 48 690 54 185 441 1471 1607 712 718 1490 595 83 1234 1494 1107 475 93 868 1132 880 881 630 1399 
1841 738 1700 868 523 
1842 1664 515 1032 781 526 1294 656 1044 1558 410 286 670 1059 1700 1322 1194 812 170 1711 1717 1334 1591 440 1462 955 1603 329 331 335 977 851 1364 1365 1238 1627 1116 989 92 1264 118 1399 1400 
1843 414 1700 567 1607 781 654 146 
1844 138 810 1035 207 272 182 
1845 512 513 517 1550 16 1045 536 1565 1053 1055 1069 1070 1078 1082 1096 585 86 608 1633 1127 616 1653 1151 1663 135 1679 1168 659 150 675 1192 1707 174 1199 689 180 1210 704 200 204 206 1242 1245 748 1266 244 756 246 1276 1277 1282 267 1301 1302 1309 811 302 1329 310 311 1351 1364 349 1374 1375 868 359 1400 1401 896 905 394 1419 1418 910 924 413 926 925 1442 418 1443 933 1457 977 1501 499 1525 
1846 1541 335 656 1263 1493 
1847 1024 517 1030 391 1546 407 925 173 310 442 1215 1349 72 977 983 858 487 
1848 386 1155 1383 1097 811 366 719 1616 400 947 
1849 1556 1462 1399 1400 1334 
1850 440 170 242 
1851 1539 1044 1556 1561 1050 1564 549 1064 1588 1589 53 1591 54 571 587 1107 1116 102 1651 117 123 1149 1151 1156 140 656 150 671 177 1716 1204 699 192 1219 1224 1228 206 208 1235 1244 1246 737 226 742 232 1266 755 242 1285 784 787 1302 287 1322 1323 811 301 1342 322 335 1364 347 868 870 366 1399 1400 892 895 386 901 1420 400 913 407 1432 424 947 1461 440 1470 1471 453 1485 461 1491 
1852 1539 1411 264 1555 287 32 930 1445 166 936 1455 440 322 326 587 1228 1485 209 1116 
1853 1026 1040 1553 529 146 662 22 150 414 1183 1313 549 813 305 54 951 1607 328 1621 1624 1116 1373 873 1262 1399 1021 
1854 1219 1132 846 15 1055 52 1564 
1855 675 197 1127 558 720 532 340 
1856 1024 526 656 149 150 1302 670 1311 424 170 1322 811 1471 1604 326 1486 1487 206 1116 1646 1266 
1857 896 513 1282 387 1668 264 908 140 1548 1552 1170 1045 536 1560 796 1053 1564 673 162 163 1442 933 1443 556 172 1068 1199 685 1457 1202 1329 1458 565 180 1204 704 1603 1091 1096 977 1106 213 1623 472 1500 349 1246 868 486 360 616 490 107 629 1653 1399 1145 
1858 1024 516 517 1030 1540 510 521 1034 1548 15 536 1563 1564 1053 544 42 1580 1581 1071 1588 1590 1079 54 63 576 575 1601 67 1605 583 1607 1105 1106 595 1108 82 1107 1618 1625 602 1116 1132 1645 1137 1139 120 124 1662 640 1157 1158 140 656 658 146 1685 150 662 1173 1183 678 1192 172 1196 1199 689 178 180 187 1219 196 197 710 198 1232 733 1246 737 234 1262 1266 255 262 276 280 283 797 1311 1313 294 305 309 823 317 1341 322 836 1349 839 329 848 1360 1362 852 857 858 865 1381 358 1386 1388 368 372 1398 1399 1400 903 909 1426 917 407 919 412 925 414 419 420 1444 424 1451 1457 434 1460 951 1468 444 447 1482 1485 976 977 465 1491 980 464 986 475 1501 990 993 484 1513 1003 1004 496 1010 1015 502 503 
1859 1030 138 790 926 287 416 32 162 163 549 294 295 810 685 302 1455 690 565 182 185 954 955 1093 585 1100 1612 334 719 1616 209 988 1127 873 105 748 109 241 1011 630 
1860 5 10 15 19 24 52 54 55 59 64 69 79 80 85 101 105 107 109 121 123 141 150 171 172 174 175 179 180 185 191 192 193 196 197 200 201 203 204 210 214 227 241 244 246 249 255 258 268 271 278 279 280 285 287 294 297 301 304 310 314 316 317 333 334 335 340 349 350 353 359 361 372 374 401 405 407 410 413 418 421 425 433 436 442 443 448 453 462 467 474 479 494 496 511 512 513 514 528 532 534 536 541 542 543 548 551 558 559 563 568 569 575 576 577 579 588 592 597 602 604 608 616 628 630 635 640 656 662 676 677 680 682 683 685 690 691 701 703 706 709 725 733 737 742 750 753 754 775 777 790 811 813 815 816 824 846 848 858 878 879 884 896 898 904 917 920 922 924 925 930 933 934 935 940 943 951 952 954 961 965 967 977 983 998 999 1010 1015 1018 1024 1025 1031 1040 1046 1053 1054 1055 1058 1065 1067 1070 1072 1075 1078 1079 1082 1093 1094 1100 1106 1107 1115 1116 1123 1125 1127 1130 1135 1137 1143 1149 1169 1170 1171 1173 1181 1183 1184 1185 1189 1199 1200 1210 1219 1224 1228 1230 1237 1239 1242 1244 1245 1255 1256 1262 1266 1272 1274 1277 1282 1289 1293 1306 1307 1322 1324 1329 1352 1354 1359 1362 1368 1375 1397 1399 1401 1403 1418 1421 1423 1434 1442 1443 1444 1450 1451 1452 1453 1458 1465 1468 1481 1482 1485 1486 1497 1501 1513 1524 1526 1528 1530 1542 1550 1554 1559 1563 1564 1570 1571 1589 1591 1592 1595 1618 1621 1628 1637 1648 1663 1679 1682 1698 1702 1707 1713 
1861 1536 141 15 144 656 529 22 1322 301 951 1471 1478 1224 719 1616 465 1364 1624 1116 864 357 742 875 1399 1400 
1862 384 1026 643 1155 3 1542 1415 1160 523 1038 1423 656 1678 788 1301 1057 931 37 296 170 1323 812 1584 1465 699 828 958 1471 327 1097 329 1486 849 1234 1364 343 600 983 866 868 869 873 746 1259 1385 630 1400 
1863 642 1566 426 170 177 1465 
1864 549 1574 843 1400 
1865 640 388 1285 1541 650 638 11 910 656 1169 146 1555 915 917 1299 1429 408 1047 1150 1177 925 286 414 1064 1535 1707 1070 50 563 692 54 1591 56 1339 1596 60 447 576 449 1347 1094 1607 1351 457 1226 1484 1487 467 1107 1493 728 1497 1624 860 734 479 99 612 1507 493 1646 1263 633 1266 252 1525 1399 1400 1657 634 380 125 
1866 833 996 549 135 313 874 555 1259 748 632 788 1046 1048 1529 
1867 1664 387 1029 137 656 913 1682 1168 1044 1301 1048 538 795 668 1566 1311 670 801 1699 1060 1064 1322 170 1458 1204 1717 310 1333 1205 185 59 968 715 79 851 1626 603 861 222 226 1251 868 1385 107 1004 503 1400 1145 
1868 512 1027 511 1038 15 528 1553 1048 536 1564 1566 32 1569 549 1064 1578 1069 1074 564 1590 1591 60 1086 583 72 1102 79 593 1623 1624 1114 98 102 615 1129 107 108 119 1662 1663 135 141 656 669 1183 672 673 1707 172 1709 1199 689 1202 1716 1204 185 699 1218 1221 197 200 202 209 211 1241 1245 1246 740 741 1262 1264 754 255 265 277 1310 287 798 293 808 1323 317 1349 331 332 848 1364 343 858 349 868 366 879 1399 1400 385 905 907 400 403 925 1438 1443 420 1444 933 1450 1451 427 1455 1458 951 1465 441 1471 460 461 1490 980 1507 997 490 496 1520 1010 1018 507 
1869 769 1411 1677 1402 1040 1302 1054 287 32 936 553 1322 811 1708 813 1455 433 563 951 1591 1603 709 72 461 206 209 597 728 1246 1250 355 738 102 104 1004 
1870 416 549 1541 775 585 1100 1263 656 1487 
1871 327 138 746 
1872 795 996 1566 1160 105 1322 555 781 431 784 913 1204 341 343 1400 731 
1873 709 1607 1708 146 1399 1624 
1874 322 1070 913 793 
1875 67 102 555 1485 1491 761 857 
1876 1155 1064 1097 1322 749 792 339 1558 1400 
1877 1122 1541 782 1711 
1878 512 1542 1040 530 1555 532 535 1047 1569 1058 547 1064 1579 1070 60 1596 572 1094 1116 1630 95 1121 99 613 1646 1651 1142 634 125 1150 1663 640 1667 1159 651 1676 656 1169 150 1177 1192 1707 685 692 183 1210 187 700 192 706 200 1226 205 1230 1235 216 1245 734 738 233 1266 242 243 1269 247 251 252 265 270 1299 1315 825 323 1347 325 1351 332 845 335 1364 853 343 860 861 1377 879 368 1396 891 380 897 393 910 1423 915 1432 925 1450 1451 427 1460 951 447 959 964 453 454 967 457 1484 979 467 479 994 1507 998 1515 1011 1525 
1879 96 777 1624 366 910 656 1136 1266 400 1584 150 1399 824 
1880 1155 835 612 1097 138 810 1487 
1881 778 1262 1648 528 656 305 630 379 
1882 1664 781 656 150 792 1563 28 1566 1183 930 1322 1662 1324 1323 1073 689 1201 1332 954 59 1471 320 334 343 1624 1246 864 888 1399 
1883 930 1591 319 1607 520 479 1227 1663 784 146 983 1400 1116 
1884 1666 6 1471 617 394 781 1327 786 1400 857 
1885 1155 742 1097 301 1136 1204 1365 699 
1886 544 768 1314 259 1378 1413 645 679 1666 394 1424 344 
1887 1536 1024 1539 1032 523 526 16 531 1556 1054 549 1063 1064 553 1069 558 1070 1591 1599 1090 579 581 70 587 592 1622 1626 1116 1118 102 1649 1651 627 630 123 1151 1666 1156 1670 138 141 1167 656 148 668 670 1183 1184 1189 170 1196 685 688 1716 1717 1205 182 1204 185 699 705 706 1228 718 206 722 1235 725 1244 1246 222 226 738 742 745 746 238 242 1266 775 1288 777 272 1296 1298 1302 1304 287 1311 1316 1322 811 1323 812 301 810 311 314 316 327 334 335 337 1363 1364 1365 858 861 868 357 366 1399 1400 386 1413 394 400 916 407 1432 410 925 930 1445 421 1447 424 951 440 954 1471 447 461 1486 1487 974 1485 471 1497 1000 1526 1017 1533 
1888 868 166 1416 1678 1106 1587 
1889 1122 1541 782 1263 1711 
1890 1024 1145 514 387 388 1541 1536 1673 1034 11 782 944 656 1553 1657 146 1403 1429 1072 1050 1054 542 414 1534 1450 171 685 1711 815 943 48 1458 1204 1717 54 1591 56 1333 314 1470 835 581 967 1607 1100 1487 210 1107 850 1493 1237 725 858 1116 1122 612 1256 105 107 1263 241 633 372 1397 630 1399 377 1147 509 
1891 1400 1064 1322 170 812 523 759 1104 1264 786 1044 1399 
1892 294 1329 369 886 
1893 5 7 1160 910 400 1555 788 277 1048 410 926 287 927 161 930 163 549 424 1064 1322 170 302 815 690 564 1716 1204 312 954 1471 832 1346 322 706 965 199 1352 1100 334 1615 1359 209 343 988 92 1501 1375 996 1125 1127 1000 105 1387 748 366 1138 1524 886 630 
1894 262 1030 271 528 1297 1435 1311 675 1318 1322 811 1584 1717 317 1343 322 715 466 1364 981 88 858 1116 1501 1635 744 1266 118 1399 
1895 226 3 1322 1487 1553 1649 
1896 868 447 170 1323 670 523 1102 242 1204 1556 1364 1400 
1897 995 772 355 678 712 809 118 
1898 1024 1539 5 1543 523 13 1038 1555 20 1022 1064 1069 1070 1597 1599 579 1097 587 76 1104 1107 1622 1627 1116 1628 612 622 1646 1649 633 1657 638 1662 640 641 1155 1156 138 1677 141 656 144 150 670 163 166 170 1204 692 182 721 1234 725 734 1266 767 1280 777 1299 1322 1323 810 1332 842 1356 334 335 858 861 1377 1400 888 1423 916 930 426 950 1465 954 1471 447 457 1484 1487 463 467 1505 994 1507 1000 
1899 512 523 1679 656 1555 1299 150 1569 1064 692 1078 186 60 1471 200 457 1102 1242 1116 1507 1646 1266 1400 125 
1900 640 136 523 656 272 1556 1301 1302 1566 1322 811 1204 440 1484 206 1234 1116 866 1400 
1901 1668 1541 650 141 910 656 927 1204 568 1487 1493 96 868 1263 751 242 1266 
1902 549 294 167 585 748 1295 313 
1903 868 242 1204 1364 1116 93 
1904 320 1029 394 404 
1905 1676 1677 1550 932 1451 1206 317 63 840 1611 1485 590 852 343 857 1246 350 98 997 
1906 294 843 779 656 703 1717 725 
1907 907 1553 402 661 1050 1308 669 1444 678 1578 301 1326 1461 186 1470 1086 833 79 1365 598 93 742 1132 496 1520 1268 1147 
1908 864 1607 1624 146 531 1399 
1909 102 140 1485 317 
1910 547 1285 1542 165 1423 114 1400 1433 286 
1911 900 517 1030 8 1546 399 1553 18 277 1686 1175 665 1051 30 417 1314 1187 1060 1534 551 295 173 1710 566 310 1080 569 315 956 1215 1221 1349 583 837 72 1232 977 465 1491 1367 471 1632 484 229 1381 485 618 1647 756 887 376 506 
1912 162 581 294 1128 1516 1295 
1913 1539 1541 587 1263 656 1487 1651 1235 1493 1432 1116 
1914 1664 1541 170 1486 1263 656 1487 1204 
1915 128 137 1266 
1916 736 357 1301 1399 440 1050 
1917 449 774 1000 959 861 
1918 576 1096 1513 1199 1457 536 
1919 1664 532 662 1563 1054 287 930 1451 954 317 1471 334 1102 858 1116 1246 223 120 
1920 992 1664 1283 132 1321 1514 845 1070 975 1392 1234 84 
1921 1603 1662 656 
1922 1539 1671 523 1420 15 658 146 916 1561 1180 1566 287 1183 32 549 166 168 1706 170 1069 1070 1455 1073 1204 949 1334 1591 440 1465 954 443 1471 706 1603 709 1607 968 587 1102 334 720 209 84 1364 214 1116 605 1000 1265 242 
1923 1664 1234 1204 1017 
1924 1421 1691 1310 692 822 186 570 968 200 714 977 1362 595 1490 1623 89 602 1116 756 
1925 1155 6 1000 1097 1322 1439 1294 656 1714 1365 1301 1591 762 1211 
1926 1219 1444 1578 907 79 496 1717 1564 
1927 1541 1034 335 656 1263 1487 1491 1493 
1928 1 15 22 31 32 45 47 54 65 97 98 99 104 105 123 124 128 140 141 144 145 146 150 157 171 172 173 175 180 198 208 209 210 213 216 219 227 239 241 246 248 249 256 277 278 285 287 294 296 302 305 310 314 332 334 345 349 352 357 359 360 377 379 380 390 393 399 406 410 414 416 417 418 419 420 421 425 427 430 436 444 451 463 467 471 480 484 490 496 502 511 513 514 517 521 528 529 534 542 553 568 575 579 585 588 592 602 604 605 616 630 636 638 640 657 662 675 685 689 690 692 696 701 703 704 706 712 713 719 725 737 738 748 750 754 757 766 775 789 790 793 796 805 808 813 815 845 846 858 860 867 870 873 879 884 896 898 900 908 909 910 916 925 926 928 933 935 937 949 951 954 956 958 965 977 987 993 1003 1010 1011 1015 1018 1019 1021 1023 1024 1026 1040 1045 1047 1048 1049 1053 1054 1059 1061 1068 1070 1072 1073 1076 1079 1096 1100 1105 1107 1116 1121 1127 1129 1130 1158 1169 1183 1184 1185 1199 1202 1203 1218 1219 1220 1224 1234 1244 1246 1260 1262 1266 1282 1288 1290 1295 1298 1305 1309 1313 1323 1324 1329 1335 1341 1351 1354 1357 1359 1362 1368 1369 1373 1375 1386 1393 1395 1399 1401 1415 1423 1428 1429 1431 1434 1442 1443 1444 1450 1451 1455 1459 1463 1481 1482 1486 1494 1497 1501 1513 1516 1524 1525 1526 1530 1533 1534 1535 1536 1539 1544 1546 1548 1552 1553 1557 1559 1571 1573 1576 1591 1592 1596 1603 1607 1611 1616 1621 1624 1628 1632 1641 1643 1647 1649 1653 1668 1676 1683 1693 1702 
1929 1160 394 1418 1166 656 1553 16 1555 1045 1302 278 1559 1174 1432 412 925 1566 287 32 804 549 167 1321 1322 811 812 1323 1451 174 425 689 690 1455 1716 949 54 311 440 313 1082 1471 704 709 584 1609 1225 332 718 1102 592 1487 206 335 209 1235 343 605 1246 1634 868 748 881 754 1011 244 884 1649 1651 504 
1930 425 1167 592 884 
1931 320 102 1387 1485 688 881 1400 
1932 1027 323 4 1451 1262 15 925 881 977 1362 1204 1621 883 631 1083 1116 
1933 414 1607 680 779 843 146 
1934 774 526 242 1364 
1935 1676 1295 656 1556 1179 28 1057 1063 1070 1199 1327 49 1456 1204 1591 833 333 207 1116 107 238 1264 498 372 1147 637 
1936 1541 141 656 660 1556 148 407 1301 1054 1064 1322 1662 179 1471 842 1487 1493 474 
1937 737 102 1064 777 1662 1677 1485 79 656 461 1362 1588 150 1400 
1938 1155 772 1413 136 781 656 913 1682 1556 28 1566 1311 930 37 424 1322 1323 1204 1332 440 827 1471 1599 447 322 1603 580 1097 76 1485 721 1234 857 120 222 863 102 1000 1512 759 881 243 755 758 1399 1400 378 891 1405 
1939 1536 1541 6 262 1157 1034 394 1678 15 656 1423 146 1426 1173 150 662 536 1301 28 670 414 678 39 424 296 170 1064 556 685 1199 1584 1457 690 815 943 949 1204 440 314 447 1471 1601 322 967 1096 585 1607 839 1100 1485 461 1487 464 722 1493 471 1625 1116 605 1246 227 102 872 1263 1137 1268 1397 1013 1399 1400 1017 890 
1940 1664 6 583 170 1485 1710 46 1588 1400 891 1116 
1941 868 1566 702 1102 718 1234 1204 
1942 1536 385 1 255 514 517 521 1163 1548 272 1552 145 403 407 1176 536 284 285 1054 1183 542 798 1053 675 549 1191 167 809 813 302 1199 685 1073 180 310 1591 823 951 314 313 576 579 965 197 968 585 1617 1362 211 980 340 1236 1241 227 1127 1004 237 1262 1394 1522 886 119 1016 1018 1399 
1943 738 1543 1321 1322 394 1400 795 
1944 1541 6 526 782 913 1566 1711 1471 322 335 1364 1493 222 1122 103 1263 242 
1945 1122 1541 782 1263 
1946 1664 1027 1283 1566 394 1070 207 1584 526 1204 1462 1400 
1947 1539 1542 138 1423 656 1679 404 150 794 671 418 1322 810 303 688 1717 182 1591 1078 197 326 455 587 204 719 1616 1487 82 340 1620 1242 1501 357 1000 1386 1400 
1948 288 1262 240 662 
1949 1664 736 322 1603 868 1029 523 242 1204 792 
1950 1027 1541 523 1037 782 1295 656 531 407 286 1183 1064 170 1070 1711 1717 1591 186 322 1352 1102 1493 725 1368 1116 989 1122 868 232 105 1263 241 1266 630 1400 
1951 642 1156 6 394 523 1038 270 1565 1566 547 169 1322 1323 1579 1070 1204 1465 60 702 1471 447 200 457 335 601 1116 1246 738 868 1400 
1952 1664 1029 394 523 781 1294 142 656 531 660 150 1565 1566 286 931 37 1322 1323 170 1194 46 692 824 1465 1471 320 457 76 1102 335 1233 1364 90 1246 96 868 620 760 1400 
1953 1251 1534 262 1640 1193 15 656 1553 1649 1715 1556 1365 1334 
1954 1030 7 1036 1040 1559 26 543 32 544 548 549 1062 1573 1069 1072 1074 1591 1607 77 592 80 1624 604 1132 630 1673 146 1684 662 1183 1184 676 1189 678 680 690 1717 718 209 210 1239 727 227 232 1256 1262 1268 253 775 1289 784 278 287 801 813 1325 315 1349 334 850 343 865 884 1399 890 1403 394 1421 911 916 405 1434 414 421 935 425 1451 1455 944 951 954 1473 963 965 465 493 1006 503 
1955 1539 709 230 457 587 1167 304 1526 343 858 
1956 1064 170 1674 334 272 114 1716 1626 1204 567 440 954 
1957 1539 138 656 784 145 146 23 28 414 163 424 1322 810 1716 182 186 1607 587 1487 595 
1958 514 517 11 1039 1553 1046 28 542 1570 549 54 1591 56 1080 63 70 81 1107 1116 1121 99 612 1637 102 1136 628 1140 1654 633 1657 636 638 639 1667 645 143 1175 1181 679 167 172 1215 191 708 1221 1232 218 237 1262 250 768 1296 791 808 809 1320 1324 306 313 836 1373 350 388 1429 413 420 937 1451 941 956 455 460 1486 977 479 1507 
1959 1541 138 524 526 656 400 146 1556 1301 1565 1054 1566 414 1064 170 1323 810 1325 1070 689 435 182 699 1471 320 1603 327 1607 1611 1487 1616 719 335 1493 1365 1624 731 1116 1248 868 103 105 746 875 366 1263 1264 630 1399 1400 1017 
1960 388 1157 1669 1541 1160 262 138 638 1034 11 782 15 400 1297 656 639 1553 1301 1429 1426 1173 1183 1318 1534 1448 810 1711 688 435 182 54 56 1079 955 828 1601 835 327 839 846 1487 464 1107 1493 981 1625 1116 1248 1122 612 744 746 366 1263 633 1137 499 1400 1657 
1961 1313 1640 1662 1322 781 1487 656 1266 150 1400 250 731 
1962 1176 926 287 32 414 549 678 302 1455 176 690 66 1607 209 221 864 748 365 1009 1011 1399 
1963 1603 841 1422 720 
1964 1451 653 1553 603 
1965 1539 1541 1034 11 525 1553 1555 1564 32 549 1064 559 49 54 56 70 587 1102 1107 1623 1116 93 1122 612 102 1649 633 1657 634 638 639 1151 640 135 649 1162 141 656 666 1183 1184 673 163 1189 167 170 1711 1200 690 692 1717 187 196 205 718 206 1230 209 725 1246 1263 1271 767 256 1287 263 268 782 1302 287 295 1322 811 299 817 313 833 1346 835 331 332 343 349 867 878 879 370 1400 388 390 905 910 1423 913 916 1429 1443 421 933 1453 1455 1459 1460 440 955 1471 965 455 456 461 1486 1487 1485 973 1493 490 494 
1966 868 1204 1400 
1967 526 656 440 
1968 549 1534 167 1322 1662 426 1624 1553 1399 1400 
1969 388 1541 904 141 782 656 1553 1302 407 410 28 1700 935 1064 424 1322 1662 812 1450 811 1711 301 1588 53 949 951 1591 440 953 316 317 958 1342 1471 719 1487 848 1616 1493 597 343 603 1116 605 222 226 1122 376 742 873 1263 498 1400 1017 891 
1970 868 440 1543 170 781 335 1400 1017 
1971 1322 1400 120 
1972 102 1224 447 1485 1070 575 1362 917 1400 474 1116 
1973 1664 868 775 1321 331 1037 526 1364 1204 439 440 
1974 96 1542 777 1322 1423 1555 1556 150 1400 
1975 1160 777 1679 656 1043 925 287 32 418 1064 170 1323 1455 1204 1078 951 186 1471 580 327 457 204 209 1234 1364 1242 1116 1501 868 1640 746 1526 1400 1401 
1976 738 1640 523 
1977 774 967 685 1102 815 943 242 1204 
1978 503 1603 1252 680 1160 813 656 1266 1108 1399 1624 59 
1979 1664 608 418 294 1242 330 204 1679 656 660 1364 54 1078 1401 
1980 1541 1542 1031 1544 1552 18 1555 1556 20 536 1573 1064 1068 564 569 1609 585 1100 1620 1116 1122 105 1651 630 640 648 656 150 1708 1199 1711 1713 1202 1717 706 708 709 1224 200 1235 213 725 1246 226 236 750 1263 241 1266 754 257 782 1305 794 796 1314 803 296 1322 811 303 835 1377 883 1400 1418 910 1423 399 405 1432 420 422 1471 965 970 1493 985 474 989 1503 
1981 1160 1552 16 277 1302 1048 926 163 549 1322 811 311 709 585 1486 206 748 886 1399 
1982 1029 6 1541 1160 656 784 400 1429 1302 407 668 1436 1566 1183 287 28 1439 804 1064 424 1322 170 811 301 1714 1716 1717 185 1211 1471 706 197 206 1487 849 1493 1628 222 606 868 742 1259 366 1263 630 888 
1983 1156 37 457 
1984 1664 394 656 148 1556 154 28 1566 1054 1183 424 1322 1070 1584 1204 1205 440 570 1471 714 1487 335 868 1136 1264 1400 
1985 1607 1678 15 146 951 1624 1116 
1986 1664 1027 1545 137 394 656 1681 1556 1566 1069 819 1603 1499 1116 861 242 1266 
1987 1122 868 1541 170 1038 1263 656 760 1711 782 1493 1400 222 
1988 1539 1285 1413 777 141 1038 784 146 531 1556 1301 1566 414 424 1064 1322 1662 1323 1070 1073 1204 1334 567 1465 1471 706 1603 1607 842 587 1102 719 1616 722 1364 1624 870 760 242 1399 
1989 258 1155 138 656 913 1043 1185 1444 549 810 689 1716 436 950 1591 182 55 1209 699 61 958 448 965 327 712 1097 73 1481 719 1616 848 857 1116 746 1132 
1990 322 1603 1347 994 868 1479 523 242 825 
1991 965 1451 172 271 1553 1010 1107 
1992 549 1669 138 810 1322 496 373 
1993 1600 1193 112 
1994 738 1413 582 102 72 617 1322 1477 1387 1485 215 1400 
1995 1029 1541 523 11 526 1559 1050 1054 54 56 1097 1100 592 595 1107 1626 1628 606 612 630 1657 633 638 1151 639 130 1155 141 656 147 150 668 670 163 1700 170 1716 1717 185 699 1212 703 709 206 726 1246 742 746 238 1263 1266 767 261 1295 784 272 1302 278 1311 287 802 294 296 1322 1323 811 301 812 322 327 337 1372 868 366 884 1399 1400 388 1423 400 1429 416 930 424 425 950 958 1471 1470 965 1478 968 1487 
1996 418 204 1679 1078 1401 1242 1116 
1997 833 803 294 648 
1998 288 414 294 1566 424 447 1607 146 1365 118 1399 55 186 1437 
1999 382 772 1400 1669 1674 1034 1292 781 1553 535 1688 1433 1691 1179 1437 1566 1052 671 420 1063 1322 812 1327 564 1207 440 1471 320 581 1479 329 331 1102 1233 721 341 343 474 603 1116 92 1246 222 1378 868 235 107 622 373 1271 760 891 
2000 1030 1032 523 20 540 1566 543 32 1567 549 1063 1575 1069 1070 1073 1588 54 1591 1602 1100 77 1102 1615 593 1107 598 1114 91 1116 92 606 94 98 1645 1647 1136 113 1662 1152 1156 1670 1159 1676 656 666 1179 1692 670 678 170 185 699 1214 200 715 209 215 217 1246 781 286 287 1311 294 1322 811 1324 1323 818 317 834 1348 1355 334 848 337 1362 343 868 881 1399 1400 891 892 913 917 410 414 426 1455 954 1471 1472 965 1479 968 1480 1486 977 1501 989 997 1016 
2001 1 1026 514 517 1030 521 15 542 1067 55 1591 1603 67 1607 79 82 595 1621 1116 1675 146 662 1185 172 685 1712 690 1209 185 703 197 1221 214 1246 237 1262 1276 258 1295 1314 294 305 314 846 334 857 347 870 1386 1399 1406 399 924 925 414 418 1444 935 1450 940 431 436 951 954 1467 442 448 965 968 1481 465 1501 997 496 503 
2002 1064 779 1262 79 656 335 1717 725 
2003 1536 1537 1539 1037 32 1588 576 1607 587 1100 1101 595 83 1624 89 1626 603 105 630 631 120 1662 1664 1670 136 146 660 1691 670 1183 672 159 671 678 687 1712 690 1204 709 718 209 210 221 1250 1251 1261 241 755 1268 248 255 287 294 1322 1330 1332 316 317 1342 336 343 352 1381 881 370 373 1399 1403 898 1411 1413 394 916 917 407 410 926 414 416 936 937 1455 1461 440 1467 968 973 
2004 1664 1410 1028 1541 774 6 1029 776 781 656 660 148 534 1431 407 1046 1301 795 668 1692 1566 930 1064 1322 1579 172 1070 185 570 317 1471 1472 320 708 1098 1102 1487 975 1493 88 858 1115 1372 349 1246 478 222 94 861 227 348 998 231 1263 1264 1266 254 1400 121 1018 
2005 1157 262 1167 15 1426 1173 1571 685 815 1717 1334 314 1601 967 839 464 725 1625 105 241 1137 1397 
2006 1160 1000 523 1102 1070 913 185 
2007 1665 1411 1284 1158 1161 1419 909 270 1295 399 18 1683 406 1693 1053 800 672 422 294 551 1190 936 1203 1588 567 184 569 444 1341 447 703 575 1218 1091 198 333 1105 1362 735 608 993 1250 1123 1252 1637 486 109 110 625 1009 1653 502 1143 
2008 102 263 440 1322 1485 
2009 1536 4 16 1045 1557 1048 536 1054 1566 549 1064 564 1078 55 1603 1096 598 97 103 104 1132 108 1647 114 630 631 120 119 1147 1662 1151 141 1679 656 1176 672 167 1199 176 1716 696 704 200 202 203 1228 718 206 1242 1248 738 740 742 236 237 248 763 258 784 787 277 1302 1316 1322 811 301 311 313 833 331 334 1364 1365 343 857 869 1383 366 879 1399 892 386 900 394 908 399 400 1428 417 1444 424 1457 435 947 951 441 954 1471 448 966 974 1487 471 992 484 
2010 1300 405 547 549 1574 167 687 690 1462 1591 55 568 313 188 586 1486 221 1385 363 1011 
2011 1541 394 656 917 1054 1322 688 1207 1471 1487 1493 858 1116 227 868 1263 1266 1400 
2012 132 5 1156 523 13 526 1275 656 786 1043 1556 1301 1299 924 1052 1566 1441 930 1322 1323 170 426 1070 177 1717 1471 1092 457 842 1484 1487 849 1491 470 858 1116 1628 1244 866 1000 1515 1646 1266 1526 1400 
2013 868 1662 787 726 440 
2014 98 1603 547 1221 166 105 172 1004 206 238 143 471 
2015 385 517 1030 1553 403 925 798 173 1710 177 310 567 317 575 1215 962 1349 72 1224 977 1362 211 1364 1241 474 487 755 756 
2016 1285 1064 479 237 1201 1362 
2017 1666 131 1029 523 913 404 1301 277 30 1566 1064 170 685 564 825 1466 314 1471 1485 1486 596 1246 736 868 102 1514 1259 1400 507 
2018 672 162 58 198 1324 334 335 656 977 1362 150 1591 1400 62 954 
2019 1664 382 15 656 404 1300 660 795 1180 1566 1321 1322 170 1069 62 1471 449 1603 842 336 82 1116 861 1379 106 1264 240 114 1654 
2020 774 170 1069 
2021 1603 740 586 1036 1198 272 1400 188 
2022 868 424 1322 656 1400 
2023 1674 1292 1102 656 567 861 
2024 517 6 1543 523 1038 526 1555 531 535 1561 1566 37 1064 1576 1070 1585 67 581 72 1611 1104 603 93 98 107 115 1666 645 1670 650 141 1677 1678 656 144 660 1178 668 163 678 177 1204 185 189 713 718 1234 726 215 222 1246 226 236 1262 242 761 770 1285 272 784 786 792 795 287 809 1322 1323 298 814 331 1356 334 848 336 1364 343 350 863 866 1380 868 876 366 881 1400 890 380 1413 394 1420 400 913 914 1431 410 1435 417 1450 426 1465 954 1471 962 456 1485 1487 980 475 987 992 997 1000 
2025 197 424 15 977 1716 340 1556 
2026 868 1035 12 620 1486 526 1037 207 114 1584 1044 
2027 672 170 493 1102 656 691 1204 440 891 1597 
2028 1541 1263 656 1493 
2029 1155 1447 424 1097 1322 878 630 1591 1400 410 
2030 258 1157 262 1295 1679 15 1426 1683 1173 406 662 1693 287 32 1185 418 1444 294 1710 1455 436 1078 1591 55 1209 448 1601 1221 839 1481 204 464 209 857 1242 858 1116 1501 1625 608 1262 496 1137 1653 1528 
2031 1064 72 1322 424 523 811 170 656 1716 1302 
2032 1155 1097 138 810 
2033 1250 1603 1411 7 936 777 1706 1322 172 1581 334 784 913 1204 471 954 
2034 1189 1322 811 170 206 1423 16 1584 148 1302 407 1628 
2035 738 547 1029 903 137 1356 910 656 1266 1301 
2036 864 414 1624 1102 79 1364 1365 1399 1400 1692 1437 
2037 382 1566 1064 296 1322 457 1420 1561 656 114 786 1364 1365 1334 1400 857 
2038 1664 288 394 526 721 242 531 116 1204 1205 
2039 1536 1 517 1030 1029 1040 536 543 548 549 1573 1581 1073 1607 1096 79 80 605 1124 616 1132 1662 1151 645 1671 1675 141 656 146 150 1175 668 1183 1699 676 167 1710 1199 690 1716 185 189 1221 204 206 214 1239 237 246 248 761 1289 1302 1322 811 1323 298 313 315 1364 349 350 1399 1400 892 896 905 394 1421 914 916 405 410 1435 924 925 414 418 1443 1444 933 935 1450 1457 951 980 1010 505 
2040 1541 903 137 781 656 913 1301 1431 795 1566 670 424 1064 1322 1662 170 1070 1716 1594 954 1471 320 334 1487 335 1102 210 83 85 1493 1626 1246 222 868 1385 1263 1010 1400 1017 
2041 37 299 1485 1400 
2042 1248 868 1156 394 1323 972 170 656 1266 658 435 147 1400 858 
2043 1539 775 1289 1037 787 405 1046 409 30 1311 287 543 671 548 549 676 170 173 1454 1716 310 313 954 1594 573 575 1215 833 1349 1351 72 1224 587 1357 334 80 977 1362 474 1373 1644 494 1007 756 117 1525 
2044 965 294 199 134 
2045 549 678 1607 1706 1262 784 242 83 1268 146 1399 249 
2046 103 137 651 656 1266 1460 853 247 825 
2047 103 656 767 
2048 1400 166 1642 714 913 792 1204 1399 62 1180 
2049 579 1400 424 170 141 1262 15 237 951 440 
2050 357 1285 903 232 302 719 656 977 1616 1424 724 150 
2051 517 1542 1423 656 401 790 922 1053 52 310 1591 315 699 575 447 1362 101 999 1272 
2052 3 1542 523 1556 1048 538 1566 1057 549 1064 556 1584 54 1591 1088 1607 75 1107 1624 605 98 1128 623 1649 1147 1666 1154 1161 141 656 146 167 170 1202 690 1717 703 706 1228 208 721 725 215 1246 222 226 1262 1266 1275 272 795 287 804 294 1322 817 313 317 833 322 334 1361 347 350 868 1383 366 881 1399 1400 386 1413 1423 400 407 414 434 947 949 954 1471 1478 460 1486 1487 1491 989 998 498 1013 
2053 394 656 1556 1566 1322 170 1662 1204 1717 1471 1476 1487 725 1116 95 868 105 492 241 1266 
2054 1664 1545 1291 399 656 145 400 1043 790 1433 286 1566 672 675 1700 165 1322 1323 1070 1585 1588 567 1465 954 447 1471 67 455 968 334 977 992 868 1004 366 114 1400 
2055 1027 1541 1542 1423 656 1555 1556 1045 1022 150 1302 1177 1451 811 1324 1717 317 1471 200 1486 977 1491 1493 725 601 1116 1501 1246 479 868 1263 1400 1275 125 
2056 868 1566 1576 1070 1626 567 
2057 1541 1160 138 141 656 1299 1556 150 925 1054 1183 1313 418 423 424 1064 1662 810 1322 1717 182 1471 200 457 1486 335 1493 470 725 1116 743 1000 490 237 1646 1263 1399 
2058 1664 1024 382 1027 899 1156 1032 1416 523 1294 654 656 20 404 660 792 537 1433 288 1063 168 169 1322 812 1069 1201 1204 1205 440 442 1598 1471 447 320 322 1603 330 1102 975 1234 1364 983 858 603 1116 861 222 1246 348 477 736 868 1639 876 1649 242 755 116 254 1400 
2059 394 1681 660 1556 792 153 1433 1069 177 1205 1589 1465 447 714 724 215 603 861 1379 745 114 115 755 1400 
2060 386 899 1156 1541 1160 394 1038 656 784 16 400 1556 146 150 1302 795 155 1310 287 1151 32 1442 34 289 414 294 166 680 1449 1706 170 1576 1322 811 1455 1074 947 1716 1591 440 311 1212 316 831 1471 1090 1603 706 1607 457 718 206 1487 209 1490 1106 83 1364 1365 1493 1624 93 861 1383 366 1262 1263 1399 1017 253 
2061 1029 979 1462 795 
2062 1160 781 400 146 787 1556 1045 1563 1436 286 1439 1566 414 424 1714 1591 1211 447 320 1607 1485 1624 102 366 1399 
2063 1027 774 6 523 526 656 1302 670 1566 1151 931 166 38 1064 170 811 440 1471 1486 206 726 736 868 760 501 1400 
2064 1000 1032 1234 
2065 141 656 147 148 916 1556 407 668 1183 1184 421 1189 1322 684 185 955 719 1616 1628 868 357 
2066 1664 640 512 1037 656 1555 1556 1299 150 925 288 1569 1058 170 1707 1069 1663 1204 1588 692 440 59 60 317 702 1471 447 321 834 1602 322 200 457 1226 1102 601 1114 1116 1245 1246 738 1507 1646 1392 1649 1266 1264 883 1013 254 1400 1531 125 
2067 528 17 1553 1555 1556 1048 1561 28 549 1064 1579 1588 54 1591 571 1602 70 1607 72 1616 83 1107 596 1116 94 102 104 1129 1128 1132 109 630 123 638 1151 131 1160 1677 141 656 146 1684 1688 668 1183 161 163 1710 1716 1717 185 699 706 1221 711 715 719 208 1244 1246 752 1266 772 272 277 1302 1316 1322 811 823 313 317 834 334 341 1365 343 857 858 357 1383 366 881 883 1399 1400 380 386 900 1413 1420 399 400 1429 410 414 417 420 1446 941 947 953 954 1471 970 460 1485 974 1487 1486 1491 997 1512 1004 1010 
2068 32 516 138 810 1455 656 209 1716 1717 182 1399 1400 185 
2069 1313 280 1155 1097 600 15 150 951 248 
2070 1029 1542 523 13 1555 1556 1566 37 38 1063 1070 1584 1591 60 580 76 1102 1116 618 1646 1136 1651 125 1662 1151 640 138 1678 656 150 664 670 170 692 182 186 199 208 1233 1235 222 238 1264 1266 774 786 1299 1301 1302 1317 1322 810 1323 817 825 317 320 842 848 864 868 372 1396 1399 1400 891 905 394 910 1423 1432 925 1451 1453 440 953 447 1471 454 457 1486 1507 998 1000 
2071 1541 1160 656 926 287 1062 1064 685 1204 1717 954 1100 334 1487 1493 725 1623 1626 868 1263 1266 
2072 1122 1541 782 1711 
2073 672 70 234 1322 109 366 1486 400 
2074 37 1662 1400 
2075 1029 775 935 777 702 141 238 656 83 1716 1556 90 1116 
2076 1664 1541 263 1064 137 1662 1070 1263 656 1487 1493 1054 186 
2077 1607 1160 1624 366 718 400 146 1716 1399 
2078 672 705 1280 109 1487 656 210 146 1403 1399 1624 1626 955 
2079 1666 386 388 1541 775 1034 11 523 910 526 656 400 782 275 1296 1429 1657 639 1553 668 1183 931 38 1534 1064 1322 1323 170 1711 1456 1584 1204 1588 54 1591 56 185 1597 1471 833 1346 835 70 1485 1486 1487 848 1107 1364 1365 725 343 600 726 1493 347 120 1628 222 1116 121 1122 996 612 1000 874 366 1263 633 1266 1400 1017 507 
2080 1 638 1420 15 273 1553 146 1429 1561 668 412 414 1534 424 1322 1706 685 434 1716 54 1591 185 954 314 317 1607 334 977 1491 1107 1501 1246 98 238 1649 1399 
2081 1413 40 1327 80 
2082 1027 102 137 1485 
2083 706 36 1542 426 1387 335 1584 849 913 1423 1204 1556 1392 1116 222 
2084 1541 742 301 1263 656 1487 1712 595 1493 
2085 517 390 1420 400 1169 1561 672 424 1322 434 1716 699 317 449 1485 461 1487 208 1491 474 1116 1381 102 366 1523 
2086 1542 303 1423 
2087 163 414 1322 1662 394 1487 242 343 1399 1400 1116 
2088 1539 656 407 287 288 1064 1322 688 440 827 587 1612 335 343 1016 1116 998 
2089 322 835 612 868 1487 656 335 1107 343 407 1400 186 1116 
2090 327 1640 746 702 1400 
2091 1536 1539 1027 1543 1032 523 1040 1553 16 19 1556 1045 536 1561 1050 1562 29 543 549 1064 1580 1582 1584 1588 1589 53 568 1597 1087 1603 1607 1096 587 1100 598 91 1116 102 622 1651 124 1149 1151 1156 133 1678 656 1169 146 660 148 1185 165 1192 170 1199 1204 1716 1717 704 1218 706 200 206 1235 211 215 1241 219 731 1246 746 751 1266 258 276 1301 1302 798 1322 811 813 1332 311 313 317 1343 322 327 335 1359 852 857 858 1372 351 864 868 356 1384 360 881 885 1399 1400 1401 1408 385 899 908 1420 1423 403 407 1432 414 416 426 1457 436 950 951 1465 1470 1471 448 1481 1485 474 1500 480 997 1001 497 1524 1017 
2092 1539 900 521 638 1289 1421 15 656 1553 1040 276 1429 405 1434 284 287 32 1183 543 1444 549 548 676 167 1573 1455 690 1588 54 823 313 62 197 587 80 465 209 1107 340 976 1239 1116 604 350 865 355 227 869 102 997 
2093 896 1409 257 897 1029 137 394 1035 1289 1421 523 15 1040 1555 1299 1301 278 23 1559 405 150 1177 1566 543 1443 548 549 933 676 425 170 813 692 951 1591 1471 706 964 200 457 204 592 80 1239 728 1116 349 1503 616 1646 751 884 1019 
2094 614 1322 1611 1451 505 1594 
2095 774 394 1400 
2096 1156 1288 523 1678 526 16 531 767 1301 1302 670 170 811 812 301 311 1597 206 1364 90 866 868 742 1000 1400 
2097 382 1544 638 1553 148 1429 407 158 286 162 1534 1706 430 433 563 54 1591 699 316 1603 712 1107 1364 597 1108 728 1116 737 1637 743 1649 1274 
2098 418 70 1160 1290 1486 1167 528 1296 562 
2099 656 146 787 1054 414 1322 685 1716 314 570 317 319 1607 1227 1485 718 1487 1365 1624 1264 
2100 1666 1538 4 1543 649 394 1034 1420 272 1555 23 1561 795 1566 1322 173 1456 1334 440 185 1471 449 325 1224 77 1485 1615 335 1234 347 348 989 1246 98 868 235 1649 881 114 755 
2101 512 1539 1542 518 1036 1037 526 1552 1553 1556 1045 1048 1561 536 1053 1566 1567 33 1569 549 1575 1064 552 1577 1074 562 564 563 54 1591 568 60 1085 574 63 573 72 585 1096 1611 1612 587 1103 83 596 597 1107 1626 1116 1121 98 102 615 1129 1143 120 121 1659 124 637 125 638 131 1668 1161 141 144 1172 661 150 163 680 1706 170 1708 685 1709 1199 688 1197 690 1203 1717 184 185 703 704 706 195 709 1224 200 1228 205 1234 211 728 729 217 1241 1245 1246 735 741 742 748 754 1266 1274 1290 272 784 277 798 287 291 293 294 805 1322 301 302 313 314 833 345 868 1380 1387 877 366 879 881 888 385 899 1412 394 1420 908 1423 400 403 1429 409 926 927 1454 433 1457 440 441 444 1471 1474 965 1478 968 1485 461 1507 997 1004 1010 507 
2102 868 38 166 1322 1662 170 656 1204 1400 1017 1246 
2103 523 1678 656 404 23 1048 1566 930 1700 549 678 167 168 170 812 1204 1465 313 1214 1471 1603 75 1615 1233 1234 1364 215 1246 222 738 868 1000 1649 242 1399 1400 
2104 388 1541 1671 138 11 1675 141 656 1429 924 670 675 810 1716 54 182 56 958 204 1487 1107 1493 214 612 357 1263 633 1649 1395 1657 508 
2105 1664 1027 656 16 400 1556 1302 1304 424 1322 811 1716 311 206 1487 1362 1365 366 
2106 517 1030 1040 1553 1049 30 1060 1588 54 1594 1603 72 1609 1107 89 94 606 102 614 1643 627 1651 120 1662 1151 645 647 1677 1688 157 672 678 173 1710 1215 192 1217 706 712 1227 722 1235 1246 229 232 756 761 276 789 1302 281 808 1322 298 811 813 1332 310 317 1343 319 1349 338 343 857 346 347 350 1399 396 399 914 1432 410 1435 925 417 424 1451 434 1471 453 1485 461 1487 977 1491 980 987 997 487 1004 1010 
2107 835 1470 357 296 73 138 810 1423 1616 719 182 1050 828 
2108 418 1603 1400 357 1323 204 523 792 531 1204 1364 755 440 186 
2109 388 1541 638 1034 11 782 15 1552 656 639 1553 146 1429 414 1183 1406 1573 549 294 1534 1711 1073 54 56 185 313 579 835 965 197 1607 1614 1487 463 1107 1493 1626 1116 1501 606 604 865 1122 612 997 1132 1263 633 1399 1657 
2110 1000 656 1717 1400 699 
2111 960 1312 419 1254 1703 1483 1003 717 1387 1615 429 913 57 
2112 414 1607 138 523 810 685 79 688 951 210 146 182 1399 
2113 1541 1263 1493 
2114 868 170 670 656 1462 
2115 388 1107 1526 54 1400 
2116 868 998 1566 479 43 656 240 1427 1204 1334 1400 
2117 868 1566 424 523 1070 1102 335 1266 1717 1301 
2118 384 1664 382 4 6 1543 523 1038 656 913 660 1045 792 795 1566 169 170 1204 1334 1591 1465 447 1471 335 1359 1234 1364 222 863 1519 114 1524 631 
2119 382 1400 1221 102 968 1322 1451 334 1588 1365 120 
2120 1153 1160 1417 397 1551 1048 410 1179 157 1566 799 1312 429 1204 57 1469 1472 192 1220 453 72 969 1613 730 1629 225 1508 1254 1512 
2121 641 1092 1311 1322 685 305 951 1107 54 407 1400 858 
2122 418 1541 204 1263 656 1487 1679 1493 1078 1401 
2123 811 206 334 656 1302 954 
2124 1666 1155 1160 138 523 1678 656 146 1432 670 1311 414 424 1322 170 810 301 1716 1204 182 1212 1471 1607 1097 718 1235 1364 736 868 742 1651 
2125 170 781 1136 1584 1364 
2126 742 1127 394 1132 685 1294 1324 656 1553 301 1012 820 662 1399 246 1558 
2127 549 1706 811 141 206 1199 1716 118 726 536 
2128 1322 660 1400 1116 
2129 418 1346 422 1064 910 
2130 1281 1188 807 111 1583 945 
2131 386 1160 777 394 1674 523 526 784 400 146 531 1301 287 288 1313 1700 38 1191 1064 166 1706 1322 1451 1325 1323 947 1716 439 1465 1212 1471 1090 322 333 718 1102 209 1364 1624 349 606 736 866 1383 873 366 1522 1399 1400 
2132 640 1322 1180 1266 1364 660 150 1400 
2133 737 1539 1349 72 841 587 172 1198 687 592 977 1394 1011 1204 1591 
2134 141 656 28 1534 39 1064 1322 1069 1588 950 447 322 1491 1624 1116 1000 490 
2135 512 1539 1030 7 1031 1546 10 13 530 1555 1556 18 534 1047 1559 536 535 1051 1052 543 1569 1058 1059 1572 36 548 1579 1069 558 1070 563 54 1591 569 59 1596 572 60 575 67 1603 69 1094 1098 1611 1100 76 587 592 81 1105 1107 80 597 598 1623 1624 1114 1115 91 1116 1630 94 95 98 611 99 613 102 617 618 1643 1646 1651 1142 119 120 634 125 1662 1663 640 1667 1158 1672 650 651 1676 1677 656 145 1169 662 150 664 151 666 1177 1694 160 673 1698 676 679 1192 1707 172 1199 176 1713 177 1715 692 694 183 186 187 700 703 706 196 198 200 1226 1227 205 1235 1239 216 1240 728 1245 1246 734 737 738 233 1262 1266 243 1269 247 760 1274 252 253 1285 265 1289 781 270 1299 278 283 286 1315 294 1322 1323 1324 298 1329 825 317 1341 319 320 1345 321 323 1347 837 1351 332 844 845 1361 1362 849 851 853 343 347 860 864 355 1381 362 1387 879 1392 883 1396 372 374 1399 1400 376 884 891 380 897 898 391 1421 909 399 910 915 1432 410 925 420 425 938 427 1451 433 434 1460 447 1471 959 964 454 967 457 1484 1485 1488 977 467 468 471 474 479 994 1507 484 485 998 1515 1008 1010 1011 1013 1525 507 
2136 1664 388 1541 656 146 407 414 678 1322 1069 435 54 951 1591 186 954 828 317 1607 1485 334 719 1616 1487 1491 1107 1493 1116 1246 1248 1263 1399 
2137 1541 1263 656 
2138 868 581 169 523 1301 
2139 320 1635 774 724 
2140 294 1127 843 
2141 549 742 424 1035 301 366 272 
2142 1064 719 1616 1649 
2143 137 1662 1610 957 1204 1180 
2144 1664 1542 1032 266 1294 1423 656 784 913 400 1302 668 28 287 811 1323 1716 1204 185 186 1471 322 709 335 336 343 1246 121 366 1136 1399 1400 1017 1147 
2145 387 107 1458 
2146 96 1699 548 549 676 1289 170 685 558 304 561 784 80 343 601 
2147 382 132 1413 6 136 1416 394 1678 1556 1433 1178 1566 670 37 166 1321 426 299 44 1332 1205 1334 440 702 1471 1214 1356 207 1234 1364 861 482 622 1264 242 1400 
2148 32 418 1591 204 1679 1455 1073 209 1078 1399 1624 1401 1242 1501 
2149 1024 391 1546 925 983 407 
2150 738 1566 812 1234 1204 
2151 1603 1640 1323 523 1038 
2152 1668 1542 141 1423 656 1552 16 400 1302 536 927 296 170 811 556 1199 1457 564 311 706 206 1364 600 868 366 
2153 102 1644 1485 
2154 1664 1541 656 1556 1301 672 1322 173 1588 954 699 1342 1471 455 1485 1102 1487 334 335 1491 1493 1116 1501 232 1643 1262 1263 
2155 1664 1666 523 1035 654 1294 272 1678 1038 1043 1044 531 29 670 1566 1057 547 170 1323 1584 1334 702 1471 581 457 460 1358 1234 1364 215 736 868 1000 1385 620 114 
2156 1400 837 774 1674 1231 242 
2157 642 394 15 656 1167 786 1054 1183 286 418 680 1322 1073 689 1204 185 954 186 1471 1603 1102 334 343 866 493 503 
2158 774 1102 1400 1116 
2159 1160 1034 526 15 1553 146 148 407 1054 287 32 414 1444 37 553 172 1455 688 1717 949 62 579 1607 209 1491 1626 858 1116 605 248 738 1132 1262 496 630 1399 1400 
2160 913 1681 755 1204 
2161 320 1664 1472 1317 774 428 781 242 1204 
2162 833 387 1560 107 568 
2163 1444 549 1478 313 167 1706 555 1486 277 630 
2164 248 1450 171 394 15 656 1584 755 1237 475 631 1400 377 150 699 
2165 903 526 1294 656 163 170 1323 46 435 1716 1204 1591 954 1090 1224 1485 461 334 1491 1364 1365 1248 102 871 1384 
2166 1411 1157 262 1673 655 1424 1553 15 1426 1173 662 1303 155 287 32 550 680 809 936 1324 1709 302 1455 944 690 1334 1079 315 65 1601 839 840 464 977 210 1106 209 1625 603 1250 1126 109 1262 1137 1394 1403 
2167 1664 898 1675 1073 242 
2168 513 1282 1539 1285 1419 140 784 656 1552 1555 21 792 28 1442 39 1322 1323 301 1070 1329 1204 1716 180 567 316 317 1215 320 197 587 1228 1487 340 1365 471 474 731 989 1246 737 98 742 1260 
2169 1400 1029 1160 394 523 781 656 784 1556 1566 424 1322 1204 954 702 1471 320 1222 1102 334 1116 1379 868 
2170 1664 992 1283 868 170 1678 335 1168 975 114 531 1204 1234 1400 186 
2171 320 1472 172 1102 1456 
2172 1664 1283 774 6 1300 792 1180 1700 170 1069 1456 177 1204 1471 1102 603 348 861 738 868 1264 
2173 1664 1603 1639 1662 1070 1400 445 
2174 32 1354 1455 209 
2175 1541 1542 1566 526 1263 656 335 1423 1493 
2176 1603 523 812 440 
2177 1666 1400 1301 795 1436 1054 1439 1060 1064 424 1322 1714 1717 1211 1606 1356 1487 343 1116 863 1399 
2178 1566 447 170 1662 335 531 1204 1400 
2179 37 394 948 
2180 388 1541 772 262 1157 638 1034 1420 11 782 15 1040 1553 656 1426 1429 278 1559 1173 1561 1564 1310 287 1406 680 1064 425 939 813 175 1711 180 1588 54 1079 1591 56 1601 1219 1092 195 835 839 1485 461 1487 592 464 1490 83 1362 1365 1493 1107 472 1625 1116 1122 740 612 102 1132 1263 633 1137 884 1399 1657 
2181 102 638 1485 1553 1107 1429 54 
2182 512 1542 16 1555 532 1558 1046 1057 1058 549 1579 60 572 1603 70 599 88 1116 1646 1142 632 1147 125 1151 1663 1665 1666 1667 141 656 150 1177 1192 170 1707 1204 692 700 193 706 200 205 206 213 216 219 1245 734 754 243 1267 247 251 763 270 1299 1302 1305 804 295 811 1334 311 826 316 833 323 1347 1357 1365 853 345 353 879 1392 883 897 910 1423 405 925 1451 1453 1471 457 1484 1486 1488 989 479 994 1507 1515 1519 1008 1011 
2183 868 774 1566 75 
2184 512 7 521 1036 1552 19 534 1561 1566 1569 549 1081 60 574 67 1607 1614 1623 1624 102 614 1651 120 1147 1662 1663 647 146 662 161 167 680 1193 1707 179 1716 1221 200 203 1235 729 1245 1246 1262 771 781 277 291 1322 313 316 833 1349 844 846 1365 343 350 351 879 881 1399 900 1420 1432 414 424 1451 434 1471 449 962 963 460 1485 461 465 977 
2185 774 6 170 394 660 1556 1204 
2186 320 1218 1378 868 804 1543 1322 523 170 781 1102 656 1400 
2187 1000 75 702 92 242 1204 1332 1054 1400 
2188 457 656 1266 
2189 1027 1204 150 
2190 1541 1263 656 1487 1493 
2191 1410 388 772 1541 1542 638 11 1423 656 1553 1429 795 286 1566 1317 1323 1324 1070 54 1207 56 1334 1471 1102 1487 977 81 1107 1234 1493 857 1115 1116 1246 222 612 1001 1263 633 1266 1400 1657 
2192 526 242 1204 
2193 327 1607 746 1295 1009 146 118 
2194 102 1485 1102 461 656 1234 767 
2195 320 242 440 
2196 907 781 402 669 1444 1064 1578 685 1326 688 1591 186 1086 579 79 1497 866 496 
2197 1029 1566 1160 394 1674 656 1204 1556 1462 567 
2198 1607 146 1399 
2199 931 1156 170 523 1323 1662 394 1300 254 863 1462 1400 726 
2200 1032 170 150 1116 
2201 1294 526 1040 529 146 660 22 1308 285 414 1183 163 1444 1322 813 690 1204 951 62 1607 1356 79 1487 1364 1624 1116 1501 350 864 226 738 107 493 1264 755 888 1399 
2202 1636 1677 657 
2203 294 6 424 1322 1194 781 1102 656 1399 
2204 523 526 656 1556 1301 1044 670 675 170 685 440 1471 1599 1486 1234 600 601 1116 736 868 1134 1519 1649 
2205 1124 585 748 1266 
2206 37 621 335 1201 242 755 
2207 672 833 1322 1451 1486 656 1425 630 1054 1400 185 1116 
2208 1566 1160 656 1716 1400 
2209 1664 1671 1322 394 204 170 508 1487 214 1591 1400 1116 
2210 1285 137 394 1678 656 913 146 531 1301 1178 795 1565 1566 286 414 549 167 169 170 1323 1070 1204 1334 313 186 447 1603 581 1607 1102 1234 1364 1373 1246 868 871 114 1266 1399 1400 
2211 835 612 810 138 1487 1107 
2212 736 706 166 6 1566 1662 1194 170 366 335 1456 400 1400 989 
2213 1441 200 138 1322 810 1707 656 1073 182 1399 
2214 868 440 424 170 1486 1400 1116 
2215 1662 670 1264 1204 440 1180 
2216 512 1029 1486 1134 
2217 1664 170 1681 721 1556 
2218 868 137 207 
2219 1603 1400 677 168 1322 
2220 37 1662 170 1462 
2221 1507 457 1646 721 1555 1299 
2222 1539 1322 587 
2223 774 394 660 1044 1180 1566 1662 1204 1471 1344 331 1234 1364 84 861 868 1000 1264 
2224 382 774 137 394 1610 1264 1204 
2225 645 1673 907 15 1295 1170 402 532 146 669 414 1313 1444 677 1062 1578 685 430 1326 1072 944 306 1079 314 574 1086 830 963 1607 79 210 850 983 1240 1119 353 1256 1262 752 496 1520 1399 1403 
2226 1 899 261 1289 141 1549 399 1553 26 802 1314 548 549 37 676 167 1662 1067 1451 173 1710 170 1584 313 954 315 446 320 67 1221 1478 1349 460 334 80 1364 727 1367 222 226 738 229 997 1129 236 881 1649 1400 
2227 742 394 301 335 767 1717 1591 1400 
2228 900 555 343 1688 
2229 1664 1029 137 781 1566 670 166 170 812 1070 1204 447 1471 706 335 1264 1266 507 
2230 868 1317 232 329 1322 394 137 688 656 242 1556 1400 
2231 288 1063 170 650 1662 1194 1681 531 758 863 1400 151 570 1052 
2232 1601 1157 262 839 15 464 1137 1426 1173 
2233 1024 3 1027 1541 6 1539 1542 1034 523 13 528 16 1555 1556 20 25 1050 1051 28 1566 1054 35 37 1061 1064 1578 1579 559 1584 1588 1078 570 579 1604 70 1098 587 77 1102 79 1616 81 1110 600 90 91 1116 1628 1630 102 1646 630 1656 123 1662 1151 1664 130 1666 1671 1672 137 1675 1677 141 1167 656 1679 148 149 150 1177 669 670 1183 672 1704 170 685 1716 1717 1204 1210 197 200 1227 204 206 719 214 215 1240 1242 1244 1246 233 746 237 1263 239 1266 1275 254 767 270 786 1301 1302 280 1320 1322 811 1324 812 815 1333 311 314 316 319 1345 837 326 327 1352 1354 331 332 335 1361 340 854 858 1377 868 877 881 1397 1400 888 892 394 907 1423 1428 918 407 924 925 930 1444 1445 935 424 1447 427 1470 1471 1476 967 1484 1485 1486 1487 461 468 1493 1497 478 479 998 496 1008 1526 508 
2234 1542 1064 1000 457 526 1646 656 1423 242 1555 1299 1266 440 476 
2235 1026 388 1541 134 775 1671 1029 1034 11 638 523 782 656 1553 146 1429 1566 1313 1317 294 424 1064 685 1711 1717 54 56 954 699 314 1471 832 835 965 204 1485 1486 335 1487 334 1107 725 1493 214 1368 343 1116 1246 1375 1122 612 1127 232 105 1132 1263 241 633 630 1399 1400 1657 508 
2236 1566 1662 1069 1556 660 
2237 388 1541 6 638 1034 11 781 782 656 913 786 787 660 1553 662 1429 1556 793 278 1559 664 1437 37 1064 425 1322 1711 1456 54 56 317 447 1471 835 1092 1102 1487 592 1107 1493 1116 861 989 222 738 1122 612 876 109 1263 633 242 884 760 1657 
2238 1194 142 656 
2239 654 656 913 787 286 38 1322 440 1485 461 1365 1114 603 98 102 106 1400 
2240 868 1029 137 1385 207 656 1266 660 1054 1400 1017 186 
2241 994 1322 939 718 1262 656 1490 343 472 1626 1276 
2242 742 1064 301 656 567 1400 1371 
2243 1603 1413 170 975 656 1233 1716 1399 699 
2244 1322 1323 1295 1400 186 1532 
2245 774 170 1231 
2246 192 547 650 
2247 102 1387 1485 14 
2248 414 868 709 631 1607 1708 141 15 1584 1234 146 1716 1399 1048 
2249 1000 170 1610 526 1234 603 1597 
2250 1664 1666 1541 394 1291 656 1683 148 1556 407 1566 1311 670 1534 1064 1322 170 1070 1204 1588 440 1465 186 59 447 1471 200 714 1485 1102 1487 592 461 1619 1493 1626 222 606 1506 102 1638 1263 114 1653 1400 
2251 1541 1542 15 1040 1553 1054 549 1064 49 54 56 568 579 1607 1104 1619 1108 85 1107 1626 630 121 1662 1668 1162 1677 141 143 656 146 662 668 1183 671 1184 1189 1196 688 1717 185 210 1246 226 1259 1262 1263 790 1311 287 1322 813 316 1343 334 1362 343 857 858 347 868 1381 1384 873 1399 1400 390 904 1419 1423 916 407 410 412 414 927 417 421 935 936 949 951 954 1466 968 1486 1487 1491 980 1493 1004 1523 507 
2252 640 897 1667 910 656 1555 660 1299 151 1177 424 1322 692 1717 700 1347 457 1484 205 1630 1507 1515 877 1646 242 1142 1400 
2253 440 1322 394 1323 1102 656 913 242 1008 1204 1044 1364 336 1400 603 1246 
2254 1603 172 1102 1490 1204 1591 
2255 512 200 1420 60 1116 272 1561 
2256 901 1542 1423 146 150 414 1188 1322 1201 1204 1717 322 1607 976 725 1378 1523 1399 1400 251 
2257 98 868 1350 394 656 148 1400 
2258 868 37 1029 1064 1656 557 428 1070 1102 1681 531 1400 186 
2259 1485 1069 656 1491 1204 440 
2260 1664 1666 642 772 1029 774 1416 1035 1037 766 271 656 913 785 787 1044 1301 150 1038 531 1178 29 1566 1311 670 290 931 165 1534 806 1063 1322 170 812 1070 1712 1204 1588 1332 1462 440 1077 954 1467 317 702 1471 447 1599 322 454 200 1356 334 335 595 601 858 348 989 736 608 868 1640 1000 1136 114 1269 758 254 1400 507 
2261 385 134 7 272 145 1552 1170 146 18 403 26 1023 414 287 32 798 1059 549 422 294 1064 1706 302 1455 569 313 703 832 1091 965 1478 199 1607 333 209 211 727 1368 1624 1241 1246 485 486 365 1391 1399 1273 1531 1532 
2262 128 258 1029 1413 648 1289 910 1042 19 1686 150 1179 543 1185 929 803 548 549 1444 676 1701 436 313 1471 448 1481 1485 1357 80 212 857 1246 95 609 738 1507 1378 102 106 496 114 628 1528 
2263 544 578 1591 1534 1611 1451 813 1040 1393 1553 
2264 781 656 913 531 1556 535 1432 1441 1322 1585 440 1471 1485 1102 1487 1235 1116 989 1246 1264 1649 
2265 384 388 1400 772 1541 1034 638 11 781 142 782 656 1553 1040 787 1429 935 1322 1194 1662 1323 813 1711 54 951 56 1471 320 1472 835 1221 454 1608 1487 81 1234 593 1107 1493 857 601 1116 738 1122 868 612 1263 633 760 1657 891 
2266 650 523 1420 278 1559 1561 1564 925 931 1444 425 170 1323 301 1070 688 1716 1204 1471 320 1219 1603 592 1364 1116 742 490 496 1266 884 1401 
2267 1090 424 1716 
2268 514 388 1674 1292 15 1690 28 1322 1591 1471 1485 1487 721 476 1116 226 1378 
2269 962 1444 549 294 167 496 
2270 777 141 656 1043 664 286 804 424 1064 1322 1323 170 811 1070 1585 1204 1716 1205 440 1465 185 1471 1485 1102 1116 1246 102 1000 242 759 
2271 1159 1034 15 1040 913 146 1556 1434 26 1566 287 32 414 678 166 1662 1322 813 685 1455 690 1717 951 1603 197 1607 718 209 852 725 727 987 1116 106 1388 1399 
2272 1476 166 447 1322 394 1069 1102 1038 656 1626 567 186 
2273 288 1669 102 1322 461 
2274 1664 382 774 1545 15 656 913 1553 1556 660 28 285 1308 287 32 37 1534 1064 1322 554 1451 301 1070 1455 688 1588 53 1334 1591 440 951 1204 1083 1471 322 1485 1102 79 209 1491 852 858 731 1116 861 351 226 742 1000 621 1649 1266 1010 755 503 1400 891 1148 253 
2275 1024 774 775 391 137 1034 266 1676 141 1546 399 656 1169 150 1688 1432 538 1435 924 925 1054 670 1692 1064 1102 1322 1070 561 1588 1717 440 954 442 186 447 320 1471 1476 708 327 1098 715 1486 1487 719 335 1234 1616 334 725 1235 215 983 1497 858 1628 484 613 998 105 746 1136 1649 241 1651 1653 246 254 1400 630 763 
2276 1541 774 1160 777 1034 782 15 656 658 1682 407 170 301 1711 1330 691 824 1471 1228 975 83 1493 1624 1116 1122 868 742 1640 493 1263 242 1399 
2277 1662 365 1204 1148 
2278 640 774 777 265 1674 526 15 398 660 535 151 1563 1436 1054 1439 1700 1070 1714 1460 187 316 1211 1471 1347 454 1606 967 1363 507 343 216 1495 858 247 1116 731 1626 994 738 1379 232 1262 1649 1266 242 1396 1399 762 
2279 1664 457 1356 1070 656 1204 1301 726 1400 
2280 1541 1029 394 656 1566 1311 37 424 1322 1662 1204 440 1471 1487 1234 1493 1637 1385 1263 
2281 320 1317 1566 1356 
2282 6 523 526 660 664 792 670 1566 286 37 1321 1194 1323 426 170 1582 177 1204 567 440 824 1471 322 1102 1622 88 731 476 861 222 736 755 
2283 512 1539 1029 6 1541 523 526 1038 531 537 1566 1569 37 38 1069 1070 1585 54 567 59 60 1603 1094 587 1102 1107 91 1628 1116 1122 105 1642 1649 116 630 122 1662 1663 1156 656 660 1687 1179 670 166 170 1194 1707 1711 1204 1717 1205 186 200 205 1234 725 1245 1246 222 736 738 742 233 1263 241 242 767 781 782 784 786 1321 1322 1323 301 817 1334 827 320 322 842 1356 845 335 1359 1364 861 866 868 357 876 879 888 1400 891 381 394 404 925 420 426 440 1465 958 1471 447 1493 476 1000 
2284 322 440 169 170 1323 335 824 767 1204 1556 
2285 3 1156 1541 1286 389 656 1296 1684 150 925 1321 1450 1324 1073 1202 1204 185 316 1603 70 1486 1487 977 1237 1493 1623 470 1259 237 1263 499 248 
2286 868 28 595 
2287 363 656 1553 564 
2288 1664 1018 1028 394 656 1301 662 1566 37 1064 1322 43 1069 1070 1591 440 824 954 1471 447 449 195 1102 334 846 977 1116 737 738 868 998 1385 1649 1013 1400 
2289 320 440 335 656 
2290 1444 102 1030 
2291 1444 1578 907 1326 79 496 1520 402 
2292 513 1026 1282 258 387 1 137 140 1295 1552 399 1553 1560 925 1185 1442 1314 1444 163 294 162 1067 305 1329 1458 436 565 180 55 1209 703 448 67 1221 1481 79 1106 857 1500 1246 737 873 107 1132 1260 496 1393 629 1399 1528 1145 
2293 1183 237 562 
2294 1664 440 774 1566 1471 1322 1194 1070 656 1456 1649 1364 1204 1400 
2295 512 257 1667 1672 1038 656 20 664 1051 668 1437 670 677 1579 1323 1707 1715 1462 1080 185 824 59 954 1471 320 1345 837 200 457 1098 205 1102 79 334 1234 468 215 1240 1115 617 876 251 1649 1269 1142 891 
2296 1669 1157 1317 842 620 1069 464 83 148 
2297 1400 650 394 1037 656 1426 1556 1301 1179 1052 1566 288 1064 172 1070 1204 1334 447 1471 714 331 1098 1485 77 461 592 1491 215 1116 1246 1121 102 1385 1514 1001 254 760 
2298 1444 230 1256 79 496 
2299 394 1420 656 531 1561 668 38 166 1322 170 1323 440 185 1471 322 1603 863 
2300 1024 513 1 515 1537 517 1543 1031 1033 10 7 527 15 1039 18 1555 21 534 1047 1563 28 541 30 1055 1056 539 1054 543 1570 1064 40 554 1067 41 1581 1070 1588 1590 566 1079 569 1080 572 576 67 1603 70 583 1102 79 1615 1617 86 598 1112 602 1119 98 1123 613 104 623 1647 1649 1650 626 120 121 636 1662 1664 1159 1162 651 1676 1677 653 141 656 1680 659 1175 1688 666 1691 159 160 671 679 681 682 171 1196 173 1710 685 688 172 1204 1717 1206 180 183 701 702 1215 1217 193 707 1221 201 713 1225 205 718 1232 210 1237 725 219 733 1246 734 737 226 1251 232 1256 1261 750 239 1264 1266 754 247 249 250 1282 1285 1288 265 267 781 271 1295 273 277 280 1315 1317 295 808 297 1322 815 1329 309 317 1343 320 1346 323 836 1349 1351 1352 1354 848 1362 341 854 343 1367 1368 858 857 1372 1374 350 1378 355 354 1381 360 878 879 370 1397 887 1400 892 380 900 390 910 399 917 410 1435 412 925 413 417 1442 420 935 1450 427 1452 941 940 943 950 438 442 1468 1471 455 967 456 1482 971 1484 973 1486 1487 462 977 1488 1491 467 976 471 983 985 474 994 1507 484 485 1513 494 1007 498 1010 1525 
2301 1024 509 1026 514 1537 1541 1034 11 15 1040 1553 529 1556 22 1559 536 1562 1564 541 28 1054 32 1533 39 1064 1578 48 1073 50 563 1072 54 1591 56 1079 1086 1087 576 1601 579 1612 79 592 1107 597 1625 1116 605 1122 612 1637 102 104 1649 1137 627 1657 633 121 638 639 1157 1670 1673 141 656 657 1171 148 1173 1690 1691 669 1183 1184 1185 159 671 1189 684 685 1708 1199 1711 690 1716 1204 185 192 1219 1220 197 709 209 210 1238 728 732 1250 226 1251 1255 1256 1261 1263 242 1274 251 763 765 258 260 262 1293 782 783 784 278 279 791 287 1313 1322 813 815 305 1330 822 314 1339 1342 322 835 839 850 340 856 858 1371 1372 357 873 362 361 368 882 1395 884 1397 370 375 1400 1401 1402 379 1403 1411 388 389 1415 904 907 1426 916 917 1429 1431 407 408 925 421 934 424 425 936 1455 943 433 944 436 949 950 951 1463 443 955 448 961 453 967 968 1481 455 460 461 1485 1487 463 464 973 1493 470 1513 490 494 1520 
2302 1664 512 1666 1543 781 656 792 286 1566 1317 1322 1069 1204 1471 714 1098 1102 335 1491 598 603 731 1116 866 868 1266 1400 
2303 774 1102 526 792 
2304 1160 784 146 414 1316 294 1193 951 579 1603 580 1607 974 1624 1252 105 1262 241 754 
2305 576 1444 197 685 15 1368 
2306 382 1541 1416 394 656 1566 931 37 170 299 1662 1204 1588 440 1596 1471 1472 580 457 1484 1102 1487 1493 1246 863 868 1263 
2307 523 656 1566 670 37 1322 1332 439 186 317 1471 320 322 457 331 335 1234 1246 1138 
2308 1666 774 781 656 784 1553 400 795 28 1054 1566 1311 545 287 32 414 1445 1534 1064 424 1322 170 812 685 301 1455 1204 1716 1334 314 699 1471 1603 1607 460 1102 336 209 1364 341 1624 344 603 731 1501 864 868 742 1512 1000 366 881 1266 1399 1400 1273 
2309 965 549 1542 134 1070 1423 1556 313 
2310 1664 1027 1400 906 656 537 1700 1574 1064 1321 685 301 1204 1591 699 1342 1471 322 581 842 1487 1364 868 742 490 242 
2311 1536 774 1000 1322 1323 1038 656 1246 1204 1364 1301 949 1400 
2312 294 526 1487 
2313 644 1400 1029 6 1160 394 1420 656 660 1556 1302 1561 795 924 1054 804 424 1064 1322 811 1194 1663 1204 1588 693 440 1471 447 582 1486 206 721 1246 1121 1649 248 
2314 230 327 746 366 400 
2315 738 1038 1266 1334 
2316 1699 656 242 1400 1179 1533 
2317 1029 656 146 1301 414 169 1451 1069 948 452 1607 1624 603 606 994 1512 1262 1399 1400 
2318 1379 1607 1264 146 1399 
2319 512 1027 1541 1030 1542 1040 18 530 1556 1557 534 20 535 1531 1566 1569 37 1070 51 1077 1591 569 570 1596 60 69 1607 81 1617 1619 85 86 1116 605 97 99 102 1646 1658 1662 640 1154 656 146 150 157 1698 1706 1707 175 689 690 696 190 192 195 200 1226 203 1228 222 225 231 1256 233 1263 1266 252 766 254 261 271 1299 288 1313 802 290 813 824 316 1345 1349 334 1361 1368 1399 1400 376 382 394 1423 915 1428 414 949 951 954 447 963 453 965 457 460 1485 1484 1487 461 1493 1499 989 478 485 1013 
2320 2 131 904 523 656 784 17 913 1044 1560 1176 158 1183 424 1064 1450 565 1591 699 1471 719 1616 596 868 630 1399 
2321 1155 1541 327 1097 746 523 781 719 656 1616 1487 1263 1584 1493 
2322 1664 382 132 776 394 1035 526 654 656 913 1038 660 1044 1433 537 411 29 289 1700 37 299 300 948 1332 1334 1204 440 1597 1471 581 1358 1231 336 1364 603 861 482 868 1000 1642 1264 114 115 1017 
2323 512 6 1553 530 18 1046 1559 1048 1564 1566 1054 1569 549 1579 558 564 54 569 570 1083 59 1596 572 60 70 72 1098 1100 1615 592 81 1107 85 94 1630 1633 1123 613 105 618 626 1651 630 1142 1148 638 1663 1665 1667 651 1676 656 1177 1184 161 673 678 167 1192 170 1707 692 1717 185 1210 1214 192 1219 200 205 1235 725 216 731 1245 1246 734 1251 232 1262 241 1266 247 251 1275 1288 781 270 272 277 287 1315 1322 1323 812 1329 313 833 323 836 1347 1351 332 334 1362 852 879 368 881 884 1399 376 1400 891 892 910 1429 1432 416 418 421 1447 425 427 1451 941 954 955 1471 447 959 965 967 1484 1486 1491 468 985 479 994 997 485 1515 1008 1525 505 1531 
2324 382 644 567 774 1133 1102 975 1204 
2325 901 1543 1034 523 656 913 1302 664 410 668 1566 1183 1311 1313 930 420 678 1064 1322 1706 812 811 1327 1588 1717 694 185 570 186 317 1471 320 1343 449 1087 962 453 1102 206 722 342 1116 1246 863 618 1400 1017 890 
2326 384 169 366 656 400 1204 1400 
2327 704 1185 32 1481 908 1199 1455 1457 690 497 436 1045 209 
2328 768 7 392 521 1039 399 277 662 1563 283 672 678 172 173 1324 956 317 1221 711 977 1362 1491 1109 1016 865 367 120 
2329 1541 138 526 656 784 28 1692 1183 672 1317 1064 1322 810 689 564 182 823 186 955 1471 322 842 1486 1487 1493 342 1116 1372 1246 992 997 
2330 407 579 1155 1097 105 204 79 335 241 463 1266 148 725 1717 1301 630 
2331 1539 517 1031 521 15 1040 16 1045 536 24 27 1023 1054 549 1064 1578 1067 1073 1075 1591 1086 64 577 1607 587 1100 79 1106 595 597 1626 1116 93 604 102 1127 1132 121 1146 636 1151 644 1159 1673 1677 656 146 150 669 157 1183 672 163 171 685 1199 1713 185 192 203 718 206 210 211 1237 1241 1246 225 227 1256 1262 249 1276 775 784 277 1302 1310 798 1322 811 813 302 1326 815 311 313 314 332 848 1365 1373 1397 1399 1403 892 385 907 1423 399 402 403 920 414 1444 935 424 1450 940 943 944 951 952 453 967 1485 977 1490 1494 1497 479 480 1509 1512 1005 493 496 1520 1011 509 
2332 390 1677 141 15 656 1040 143 918 417 930 1699 1444 1534 1320 1322 1324 172 813 306 1588 694 951 1591 954 59 186 317 1472 195 1349 72 1485 461 334 977 81 1491 1114 1116 94 350 226 98 99 611 102 1010 
2333 1664 1070 1102 1465 
2334 521 11 523 15 1039 1040 1563 1564 1054 1588 54 1591 56 576 79 1616 1107 1108 1624 601 1116 612 104 630 120 1657 633 1659 638 639 1671 668 1183 1184 1185 1189 173 1203 185 1219 712 204 719 214 1246 1251 1262 1266 1286 271 1301 287 1322 1324 825 316 317 1349 1356 335 865 1399 1400 888 388 916 1429 407 1435 930 421 430 436 951 962 1481 465 977 1491 474 998 1004 495 1010 1016 
2335 327 1322 746 
2336 706 70 555 1133 
2337 737 1637 1322 1362 
2338 1536 1664 382 388 1286 775 1416 1289 11 1421 654 1040 1657 146 531 1044 1429 278 1559 405 410 1563 668 1566 543 414 930 163 548 1573 676 935 549 425 1322 1535 813 689 1717 54 1591 951 185 440 56 1087 1471 1607 80 592 1107 1364 343 1239 1624 1116 1500 1246 1372 606 864 604 227 612 868 998 490 1006 633 627 884 1399 1400 1401 
2339 737 1637 1224 1322 1362 
2340 772 1032 778 656 531 1556 534 1691 287 1315 424 169 1662 683 1207 824 186 1471 335 1234 1112 222 736 1648 1010 1400 
2341 641 1122 1541 200 782 1711 1263 1493 1400 
2342 335 656 660 150 
2343 736 549 296 1322 366 400 767 
2344 1444 680 1160 1578 907 1326 79 688 496 1520 402 631 155 1303 
2345 1155 261 1420 146 1561 1054 1310 414 802 678 1064 172 1204 1591 1342 1607 1097 1485 79 1490 1234 1491 343 1626 1262 238 1649 1268 
2346 548 1541 1542 676 1289 1263 656 1487 1423 
2347 1154 3 1667 1479 1160 1064 200 427 781 
2348 1664 1541 6 137 394 781 656 146 404 1044 536 414 1064 170 1199 1334 440 1465 1471 320 1607 1102 1487 207 84 1493 738 868 1263 
2349 549 805 199 1127 809 397 1709 432 1010 564 277 1048 892 317 
2350 1635 137 1044 1016 
2351 102 1420 461 1485 
2352 129 382 1539 136 905 650 523 1675 1038 15 656 1040 1678 531 278 1559 792 924 670 289 425 1322 813 1073 1204 1591 951 1342 1471 320 449 322 587 207 592 594 343 90 603 736 482 1510 1649 242 1266 884 246 
2353 706 612 294 1542 1098 638 1423 656 1553 81 1107 1429 54 1400 633 1531 
2354 1541 1420 656 1553 1429 1561 538 1322 170 54 1487 1107 1493 1372 1116 866 104 1263 630 
2355 449 997 170 654 410 
2356 1666 1413 137 
2357 512 1035 523 526 1038 530 531 1556 1044 1052 29 1566 36 37 1070 1587 567 1596 60 1597 1603 581 1095 1098 1610 1099 1102 603 1630 95 1635 102 1639 103 1642 1138 115 116 1659 1662 126 1664 642 1156 1669 136 651 1165 1678 656 1168 660 151 1177 1179 156 1180 1700 166 168 169 170 686 177 692 693 1204 1207 187 1214 200 714 1231 721 723 726 216 226 738 1265 242 251 254 776 270 272 787 1301 792 793 1308 1315 1317 299 812 1328 819 825 323 1347 332 1358 1364 1370 866 868 1382 1385 382 1413 1414 1416 394 913 411 426 427 948 1460 1462 440 1465 957 447 1471 454 457 461 1485 469 1499 991 479 992 482 1505 1515 
2358 738 1566 1553 
2359 736 6 137 394 1385 845 1070 335 1234 948 1334 567 440 
2360 1184 1155 549 421 200 1097 1004 
2361 327 1607 1290 746 1262 656 784 146 1399 
2362 512 1664 1027 1156 1545 394 1035 1037 656 913 531 532 660 1044 792 537 1566 170 948 1204 1462 1465 200 1234 1364 1245 861 1379 868 1000 1385 493 1264 114 755 242 893 
2363 384 547 1543 170 523 781 526 1204 1556 1400 925 
2364 386 1383 811 141 366 1486 206 16 400 947 1302 823 600 
2365 320 128 868 1637 1064 170 1069 526 335 656 1070 913 1556 1334 1465 
2366 742 170 301 656 1364 
2367 833 102 424 1322 781 1485 1487 
2368 1664 382 1400 581 1639 745 170 1662 1624 1264 851 1204 531 1399 62 
2369 1664 642 1027 1035 781 792 1179 1566 670 170 426 177 957 1214 1471 344 1505 868 1382 1138 
2370 868 1416 1322 1070 656 1649 1717 1400 570 
2371 1603 1413 394 1201 1400 795 
2372 192 453 173 1486 
2373 640 1542 393 394 265 1423 656 1553 660 150 792 1058 806 1662 1451 427 301 1204 1471 447 1351 1480 1356 1102 1234 1364 731 1116 1246 742 879 1266 
2374 1566 1160 1662 1501 
2375 1624 1420 1102 1399 1400 1561 
2376 1057 835 612 868 1228 1487 
2377 1668 868 294 302 
2378 1603 37 1322 523 1585 1204 469 1301 
2379 449 440 1160 170 1322 1195 394 1532 1356 784 656 821 630 759 1400 1116 
2380 1541 6 1542 1160 782 1423 656 1302 1313 1064 811 1711 1716 317 1471 706 206 336 1234 1493 1116 222 351 1122 743 877 1263 1266 630 
2381 1666 394 523 526 1678 1168 913 1299 1556 531 1302 1555 795 1566 670 170 811 300 557 812 692 1204 440 322 457 721 1364 215 1116 222 1507 868 1385 1646 1264 1654 1017 
2382 294 1295 176 
2383 738 1539 1027 581 709 382 1322 587 1070 1462 1400 
2384 833 585 748 302 210 886 1529 1146 
2385 640 1542 775 1420 1423 656 528 272 1555 788 1299 1022 407 916 1561 28 925 1054 1183 1184 1569 418 1189 421 39 555 1451 1707 558 1663 1584 437 1591 185 1596 60 1343 1471 193 706 70 200 201 457 1484 332 1486 335 858 1116 1246 734 868 103 109 1134 1646 1266 373 1142 1399 634 1147 380 
2386 385 656 403 792 798 168 1322 1451 1069 1582 1591 1208 67 968 977 211 1241 1116 865 
2387 1664 416 163 170 523 1100 
2388 513 1282 1539 5 1542 137 910 1423 656 1299 150 1441 1442 424 808 1662 170 172 1064 1329 1588 180 1717 55 1465 316 1471 1603 1351 457 1098 587 1485 725 858 1116 1246 864 226 994 868 102 105 1646 241 1266 1525 
2389 1664 1032 523 781 150 925 1700 1064 170 811 1584 1204 1716 954 189 1471 65 1102 334 1234 1116 736 868 1000 
2390 868 457 170 1451 593 1556 1204 1400 
2391 721 1556 148 
2392 163 440 1064 1096 170 556 141 302 1199 1202 1045 150 1048 1116 
2393 288 868 670 1204 1400 1116 
2394 98 656 1491 1116 
2395 35 1160 1400 
2396 1024 1026 1539 3 1029 6 523 1555 1556 20 534 1558 1560 1561 532 28 1566 33 37 39 1064 1581 46 1070 1073 1585 59 1596 1603 69 587 75 78 1114 603 1116 1630 1642 1649 630 120 635 123 1662 1151 1664 640 1670 656 144 660 150 664 1180 1692 670 672 1184 1706 170 689 1716 1204 1717 699 714 1228 721 210 731 1244 1246 749 1262 240 1266 248 763 767 258 773 777 781 1294 784 272 786 1302 792 804 1322 811 812 1323 1331 316 317 320 1351 842 1356 844 335 340 1365 343 1379 868 870 872 367 1399 1401 891 1403 382 384 1415 904 392 1416 1420 910 1437 925 930 421 1446 424 937 1456 1461 440 1465 1471 1486 471 490 1525 1014 
2397 742 1322 301 
2398 644 549 910 
2399 868 1640 523 526 1116 
2400 1064 170 656 
2401 1444 1000 715 523 335 1400 
2402 868 967 424 200 1706 1323 170 523 812 656 784 824 1043 1716 1301 1400 
2403 868 965 1478 166 460 
2404 1541 394 1263 656 1487 335 
2405 1 1040 1553 1043 1048 28 1313 1699 1534 685 813 434 1717 951 314 712 1485 725 865 102 105 241 1650 
2406 1161 1678 146 1556 1301 1566 414 549 167 424 1591 313 1607 1482 977 1371 737 1251 1637 1015 
2407 1160 138 781 656 1555 1566 1322 810 1323 1325 1716 1334 1591 182 699 1342 320 327 739 357 1512 746 
2408 580 1000 394 242 531 
2409 1409 1603 1662 1204 1465 
2410 868 1064 523 910 656 1555 150 567 1400 
2411 1444 1132 15 656 
2412 1607 1662 146 
2413 864 1664 1188 1607 1261 1070 146 1334 1591 699 
2414 1400 549 167 881 
2415 1539 1541 137 656 784 148 1556 1302 1566 1311 37 1064 424 1322 1662 811 1716 1717 1204 1591 440 1468 1471 195 1098 587 206 1487 1493 733 1246 868 1263 1400 
2416 320 102 440 1545 1662 523 447 702 1038 781 1485 1364 1400 731 1597 
2417 612 388 11 1657 1107 1429 54 1400 633 56 
2418 930 390 1005 173 1010 1588 
2419 394 335 656 1264 
2420 1664 382 1029 774 137 394 526 913 531 660 1556 151 792 1566 670 1700 37 166 1317 170 1323 1070 1204 1334 567 1465 1214 447 1471 581 1356 1231 849 1234 1364 603 861 868 1000 1264 242 
2421 166 774 137 75 913 1364 1334 792 
2422 612 1706 1322 638 1487 1107 531 54 633 
2423 163 424 1032 656 
2424 1155 1097 138 810 656 
2425 1064 1160 1322 170 1485 656 178 
2426 1664 868 774 1064 685 557 656 1204 1462 440 
2427 736 166 6 447 
2428 38 873 170 1102 
2429 549 167 1351 1323 1037 1454 656 1553 1525 1400 313 
2430 1542 904 141 15 656 1423 1042 20 1556 150 795 28 670 1185 1569 39 1064 170 427 817 1204 436 951 1592 1471 579 964 200 1481 1357 1102 1487 1616 719 1234 725 1628 605 479 1251 237 1262 368 1266 1400 
2431 37 6 1194 
2432 6 523 781 526 656 537 670 37 166 170 1323 426 1204 824 440 186 62 1471 320 1348 1102 335 1364 1116 868 1000 500 1400 
2433 2 131 596 
2434 384 771 1032 1034 523 12 16 1296 1301 1558 1302 1700 166 170 811 1584 1716 1332 311 440 824 1597 1352 457 1486 335 80 721 206 736 1505 868 620 
2435 387 1411 1300 1430 670 543 163 548 549 294 1701 1700 170 558 174 1100 80 1376 
2436 930 678 1322 784 1400 795 
2437 1664 288 1000 745 170 1706 1322 1070 1553 1138 531 1204 
2438 1664 382 1029 774 394 526 656 913 531 660 151 792 1566 670 1700 37 166 170 1069 1070 1204 1465 1214 581 1231 975 849 1234 724 1364 603 861 868 1000 1264 242 1400 
2439 440 1032 1204 1400 
2440 514 4 774 1160 137 394 1034 141 656 146 916 148 1556 407 668 925 1054 1566 542 414 931 424 1064 1322 685 435 1204 1717 1588 440 185 314 1212 1471 1607 1356 718 83 1624 380 1116 93 222 1248 1121 631 1132 1399 1400 1276 
2441 1536 1542 1160 779 907 1423 1040 529 402 916 662 22 150 925 669 1183 1184 1054 1444 1189 421 937 1578 813 1326 302 435 949 1717 951 823 1086 579 718 79 725 93 605 1248 237 1262 496 
2442 1539 773 6 1416 394 523 526 913 146 531 1555 1556 1043 281 410 795 286 1311 1566 414 1064 1322 1451 426 1194 1710 1327 564 1205 1332 1204 824 440 1214 1471 320 449 322 453 1607 587 1356 331 846 1487 335 721 210 1234 1364 341 1622 343 215 92 222 871 1000 109 760 1392 242 116 888 1399 
2443 672 997 197 1611 
2444 544 1186 677 1387 812 1069 975 656 917 1334 215 1400 378 
2445 394 656 793 283 1566 553 1322 1195 1662 1323 170 432 1591 1471 579 1603 1350 460 1356 1104 1491 343 1116 222 1246 738 760 1523 1271 1400 
2446 1539 1029 141 1678 15 656 1302 150 925 1566 671 424 1064 811 1070 1716 567 1471 453 587 474 868 229 368 1010 1276 
2447 1026 1542 1552 1040 16 32 1059 549 1591 574 1090 1607 585 1100 1106 1624 1127 105 107 1135 116 630 118 1147 1151 1670 134 146 158 1183 163 1700 167 1708 685 689 690 1202 1716 1717 706 1220 709 711 712 209 210 725 748 752 241 754 1273 763 255 775 1295 784 1302 1307 287 1313 291 294 296 811 813 302 815 305 311 313 314 1364 1365 1368 1375 1383 873 366 1395 1399 1402 1403 386 387 1423 400 1433 414 424 1455 947 951 955 965 
2448 1603 774 1160 1323 656 1234 242 1556 631 
2449 774 151 824 153 603 
2450 1664 1416 460 1485 
2451 1024 1030 521 656 784 148 1301 285 1054 424 1064 1322 1662 1070 1204 440 447 448 1471 968 846 595 83 858 734 631 1400 124 
2452 641 526 656 1556 792 795 670 1566 1064 424 1322 812 1717 1462 440 1465 316 1214 1606 1222 1486 1487 341 725 863 739 
2453 1024 1064 1322 656 1591 1400 185 
2454 1122 1541 775 782 1263 1711 
2455 1442 356 377 1227 1420 1677 178 309 
2456 1476 1317 774 170 1204 
2457 166 774 893 660 
2458 676 549 548 
2459 133 230 555 1675 1486 366 1167 400 1584 788 1717 
2460 386 1155 260 646 523 1037 526 15 400 913 1050 1566 670 1184 421 1322 1323 812 170 559 947 1716 1204 185 954 1470 1471 1090 70 1097 1486 719 1616 1102 334 1491 83 1364 858 1246 866 868 1383 366 
2461 672 1666 414 868 1607 1064 1161 1322 1678 1102 824 146 1399 1400 858 1117 
2462 774 440 1566 1063 106 1678 1204 792 378 
2463 1700 210 1621 
2464 962 1322 621 792 
2465 1538 1018 898 1678 15 784 913 894 399 1022 792 1437 1054 1566 672 286 288 163 549 678 1574 1064 166 1662 170 1317 1069 1070 167 48 689 690 1204 1717 564 1591 55 1465 313 1471 447 833 581 75 1485 1102 461 1362 851 1364 1365 868 102 1129 617 109 1389 1264 1649 1268 1399 1400 890 
2466 1029 394 1038 656 1556 1301 1180 670 37 170 812 440 322 222 736 1136 501 507 893 
2467 394 1677 656 665 921 410 1060 553 1322 1195 1070 305 1204 1591 185 1471 738 357 1511 232 873 1650 
2468 1027 650 523 1294 1040 913 531 660 1700 1317 37 168 1321 1322 1069 813 1073 1588 1204 54 1591 440 951 1342 1471 322 1603 1606 200 1487 1233 1234 1362 1364 1107 728 1246 1000 1266 242 755 758 1399 1400 
2469 672 1247 549 249 1322 1081 
2470 1539 1156 774 1160 141 786 1300 410 1179 668 28 1566 670 287 32 163 1316 549 167 1322 170 812 301 1455 1456 435 1716 1717 950 185 313 1471 833 709 1480 1609 968 587 457 974 1487 335 209 726 343 600 90 1248 996 357 742 868 874 1136 1399 
2471 288 424 457 170 670 1556 
2472 512 3 393 15 656 915 1556 668 1569 424 1707 427 1070 185 60 316 579 1352 200 1098 1485 467 1245 1501 102 1649 1396 1654 
2473 739 1400 1566 170 555 1322 670 1134 881 440 988 
2474 195 1559 425 172 592 1044 884 278 1591 728 
2475 1156 773 1032 521 523 1676 141 656 784 400 1555 1556 531 1302 767 537 1177 795 925 424 168 1322 1706 811 1069 1323 1327 1716 1204 566 692 824 1471 1090 206 335 1365 726 216 863 736 1377 366 238 242 
2476 1664 3 1539 6 1032 394 1038 15 656 783 1171 1043 279 668 1054 1445 424 1322 1706 811 170 1070 1716 1717 1204 951 440 185 1082 822 1471 1092 587 1102 1487 1234 856 858 474 1116 222 1246 1251 1637 1255 1385 1130 
2477 1541 1672 1420 141 1165 781 656 913 782 146 1561 28 1437 1566 414 35 804 1063 424 1449 1322 1579 1662 1711 561 1332 440 1471 320 1472 838 1607 1356 1102 721 1491 1493 215 1116 1117 1246 222 738 1122 868 873 1263 760 1136 1010 1138 630 1399 1400 1017 
2478 440 1322 811 170 1662 656 1400 1017 858 
2479 548 549 676 167 1573 1289 1451 1421 80 405 1239 
2480 738 1385 1662 457 1400 795 
2481 131 1678 656 294 1706 1323 170 1716 1204 440 1471 1603 596 1109 347 1116 868 1128 
2482 97 549 1163 748 558 1486 1428 1557 
2483 773 6 266 1165 1295 784 662 795 1692 1056 166 1063 1322 426 940 428 1070 1332 181 440 1471 449 838 1480 330 203 331 335 721 342 343 858 1372 92 353 483 759 
2484 864 1607 146 
2485 121 1322 877 847 185 
2486 513 1282 1289 140 1421 1552 18 405 926 543 1442 548 549 1573 676 167 302 1329 180 1717 569 585 80 725 1239 1246 1375 485 1127 359 105 748 
2487 258 1156 1542 523 781 1423 656 16 400 767 1556 1302 795 670 286 931 424 1322 170 811 685 1194 1323 1069 1716 181 311 824 440 186 1471 449 962 1603 580 457 842 1486 206 335 210 343 90 731 1628 92 1246 223 738 483 868 621 366 238 1136 501 1018 
2488 384 1156 1029 6 1413 394 523 526 1038 913 531 148 1301 150 407 1556 1566 670 1317 166 1063 424 1322 1194 170 426 1070 1456 1204 1717 1591 440 1465 702 1471 322 581 457 842 330 331 1610 335 721 215 858 603 1116 222 863 736 866 868 1000 1642 876 622 
2489 385 1675 493 210 691 403 1621 211 1399 1241 475 924 
2490 1664 774 1416 1545 394 781 531 660 1300 1556 151 792 1433 537 1566 1204 1334 320 331 1102 975 861 222 364 
2491 1322 141 1102 
2492 868 1194 394 
2493 1029 1580 656 863 
2494 774 1662 1069 1204 861 
2495 382 1666 1285 902 1543 1034 1674 523 141 526 781 656 272 1553 146 1428 1304 1308 1566 414 416 549 1534 165 1064 166 1322 1706 811 1069 170 431 301 177 1201 54 313 186 62 1471 576 1603 965 581 167 460 1100 1485 1102 80 975 206 848 1364 1107 343 474 1116 92 606 1246 737 226 1635 868 503 102 742 748 1264 754 1266 1010 1399 
2496 1156 133 523 526 1678 272 656 15 528 1044 531 1564 1566 806 424 1450 1323 812 685 1332 567 1465 314 1598 1471 581 1234 1364 1237 88 868 1000 1513 242 1138 
2497 1536 1155 1316 1097 810 138 45 974 562 
2498 548 676 1289 80 
2499 440 137 845 150 1400 
2500 769 868 1446 871 170 75 556 1662 1107 1364 1365 54 
2501 868 424 1640 1322 523 1323 141 656 1584 242 1400 
2502 1603 1700 1029 440 1283 137 842 721 570 1400 1178 222 
2503 1664 868 774 1382 137 170 1610 526 1678 1264 242 1204 
2504 1063 170 523 721 
2505 320 833 1194 1388 781 1420 656 881 499 1716 
2506 289 866 1603 37 1000 1231 1264 660 1332 1364 439 1017 411 
2507 1541 6 1543 1034 11 15 1553 1555 1566 1070 1074 1588 54 56 59 1602 1607 1098 1102 1107 603 1116 1117 1115 1122 612 109 1649 1657 633 638 1662 639 656 146 153 154 1692 165 678 170 1711 1204 702 215 1246 222 232 1263 759 782 1300 277 795 286 288 804 1317 1322 320 834 835 334 336 1362 851 1365 343 1372 863 868 875 1399 1400 388 913 1429 414 418 428 439 954 1471 1485 975 1487 1491 1493 1001 500 
2508 868 774 1566 75 1204 440 603 1180 
2509 866 1038 457 1226 523 1486 526 1294 335 1234 531 1204 1301 1364 
2510 512 1024 2 1029 6 1035 523 526 1038 531 1044 1556 1052 29 1566 1054 1569 36 37 1064 1070 1584 1587 1591 567 1597 1603 581 1095 1610 75 76 1099 596 603 1635 1639 103 1642 1138 115 116 1659 1662 126 1664 1663 642 131 1156 133 1669 136 1165 1678 1168 660 151 1176 1179 668 156 1180 1183 670 1700 166 168 169 1706 170 1707 686 176 177 1204 693 1207 185 1214 195 709 200 714 204 1228 1231 721 723 726 1245 736 738 1265 242 254 776 784 787 1301 792 793 1308 1311 288 1322 299 812 1328 817 819 1332 322 1356 1358 335 1364 858 1370 863 866 868 1382 1385 1399 1400 889 382 901 1414 1413 1416 394 913 411 927 426 948 1462 440 1465 957 1471 457 1491 469 1499 991 992 1505 
2511 1664 146 1428 1557 790 414 287 672 32 1059 808 1455 689 1073 951 696 1219 1221 1607 718 209 606 97 997 
2512 1678 660 411 795 29 1566 1696 547 1700 1317 1662 1070 1334 447 452 331 1102 603 992 500 758 507 
2513 388 1034 11 1040 1553 1657 146 1429 414 287 32 1534 45 813 1455 690 1330 1717 54 951 56 952 315 838 1607 336 209 1107 725 1116 612 490 633 1399 1528 1401 1276 
2514 576 1029 1486 1070 656 689 50 1556 1301 1365 917 408 570 
2515 1024 5 646 394 781 1677 787 149 795 1566 1054 1322 48 1588 1204 1334 317 1471 320 1472 1348 1604 200 331 975 858 1116 222 1246 1646 1649 114 
2516 1666 772 1543 1674 1292 526 656 788 277 1302 1432 1179 1566 543 670 163 549 1574 167 1064 1322 811 1323 1327 1584 1074 1204 1207 440 313 571 699 317 1471 706 1228 1356 718 1487 849 1235 93 1246 863 1636 357 876 1136 113 498 1651 242 1017 
2517 145 146 533 1434 414 544 1064 1322 1208 447 1607 841 203 976 465 594 1362 852 1246 365 1011 
2518 898 272 656 146 1171 279 29 414 287 32 1455 581 198 1607 209 1234 1106 1362 1116 1255 1128 502 1399 
2519 1029 136 1194 426 913 531 440 861 
2520 32 1455 209 690 
2521 1160 1675 1116 656 440 
2522 14 15 1040 1683 1563 1693 1566 680 1451 940 813 435 53 1591 951 1083 445 1342 1221 968 718 592 210 83 852 1624 731 992 1248 365 1010 1653 1399 1400 763 1148 
2523 388 1541 1034 11 782 656 400 1553 1429 1534 1711 54 56 835 79 1487 335 1107 1493 1116 1246 1630 1122 612 366 1263 633 1657 
2524 440 1322 366 526 656 144 242 400 1716 660 1204 567 1400 948 
2525 1411 145 1553 146 1429 925 414 287 32 424 1321 1322 1455 1072 690 54 1603 1607 209 850 1107 858 603 1256 362 748 242 630 1399 
2526 1539 774 1160 656 144 286 1317 1064 1322 685 1070 301 1588 1204 1334 1591 314 827 322 587 1622 742 1649 1266 1400 
2527 1664 170 1322 1264 913 1201 440 1433 
2528 1035 523 526 1038 531 1556 1044 1052 29 1566 36 37 1070 1587 567 1597 1603 581 1095 1610 1099 1102 603 95 1635 1639 103 617 1642 1138 115 116 1659 126 1662 1664 642 1156 1669 136 1165 1678 1168 660 151 1179 156 1180 1700 166 168 169 170 686 177 1204 693 1207 1214 714 1231 721 723 726 738 1265 242 776 787 1301 792 793 1308 299 812 1328 819 1358 1364 1370 866 868 1382 1385 382 1413 1414 1416 394 913 411 426 948 1462 1465 957 1471 457 469 1499 991 992 1505 
2529 513 1410 1539 1411 1029 394 1677 144 913 1043 793 1566 930 166 1063 553 169 1323 1705 1070 47 1204 180 1335 440 317 1471 322 587 1356 1102 1234 1364 1369 1627 120 989 738 99 100 107 110 1397 1400 
2530 512 781 656 400 1556 532 1436 1566 1439 544 1314 424 1064 1192 1323 1707 301 1714 435 1716 1332 186 699 828 1211 60 1471 833 200 203 719 1616 721 1365 1116 1245 1246 1248 481 742 232 233 366 1136 754 1400 762 
2531 1382 1662 242 1556 1364 
2532 1666 1156 1038 1301 1054 930 37 1322 1194 170 1070 1204 1717 440 1471 320 322 1228 1487 335 1361 725 1372 1628 476 863 1637 743 1400 
2533 1607 586 146 
2534 394 1420 400 1048 1561 410 1316 37 1322 954 1471 1486 1487 974 334 343 868 366 
2535 1160 11 366 656 400 1588 
2536 1476 357 6 804 424 489 1322 1706 1194 1364 1400 
2537 1248 1155 6 1032 1097 656 435 1204 1400 828 
2538 1186 738 868 1413 424 447 43 1070 335 656 1301 316 630 1400 1116 
2539 1566 1064 331 1323 526 1038 335 913 1400 476 1052 
2540 450 1603 232 424 1322 656 
2541 137 170 526 1234 
2542 992 931 1029 1385 428 1070 335 1103 1204 1205 254 888 
2543 975 1233 1044 
2544 640 1542 1503 1423 879 751 1008 531 1556 1269 150 
2545 1059 1444 1607 79 496 951 145 146 148 1591 
2546 1632 102 1322 1485 1553 
2547 640 512 1542 265 393 1037 1423 1169 531 1556 150 1047 1433 795 1058 170 427 692 440 700 1596 572 447 1347 1094 1351 200 845 849 979 467 84 860 479 1503 99 1379 879 1008 751 1266 243 1396 1269 1525 380 1659 252 
2548 288 1664 483 868 1603 1566 871 781 1294 15 1069 1678 1465 
2549 784 531 1558 1184 1700 37 421 1322 1069 1716 1204 1588 1591 834 1602 606 1246 1264 755 630 1399 
2550 1603 1322 170 1069 1234 242 1204 1364 1558 1400 
2551 643 1539 1541 1678 656 767 531 1301 1043 1431 279 1171 1566 1534 1064 1193 170 1323 1535 1070 1334 1465 827 1471 447 714 587 1484 335 1487 1234 724 1493 84 1116 476 1373 736 1255 1263 114 246 
2552 1024 391 1546 656 148 660 407 925 1064 1322 170 440 442 1471 322 983 858 
2553 137 335 1138 1400 
2554 833 963 308 
2555 868 549 1700 167 1064 1034 394 1070 1266 1204 148 1364 407 313 1116 
2556 1667 1156 774 1288 521 1034 526 1275 656 767 1302 537 287 32 1569 168 170 1323 811 1069 1070 431 1455 1201 690 1204 1716 1205 567 440 1471 449 322 718 1102 206 209 1364 215 1116 1639 488 617 1000 490 103 113 242 755 1400 1017 
2557 424 170 394 1662 426 1262 1716 
2558 1155 138 523 141 15 656 1682 531 1302 1065 810 811 1322 685 427 431 815 943 435 1204 182 952 314 443 1471 191 967 1097 1228 1485 846 719 1616 206 847 1621 1116 1248 868 357 232 1258 881 1397 1014 507 635 
2559 1029 1048 1566 1183 1322 1325 1456 1204 1334 1591 699 828 1356 1491 1364 341 1365 1246 864 1511 
2560 1471 976 851 281 
2561 1664 772 137 1037 787 795 1566 1700 1323 1451 1069 1070 1204 447 320 1472 1471 1102 1364 215 1378 
2562 738 1606 170 1035 656 242 1400 
2563 1541 137 1487 656 1263 1587 1493 440 
2564 1603 1662 440 795 
2565 70 1160 1134 1486 1717 
2566 738 1029 440 1322 759 330 394 721 1234 215 
2567 1539 523 529 1555 22 535 536 538 37 1064 1069 1588 1589 1591 1607 1611 587 1623 1624 1116 93 102 1132 1149 1151 1663 141 656 146 150 668 673 1188 685 1199 1716 1204 185 699 192 709 712 203 1228 718 206 1246 1248 742 232 238 1262 242 248 767 769 777 272 784 1302 286 287 1322 1323 811 301 314 317 334 347 866 366 1399 1400 1423 400 410 1438 414 417 435 951 954 1471 453 460 1485 1487 475 
2568 640 1542 1423 531 150 
2569 226 1666 872 1322 1204 1716 
2570 1476 1662 656 
2571 774 523 656 531 404 1301 792 793 1322 426 1204 440 570 1083 1471 845 852 731 1116 351 1000 755 503 
2572 1566 1070 1204 
2573 1664 1603 137 1264 1204 
2574 394 331 528 1266 1588 
2575 1027 1559 1591 425 855 272 592 884 278 1399 
2576 1603 1699 742 1064 1069 1102 685 656 301 1716 
2577 294 332 813 1040 951 19 1623 
2578 1542 1160 1423 656 16 400 150 1302 668 1566 1064 170 811 301 1716 311 185 706 460 206 868 742 366 1400 
2579 523 269 786 1043 
2580 170 1322 1364 343 
2581 1541 1263 656 1487 1010 
2582 1096 1199 1457 1683 1653 886 
2583 440 1322 394 656 1301 
2584 866 868 772 440 1566 1064 170 1662 394 1535 1102 335 656 951 1400 
2585 424 343 1400 
2586 1027 1539 779 781 656 1301 152 280 410 1432 543 163 549 1322 1067 1204 1717 313 1471 70 587 1486 1487 1235 725 343 105 241 1651 630 
2587 898 1541 774 15 656 146 148 1556 407 1566 414 1451 1070 1471 1607 1487 1493 606 738 1263 1266 
2588 1024 1027 1539 1034 1048 1054 1060 1064 1579 48 1076 53 54 1591 571 1607 1097 1609 587 592 1107 1624 91 1116 1123 1636 105 1133 109 627 118 630 1151 1154 1155 1667 1160 138 1677 656 146 1688 671 1183 1188 678 1706 689 1716 1717 182 700 189 206 237 1266 763 255 1285 261 265 277 1302 287 801 802 1322 811 810 1325 817 317 833 1362 852 341 858 1372 366 373 1399 1400 910 400 414 930 1444 1451 941 440 1471 447 1486 1487 1497 479 1000 503 
2589 1027 891 1700 714 1322 235 1356 1102 622 1165 170 975 1400 795 
2590 1664 382 650 1038 1681 531 660 670 1566 289 1317 169 1204 1205 1462 567 1465 1471 1603 580 457 714 1364 215 603 861 863 1514 1264 242 755 
2591 1414 774 44 1069 1038 1678 1234 1204 1687 122 1180 861 
2592 288 1322 1355 1070 1116 177 1400 315 
2593 6 394 781 1070 656 404 1204 440 
2594 1156 37 6 327 746 
2595 706 1541 200 1263 656 
2596 1283 6 1400 
2597 545 1603 1541 1000 1263 
2598 640 263 777 393 656 1564 925 288 418 60 197 200 845 1623 1245 490 1262 501 1401 
2599 424 1000 1706 1264 531 1204 1301 
2600 1154 874 1259 656 817 343 1275 
2601 382 1700 1584 1234 404 1364 
2602 868 774 1400 
2603 388 1541 1034 11 782 656 1553 1429 1534 1711 54 56 835 1487 1107 1493 731 1116 1122 612 1263 760 633 1400 1657 
2604 1156 526 242 
2605 774 170 1364 
2606 992 742 1160 1322 1323 301 366 718 656 400 531 1716 
2607 1160 910 1553 1299 1177 925 1406 549 294 806 167 812 1198 1584 692 1717 185 313 316 457 1485 461 467 345 1246 98 1507 102 236 1646 1649 1400 1147 
2608 1664 774 1416 1035 781 526 1678 1038 660 1044 411 169 300 1328 1204 1465 447 320 1471 581 1358 603 1379 1385 1642 242 
2609 1700 132 792 
2610 6 1032 526 664 670 931 804 166 1064 1322 812 1332 440 824 702 1471 322 457 335 336 1246 736 1000 876 238 888 
2611 774 1001 394 331 1356 1334 
2612 1027 1160 1416 137 1163 525 783 1556 1064 1193 1706 424 1204 1465 322 1603 842 1365 1116 861 1373 737 872 1387 242 1017 
2613 170 1070 1231 660 1204 
2614 738 656 1649 54 150 
2615 440 1000 170 1323 1102 526 531 1204 767 863 
2616 706 170 523 702 656 1266 150 662 1400 1302 1116 
2617 440 394 335 
2618 1024 1666 1294 784 1566 670 549 167 1069 313 59 1471 833 1102 91 1246 1378 868 1129 1264 627 
2619 350 771 772 104 1420 1485 1005 399 816 848 339 157 1561 
2620 781 1678 1300 1566 170 1204 821 1334 1471 75 1103 593 979 1364 215 348 868 
2621 656 664 1566 1183 1064 1322 1710 1204 954 1471 1218 334 1487 975 726 863 357 1400 
2622 868 1541 1678 1263 656 1556 1493 1204 1177 
2623 448 680 1132 237 1070 594 1716 
2624 1664 1410 382 1156 1029 774 6 1283 650 526 531 1556 660 404 151 792 23 1180 1566 37 166 170 1323 426 1194 1070 1204 1462 567 440 1465 1597 1214 1471 1344 580 1606 1480 1356 845 849 1364 84 215 603 861 863 736 738 1379 868 1000 106 876 622 1264 240 242 114 755 888 1400 1017 122 
2625 6 1032 138 523 394 781 526 1165 656 1043 404 531 795 1566 804 37 810 1322 1323 170 1715 1204 182 699 702 1471 320 62 1472 1356 1102 335 81 215 731 222 866 868 1000 618 760 1400 891 
2626 811 1132 366 206 656 16 400 1716 1302 
2627 874 1134 1487 1716 
2628 1285 1420 1165 784 913 531 1302 1561 1179 1566 166 170 811 1204 1332 1334 824 1465 316 1471 1485 206 1364 215 863 868 102 1264 242 
2629 781 146 660 278 1559 1437 1566 414 549 167 425 1706 1322 433 563 1591 313 1342 833 1474 1607 592 507 597 343 728 1624 731 349 1246 737 615 616 363 881 372 884 246 1399 
2630 1662 1070 562 1204 1364 
2631 1536 706 1059 1607 15 145 210 146 148 
2632 1160 137 523 109 656 242 1400 
2633 1029 774 143 656 530 1556 1051 1662 1204 440 570 447 320 322 837 1098 468 603 868 618 254 
2634 294 424 394 656 531 150 1399 
2635 255 70 170 1259 12 523 1486 656 1296 1400 
2636 102 678 1485 461 595 1268 
2637 672 1507 548 676 1289 
2638 842 1487 656 
2639 868 1700 424 170 1662 272 1044 1301 1400 
2640 1541 1064 1263 656 1487 1493 
2641 272 1553 1688 283 1566 163 1699 678 553 1322 1706 1198 687 435 1205 1471 447 335 1362 343 857 1116 1246 1248 738 1399 
2642 1603 170 1322 394 1487 
2643 1035 523 526 1038 531 1556 1044 1052 29 1566 36 37 1070 1587 567 1597 1603 581 1095 1610 1099 603 95 1635 1639 103 1642 1138 115 116 1659 126 1662 1664 642 1156 1669 136 1165 1678 1168 660 151 1179 156 1180 1700 166 168 169 170 686 177 1204 693 1207 1214 1231 721 723 726 738 1265 242 776 787 1301 792 793 1308 299 812 1328 819 1358 1364 1370 866 868 1382 1385 382 1413 1414 1416 394 913 411 426 948 1462 1465 957 1471 457 469 1499 991 992 1505 
2644 394 781 526 656 153 1566 670 1054 1064 1706 1322 1070 181 570 1471 959 449 1485 975 337 215 1246 868 998 488 1385 1649 114 1266 
2645 1664 962 868 1029 670 781 1070 531 660 29 
2646 1664 1379 580 1160 1640 426 330 526 531 1204 1556 863 567 1400 1364 
2647 1186 868 670 685 656 440 
2648 162 163 1411 1250 294 936 107 1295 703 1106 118 
2649 163 1096 1199 1423 1457 
2650 835 612 1487 
2651 1420 146 281 1561 1532 1054 287 32 1059 1322 1455 1328 1204 957 322 209 1624 857 92 1372 1246 102 235 118 1399 
2652 1664 1553 146 414 418 549 1062 1662 51 567 313 1607 1486 1487 335 1624 1626 1399 
2653 868 549 1471 457 702 1486 656 1266 1491 1043 1399 1400 186 924 
2654 1400 1160 656 784 668 1693 670 1699 424 1064 1070 1716 1204 1591 185 1090 195 1612 1485 1102 1626 858 606 222 868 1262 757 630 254 248 
2655 32 549 1574 543 1455 80 209 281 
2656 1400 38 329 656 1588 440 
2657 1070 242 1204 
2658 1566 523 1301 1400 1597 
2659 868 1064 1322 523 141 15 531 
2660 1664 1603 868 1029 1000 170 670 300 1234 242 116 1465 861 
2661 322 166 1064 394 812 
2662 1064 170 394 242 948 1400 
2663 1536 643 523 908 1045 150 536 289 170 1199 1457 188 704 579 1096 1231 463 1494 
2664 388 612 811 11 639 656 633 690 1107 1429 1302 54 56 1657 
2665 137 394 1037 787 1364 603 
2666 1156 6 394 781 526 1038 531 1687 1566 931 37 170 1204 567 1465 1471 581 76 335 851 215 861 240 1142 1271 1400 
2667 1156 812 1678 242 1204 1400 795 861 
2668 384 773 523 142 660 1302 795 931 1064 170 811 1716 1204 440 1471 449 322 
2669 1027 1285 1029 1035 1038 913 1566 804 37 1662 1465 1471 1115 989 223 114 1400 
2670 1184 1189 421 1471 656 1266 916 
2671 1603 1607 146 
2672 161 549 775 1160 167 1662 784 1204 1365 630 313 1147 1116 
2673 868 555 558 1486 788 
2674 1280 1543 169 1514 523 1038 656 948 1400 603 1372 
2675 1024 391 170 426 1546 719 656 1616 335 858 983 1400 442 251 
2676 833 70 1259 1486 1134 
2677 640 845 1070 1266 1269 700 
2678 1566 136 335 656 1204 1400 891 
2679 769 772 901 1553 1684 1429 23 544 294 1534 808 54 703 833 1474 70 71 457 1486 1107 612 499 633 
2680 864 1591 146 
2681 512 1027 1541 13 1553 18 1555 1556 530 1047 535 1051 1569 1058 1572 37 551 1579 1070 1585 1588 54 569 1596 60 1091 1094 1098 76 1102 81 1107 1630 99 618 110 1646 1651 1142 1143 634 125 1150 638 640 1665 1663 1667 1671 136 651 1676 141 1169 1681 151 1177 1192 1707 692 183 1210 187 700 200 1226 204 205 1230 1235 214 216 219 1245 734 222 738 232 1263 1264 243 1269 247 251 252 265 1299 793 1315 1322 1324 825 320 1347 837 332 333 845 335 849 853 857 860 879 368 1396 376 380 897 393 910 1424 913 915 1429 1432 925 427 1451 1460 440 1471 447 967 457 1484 977 1491 467 1493 989 479 994 1507 998 486 1001 1515 1008 508 
2682 388 1541 1671 1034 11 12 782 1678 656 1296 1553 1429 1566 1697 1534 1198 1711 1584 1582 1204 54 56 702 835 70 1352 204 1486 1487 1107 1493 214 1116 1122 612 868 1263 633 1657 508 
2683 1664 388 1029 1541 1160 638 1034 11 782 656 1553 1429 801 1188 1534 1193 1069 1711 54 1334 56 1603 835 1487 1107 1493 1116 1122 612 1263 633 503 1657 
2684 868 523 1400 795 
2685 774 440 1566 137 1610 975 1204 792 603 861 
2686 1603 868 1035 1037 1070 526 1264 531 1364 1204 
2687 440 1322 1451 1070 656 784 1400 
2688 1377 1064 523 784 
2689 1607 146 1399 
2690 1553 1107 1429 
2691 866 1317 774 1322 1662 170 141 781 335 656 1204 1400 1017 1116 
2692 1541 656 1311 544 424 1322 1588 317 1471 320 1485 1487 335 975 1493 120 1246 868 1263 1649 1266 1399 1400 
2693 1028 1545 1547 1678 1043 404 1433 283 1566 1317 1070 818 62 447 1603 1102 975 1234 1113 1370 992 1392 114 1400 891 
2694 1602 834 177 1362 
2695 1446 102 1322 1662 523 1102 283 
2696 1024 1556 277 1048 672 1700 549 1574 678 422 165 1662 167 564 313 188 1471 1485 1364 1246 892 
2697 289 774 394 1484 1069 792 1266 242 1204 1556 1400 603 1180 861 
2698 1057 899 1322 331 170 1400 601 
2699 294 710 82 1491 1588 
2700 868 774 440 170 861 1069 242 660 792 957 
2701 320 1566 1322 300 622 242 1400 
2702 1662 1610 1364 1204 1180 
2703 1322 1102 755 1400 603 
2704 1132 813 1040 656 951 1399 
2705 320 35 1156 868 1000 138 170 810 781 656 1716 1364 182 
2706 1664 1666 1156 6 774 1032 134 781 141 526 656 1294 786 1555 1044 1043 531 1687 537 1437 1566 670 1057 163 1700 38 1063 169 1322 170 1323 812 302 815 1582 1585 1584 299 440 1465 1471 835 965 1222 581 457 75 1358 1103 336 1233 721 979 1364 726 1111 90 222 1037 868 1038 620 876 621 1136 242 1138 500 1141 758 501 1400 1017 
2707 68 37 868 1032 1471 170 811 523 206 526 1102 913 1302 440 
2708 163 549 167 
2709 512 523 526 15 1555 1044 1566 1058 1064 1579 1584 60 98 1646 1649 1659 125 1662 1151 640 1156 1676 141 656 664 1177 670 170 1707 1204 692 1221 200 1226 205 206 1234 211 216 1241 219 734 736 242 1266 767 265 1299 1302 798 804 1322 811 812 827 322 1347 845 334 848 849 1364 860 351 868 879 1400 385 897 910 403 1431 925 930 440 954 1471 457 1484 467 1507 
2710 868 1640 242 
2711 128 1027 393 394 1034 526 1038 531 1432 1308 37 168 1069 177 440 1465 447 1471 1603 461 1485 335 1491 1235 731 1116 738 1379 102 106 1651 
2712 792 538 163 549 1322 1451 1589 567 313 1485 338 1362 1624 731 1246 1645 1399 1400 891 
2713 32 1250 1411 996 1607 936 1455 209 690 146 1399 1624 
2714 549 167 1607 146 1399 
2715 1539 1029 6 394 523 804 166 1322 170 1205 1471 580 842 587 335 1116 868 1256 106 116 
2716 136 457 1102 1486 1264 335 824 
2717 512 288 1156 868 200 299 910 656 1044 1017 60 
2718 1413 136 523 1292 1678 1038 531 154 1692 1566 166 170 1323 1204 1462 1465 1597 1471 1102 975 335 1233 1234 1364 603 861 868 1000 
2719 523 781 141 656 913 400 795 1566 670 424 1322 1194 170 1716 1471 322 1356 603 
2720 1400 1160 15 656 879 242 248 
2721 549 1447 1566 106 526 1456 1400 
2722 322 169 526 1400 537 861 
2723 1156 394 523 335 242 1204 
2724 1029 166 440 335 531 404 1204 1205 567 948 
2725 1027 868 170 343 
2726 1541 141 15 656 1553 534 1698 1534 1322 305 954 192 833 69 203 844 334 1487 1493 1501 1263 374 1399 
2727 680 936 1420 1262 718 1303 1490 1106 690 23 1561 155 188 
2728 1662 526 335 1204 440 
2729 1664 382 1027 962 1029 169 266 670 526 1102 177 242 531 1556 1044 1204 
2730 384 394 1301 
2731 322 440 6 394 426 170 526 721 242 1204 1556 
2732 1027 776 1545 650 913 1555 792 795 1052 43 428 812 177 692 1332 1462 1204 1471 721 979 469 603 222 1001 106 1266 
2733 738 1027 678 1566 170 1400 
2734 738 1027 457 1165 1646 1299 692 1300 
2735 414 549 1029 1607 328 169 1662 702 792 146 1399 1400 313 1563 
2736 868 1317 1382 136 170 526 760 1400 
2737 523 1037 1678 526 1296 23 1566 170 1323 812 1069 1584 1204 959 1603 70 75 1486 1364 
2738 1379 1416 43 242 
2739 1201 242 603 
2740 1024 1539 903 1160 1553 148 1684 407 1050 1054 287 414 680 1322 428 1325 1470 1607 587 1106 852 725 343 1624 858 1262 
2741 1070 335 1234 242 
2742 1218 1059 868 294 1607 680 1262 1295 1009 146 662 1399 1434 
2743 774 170 1204 
2744 896 1505 440 1064 1322 526 1234 242 1204 1332 1400 1116 
2745 394 523 1678 656 1556 670 1063 170 1323 1069 1070 1204 1205 440 1465 1471 320 849 1364 222 1121 868 876 
2746 1664 769 6 138 523 394 781 656 786 1556 1301 1050 1566 1064 426 1322 170 1069 1451 810 1323 182 440 1465 186 1470 1471 842 1228 1487 335 858 1116 222 868 1000 
2747 1027 868 137 1471 1323 1070 1204 1205 
2748 1603 1700 170 523 
2749 523 531 151 300 301 1204 1591 1465 320 724 215 603 992 742 1382 1264 755 
2750 1400 357 742 1064 1323 301 656 1682 658 786 503 952 828 
2751 1145 387 900 775 1289 1421 399 1040 405 277 1048 1560 920 24 543 417 162 1441 676 548 549 167 1573 297 1450 171 935 813 685 815 943 1070 1458 940 172 163 565 951 1079 185 313 1075 64 193 577 967 1352 1354 462 80 1106 1237 854 471 1239 1535 1500 604 121 1123 484 227 104 1256 107 750 1647 879 1397 629 632 377 
2752 1024 509 1673 1551 656 1040 529 146 148 662 407 22 278 410 1559 284 157 1054 287 32 1566 930 414 425 1322 1451 813 1198 1455 944 1073 690 1330 1588 1072 951 1591 192 453 1607 203 718 592 209 210 83 1491 1365 850 1624 858 225 1256 1262 884 1399 120 1403 
2753 128 1322 670 812 1356 721 
2754 903 1160 779 1295 656 916 1556 662 790 1686 407 148 1303 1054 1183 1313 1699 678 1062 680 1325 689 951 185 701 718 79 465 1619 88 1116 1130 877 1262 1268 757 630 1399 249 
2755 523 1400 62 
2756 1644 1069 975 
2757 1029 1541 1487 656 1136 1263 1301 1493 
2758 1322 394 14 1487 656 
2759 170 1165 242 851 151 
2760 1000 136 169 207 721 1138 1204 948 863 1334 1400 1207 861 
2761 1664 1344 382 1027 1156 1222 1322 670 1102 335 656 593 1556 
2762 641 1156 526 1423 537 170 811 1323 1584 1471 192 453 76 1486 1364 92 868 242 
2763 1541 6 170 1102 1487 656 1263 1493 
2764 1155 1097 138 810 
2765 1607 1566 146 
2766 1664 1029 1566 170 1556 1204 1400 
2767 1385 170 1322 1662 1102 
2768 1700 1566 331 1678 
2769 1566 170 1204 1400 
2770 1696 868 1566 1585 1074 1214 
2771 1024 1667 265 394 651 13 781 270 656 1038 1177 795 1054 1566 1317 169 1322 427 1579 1194 301 1069 1204 59 572 60 1471 1599 320 447 454 200 1098 845 1102 205 81 467 1364 215 858 91 1116 1115 1246 863 90 1121 99 742 760 1266 243 1396 242 1400 
2772 1541 138 656 146 662 414 810 1324 182 1220 1607 1487 977 1493 1624 1132 1263 
2773 1664 1666 773 266 523 142 535 793 410 28 287 32 170 1322 1455 1204 440 824 186 699 1471 209 81 343 737 
2774 1024 1665 1157 262 264 1160 1290 270 15 784 528 1298 1426 405 1173 1054 418 1706 562 1076 1079 441 1601 839 464 1365 1625 858 1137 
2775 320 329 781 
2776 868 170 812 1462 1400 
2777 1027 106 1179 1201 795 
2778 450 547 1607 1262 689 146 
2779 1024 1541 1034 11 15 1553 1556 28 1054 1566 32 543 1571 1060 549 548 39 1064 1059 1578 48 1588 54 55 56 570 1083 1086 1602 70 1607 1609 1097 79 1616 1104 80 1107 1626 1116 1121 612 102 104 105 1132 1133 1649 1650 630 1657 633 1662 638 639 1155 644 647 1160 1677 141 656 145 146 148 1684 662 155 669 1699 676 167 680 690 1717 203 719 209 725 1246 1248 1250 1262 1263 241 1266 1276 775 1289 277 1303 1308 286 287 1322 1326 823 313 322 834 1352 1364 1365 343 857 858 350 1377 868 373 1399 1400 379 1411 388 389 907 402 1429 407 410 414 1441 1444 936 941 1455 435 440 958 1471 1479 460 461 1486 1487 1485 1493 470 998 496 1520 498 1530 507 
2780 1664 1603 1070 142 242 1204 1364 
2781 1000 526 242 1204 
2782 6 394 786 1043 660 1301 1566 170 812 1204 440 447 320 1471 975 335 1234 868 1385 622 
2783 544 259 493 691 
2784 549 1574 935 137 526 1070 242 115 1204 440 
2785 105 241 725 
2786 170 1204 1400 795 
2787 288 382 1471 1038 1456 1204 1462 
2788 322 1156 868 6 1000 137 170 913 242 723 1204 1334 440 1465 
2789 1664 37 621 656 531 1204 
2790 1322 842 557 1487 656 
2791 322 1413 1471 1456 531 1204 1334 1399 
2792 320 420 1446 424 1322 331 170 526 
2793 795 736 322 1321 1322 654 531 1332 726 440 603 
2794 1603 394 1433 604 
2795 709 784 1716 1246 
2796 774 394 792 861 
2797 1156 6 525 913 531 1696 547 38 424 170 1323 557 824 1465 62 1471 1603 1102 851 348 736 888 500 1400 
2798 1027 1323 440 
2799 738 1379 1027 1566 447 426 1471 300 335 849 1649 1462 1017 
2800 1311 1670 1566 1064 1322 141 656 1400 1017 
2801 1664 1603 1700 1253 1416 1321 1292 654 1231 1264 207 
2802 901 774 394 523 781 15 656 913 1553 1040 1429 795 1566 1183 37 1322 1323 170 813 1073 1588 951 1471 320 329 1102 81 594 1234 1364 341 598 343 476 94 868 357 1511 1387 1010 242 755 
2803 646 523 526 1566 415 35 1700 1323 1204 567 1465 1471 449 581 1102 335 90 348 483 868 617 1136 1400 
2804 1027 1379 335 1264 1456 1301 439 1400 1465 
2805 1064 1070 656 784 1716 1399 
2806 382 6 170 812 1400 
2807 102 1485 1070 975 461 1365 
2808 6 170 1462 215 1400 
2809 868 1029 774 170 394 44 893 650 975 242 660 1204 792 1370 861 
2810 1664 382 6 394 1037 656 913 1043 404 1566 670 37 166 170 1070 1204 1462 1471 335 476 861 1400 891 
2811 322 868 137 1234 1204 
2812 1664 6 394 523 526 656 1301 795 670 1566 169 1322 1194 300 1321 1204 186 1471 457 603 222 863 1136 1266 
2813 1379 84 1465 861 
2814 1024 1541 1035 523 526 1038 531 1556 1044 1052 29 1054 1566 36 37 1070 1587 567 570 1596 1597 1603 581 1095 1610 1099 1102 603 95 1635 1639 103 1642 1138 115 116 1659 126 1664 642 1156 1669 136 1165 1678 656 1168 660 151 1179 156 1180 1700 166 168 169 170 686 177 1204 693 1207 1214 1226 714 1231 721 723 726 738 1263 1265 242 776 787 1301 792 793 1308 287 299 812 1328 819 323 1358 335 1361 1364 1370 866 868 1382 1385 1400 381 382 1413 1414 1416 394 913 411 426 948 1462 1465 957 1471 962 457 1487 1493 469 1499 991 992 1505 
2815 320 1029 1317 170 781 656 531 787 1301 
2816 1029 1160 526 656 1302 1566 424 1449 1323 811 301 1716 1204 1334 1471 206 1365 1635 868 
2817 382 1700 1534 1064 842 1356 398 1204 
2818 1536 1541 521 1034 11 15 1553 50 54 56 62 576 1603 70 78 1107 1626 1116 1633 1122 612 105 1650 630 633 1657 638 639 644 1160 653 656 660 148 662 1180 1183 672 1185 1184 1189 1711 1717 714 725 746 1262 1263 1264 241 242 1276 258 782 1296 792 285 289 1325 1331 1334 310 1339 835 327 1379 877 382 388 916 917 1429 407 408 1431 925 418 421 436 1461 440 448 456 1481 1486 1487 467 
2819 868 774 1000 526 1070 114 242 1556 1364 1204 
2820 1664 868 170 1323 654 1102 1264 1234 500 1204 567 440 
2821 32 930 287 1607 424 1706 334 410 1455 209 146 1716 343 954 763 
2822 1029 1678 1038 656 786 1043 1301 286 1566 415 931 1323 1070 1327 1204 1462 440 824 186 1471 320 1476 1356 1102 1233 1234 342 215 90 222 736 868 1385 1400 507 
2823 866 738 36 1566 1165 1070 1456 531 1462 440 795 
2824 549 294 167 424 83 1300 440 
2825 1160 906 781 1423 656 784 1040 144 400 1305 930 1060 1064 1322 1451 556 813 301 690 1588 949 951 954 699 831 1471 834 1602 718 334 1491 1364 345 1116 605 1372 483 868 742 366 1400 
2826 1666 386 1154 1413 1160 141 1423 272 16 400 1556 1302 1566 670 163 1064 296 170 811 1323 812 1584 311 440 1207 1471 706 1347 965 1364 600 222 738 1383 748 366 622 1138 1017 
2827 526 622 755 1400 
2828 141 656 784 400 1556 1302 163 170 1323 811 947 1716 954 1471 1090 334 206 335 222 868 366 242 
2829 1535 684 591 881 1106 507 
2830 1380 996 1191 168 1706 525 784 
2831 75 812 366 400 
2832 159 1537 268 973 1230 1007 1200 494 370 671 1261 
2833 170 654 1300 1462 863 
2834 1160 400 146 27 924 926 414 1325 685 302 562 1716 1204 185 314 831 1607 457 458 1612 718 79 470 1624 475 93 864 1633 230 103 1132 748 366 1399 
2835 640 738 1451 141 910 380 
2836 868 1317 1566 1322 1323 670 781 1102 1400 90 
2837 137 523 1037 526 1301 795 1566 37 170 44 812 1204 1334 440 447 1471 1234 1364 222 868 1640 1385 1400 
2838 1155 327 1097 138 810 746 
2839 15 532 1301 534 925 1313 1192 1450 1707 1662 685 1204 1717 314 210 725 1497 865 
2840 386 1027 868 1383 670 781 366 1167 656 400 947 91 
2841 1027 774 1566 364 1069 1204 
2842 967 1160 1607 685 815 943 242 146 1364 1204 1397 1399 1400 
2843 1471 1662 670 114 
2844 1664 1603 1029 170 1556 
2845 1669 457 526 755 1332 1364 
2846 640 1668 6 774 1160 522 394 908 12 526 656 400 1296 660 917 1045 1302 536 408 1023 926 927 1151 1697 1566 1064 1662 811 301 558 1199 1584 1457 50 302 1716 1204 567 568 1339 1471 704 576 1218 1603 70 1096 457 585 1352 1100 1486 975 1234 1365 726 1495 861 863 739 868 742 359 1127 748 109 366 242 
2847 866 1322 242 341 1334 1400 
2848 170 1204 1400 
2849 1413 1420 656 1561 1563 795 1534 1322 1588 954 570 571 186 1471 714 1485 334 1491 1246 1378 
2850 898 388 1541 903 1160 1034 11 782 1166 656 784 1553 277 1045 1429 1174 412 674 1534 424 1194 1711 1716 54 56 954 1471 704 1090 835 584 1225 1354 334 1487 335 1107 1365 1493 87 1497 986 1116 1630 1119 609 1122 612 359 236 748 1263 623 633 239 1649 504 1657 
2851 426 170 1678 863 
2852 141 1230 1556 1204 535 
2853 288 170 300 1681 660 567 603 
2854 868 242 1204 861 
2855 1539 903 1160 906 656 784 148 410 1566 670 1064 1322 1069 54 955 1471 587 208 1107 120 1246 357 1010 1399 
2856 868 37 774 1000 1610 1234 242 660 1364 1204 1465 1180 861 
2857 170 1420 622 335 1207 1400 1561 1214 
2858 37 242 824 
2859 1664 774 1231 1044 1204 
2860 1029 6 394 656 1692 1566 1064 1451 1471 320 1603 1356 1364 222 868 1000 1011 1400 
2861 1471 523 1301 1462 1400 
2862 742 1160 301 302 656 
2863 1538 1027 526 531 1556 32 1059 37 1582 1070 564 567 1603 1606 1607 1102 1624 1116 122 1664 1674 650 654 656 146 660 662 670 1700 166 170 1204 186 209 1234 726 222 1246 736 738 749 1262 1264 755 767 1301 792 793 281 795 287 1317 1322 812 1328 1332 1334 315 1344 330 331 334 336 1364 1370 348 861 1399 888 1410 1413 1416 394 913 414 424 1455 1462 440 1465 954 1471 447 968 975 482 500 1017 
2864 128 1029 526 1301 670 1566 428 1334 440 1471 457 1234 1364 1370 222 866 114 
2865 1539 1029 1670 6 520 521 1541 775 398 143 656 1428 1556 148 407 918 668 672 930 677 1064 424 1322 680 1579 813 299 43 306 1204 440 185 954 59 696 1471 319 1345 580 453 328 457 1098 1227 587 334 1487 976 335 81 1491 1361 1493 468 1115 1116 1628 1246 1501 222 91 376 232 1001 618 1262 1263 498 1266 374 1400 1017 1531 
2866 1400 1413 1160 394 781 531 787 670 1322 170 1074 1204 440 62 1471 1472 449 631 
2867 1664 1283 1029 1545 394 786 151 1180 547 38 1323 1070 1204 1465 1471 447 1603 975 
2868 322 868 6 
2869 866 335 1138 1204 1301 
2870 1322 1487 656 721 
2871 1668 170 302 1136 
2872 382 1603 1029 1000 1001 170 656 242 1556 317 
2873 656 1204 1334 1399 
2874 1700 37 6 1001 621 526 1102 792 786 767 755 1462 1400 957 
2875 1000 1323 1264 1204 
2876 774 621 1204 
2877 1220 1486 79 1616 1617 719 1236 
2878 772 1543 795 1566 288 38 1063 1449 1322 1450 812 1323 430 1584 951 440 954 1471 579 334 721 343 215 1116 1117 222 868 881 1271 1400 
2879 1027 1102 335 440 603 731 
2880 1662 242 537 861 
2881 1248 1537 455 1160 973 494 1261 671 370 435 1204 1691 
2882 37 170 670 656 1204 1301 
2883 1400 1322 656 
2884 1416 137 523 781 526 1044 792 286 288 170 1323 1662 1204 1471 1472 457 1102 1365 731 621 1519 1264 242 1400 
2885 226 1285 6 1029 1064 141 1262 656 1266 1204 662 
2886 1400 1034 1040 656 1429 294 1322 1451 1323 813 1070 1205 54 951 954 1471 76 845 334 1107 1116 612 232 760 633 
2887 640 1656 656 1556 535 1566 1058 547 1064 1194 1662 428 1579 301 1204 1591 567 825 699 320 1088 322 323 1347 1484 332 1102 1233 467 215 216 731 868 742 998 233 1649 1266 247 1400 
2888 811 1070 1204 1302 
2889 580 868 170 523 335 1264 531 1204 1364 343 1400 154 
2890 640 512 1289 908 910 1553 1045 277 1429 1053 1569 674 548 549 294 676 167 1322 1707 685 54 313 60 444 703 704 1218 835 200 1487 80 1107 87 479 609 612 357 360 236 1009 754 1266 497 380 
2891 1410 1287 1160 138 781 15 656 531 23 1432 1562 670 1566 1406 36 1064 810 1322 170 1323 564 182 440 186 699 1087 1471 1090 457 75 1102 335 83 1235 341 215 858 475 92 1117 996 868 1387 877 622 760 242 1651 1400 
2892 866 1350 1322 1194 523 1069 656 1649 242 240 1204 1364 1465 
2893 549 197 167 809 1611 460 1451 1198 1581 340 1654 
2894 736 1387 523 1069 240 
2895 1666 899 534 1178 795 549 167 170 812 1070 1204 1717 1207 313 701 447 1471 581 457 1356 1362 215 1368 222 350 622 878 754 242 758 
2896 1283 1029 523 1038 913 276 795 668 30 670 804 678 1446 170 1323 1070 1588 185 1471 834 1602 1356 1102 336 721 1364 341 1624 603 1246 868 1000 242 1399 1400 
2897 165 1669 1029 842 1323 1070 656 721 115 1556 1364 726 1205 1017 
2898 1664 382 132 1029 774 893 526 1556 861 
2899 137 1044 1556 1566 670 1700 1069 1204 440 1471 320 447 1480 842 336 861 738 876 364 242 
2900 868 166 170 1323 656 1234 
2901 1029 842 1205 
2902 320 1194 650 1043 891 
2903 1027 1413 1670 394 656 661 283 1566 1706 1322 170 690 1716 1204 1591 440 186 1342 1471 1087 833 580 72 851 1364 1238 1372 120 1246 357 1264 1399 
2904 868 424 1064 650 394 1579 876 1630 233 760 277 215 1400 
2905 992 1664 1603 1265 
2906 1029 1606 1566 137 670 1038 
2907 320 382 547 868 774 1566 1323 75 1069 670 1102 1264 724 1204 440 1180 
2908 1160 1678 528 1687 670 1183 1700 168 170 1323 812 302 1584 1204 1603 457 1486 215 600 739 868 1380 875 493 1134 881 
2909 868 656 1364 
2910 1603 37 1000 913 242 
2911 418 195 1541 1064 1451 1263 656 1487 1493 1591 699 1116 
2912 1026 1700 873 53 
2913 868 170 1134 
2914 70 1323 1134 
2915 641 769 1029 1032 266 394 526 1038 1556 795 411 1566 670 166 170 1323 1070 1585 1204 1461 948 440 1465 1597 1471 322 1476 330 1102 1364 726 1622 476 222 736 868 488 888 1141 1400 1017 
2916 868 1545 394 364 
2917 136 1323 335 1364 
2918 1664 738 1636 457 1471 1264 788 1556 1204 95 
2919 70 457 1486 1584 
2920 1040 656 1553 529 146 22 414 549 167 1321 1069 813 951 313 954 1607 334 1234 83 1628 1246 352 864 
2921 38 1671 1134 630 
2922 1102 1400 186 
2923 1541 6 1035 523 1038 526 531 1556 1044 1052 29 1566 36 37 1070 1587 567 1597 1603 580 581 1095 1610 1099 76 88 601 603 95 1635 1639 103 1642 1138 115 116 1659 1662 126 1664 642 1156 1669 136 1165 1678 656 1168 660 151 1179 156 1180 1700 166 168 169 170 686 177 1204 693 1207 1214 714 1231 721 723 726 222 738 1263 1265 1266 242 1271 254 776 787 1301 792 793 1308 299 812 1328 819 1356 1358 335 1364 1370 863 866 868 1382 1385 1400 382 1413 1414 1416 394 913 411 426 948 1462 1465 957 1471 457 1487 1493 469 1499 991 992 1505 
2924 1027 452 357 1350 1064 1598 1322 1323 1662 335 656 593 1204 1400 186 699 
2925 769 774 1543 6 892 394 11 656 272 1425 1043 1556 281 670 1322 170 299 1323 1070 1334 440 827 1597 1087 1471 1487 1364 1238 215 92 863 992 226 1388 1134 622 1400 
2926 2 131 1541 1029 263 1160 1548 1420 656 1681 532 661 1301 1176 1561 1696 1406 547 165 1062 169 1662 172 1069 814 176 1712 1204 437 185 1594 1465 1468 186 830 320 968 1102 1487 720 1362 83 595 1493 596 471 1626 731 733 121 740 1644 1263 1527 889 
2927 322 1566 1704 1322 811 206 335 989 81 1151 1234 1302 1400 283 1246 
2928 1607 655 146 926 1399 
2929 1027 1700 581 166 37 670 523 242 
2930 1157 262 15 272 1553 1426 1173 1559 1048 549 294 167 1064 425 1591 1079 313 1342 703 1601 839 712 592 464 1365 1623 1625 1246 1377 490 1137 1266 
2931 1541 394 523 1263 656 1487 
2932 1547 526 1038 531 1556 660 670 931 166 170 1194 1662 1332 440 824 1471 1476 1356 207 335 1234 1622 736 254 1400 507 
2933 382 185 1028 868 38 1566 1035 656 1204 1400 121 795 
2934 1543 1322 266 1356 75 1102 1292 759 1674 
2935 514 1556 1561 1070 1588 1087 1602 1603 582 1114 602 1115 98 1637 101 110 627 1143 1658 646 148 152 1690 160 1193 172 1198 1714 1203 1205 184 1211 1224 724 1246 740 231 1262 1264 762 1285 263 1294 783 787 283 286 293 1322 316 317 1342 320 834 335 343 859 352 363 365 373 1400 383 898 1419 1420 1436 1439 1446 955 1472 968 1487 977 989 1513 1010 
2936 640 1640 1323 1675 1266 755 1300 
2937 774 523 526 1294 1687 1566 670 930 1317 1064 1194 299 426 1584 1204 440 1465 1471 457 842 75 1234 1364 215 90 868 1000 1266 1400 
2938 102 461 465 
2939 1664 1662 335 
2940 320 1057 868 1064 170 670 781 1037 1136 767 1334 863 1178 795 222 
2941 1664 1029 1000 394 335 
2942 1156 166 523 1456 
2943 6 170 1486 526 
2944 1029 1413 394 523 1165 913 1556 795 1566 1204 440 1471 335 721 1234 1364 861 222 1378 1000 114 
2945 1316 138 810 974 335 182 
2946 225 1478 1639 168 1062 970 1069 1201 1461 1246 
2947 1026 781 1295 656 15 1555 1044 790 534 926 1183 1698 294 1064 1717 316 701 703 69 967 1485 1359 1362 725 1368 1626 350 1246 226 105 878 241 754 1524 630 
2948 6 170 1322 335 
2949 6 394 656 146 414 1566 1322 954 1471 1607 1356 334 1364 92 1246 1378 738 881 
2950 1536 1539 388 1029 1670 775 1160 774 1541 1671 638 1677 526 782 784 1040 656 1034 916 1556 790 1429 1688 793 1553 28 671 34 168 937 1322 170 813 1711 1204 949 54 951 56 11 1471 322 1603 835 197 842 587 1612 204 335 1487 721 1107 340 1493 214 1116 1501 605 1633 738 98 612 1637 1122 1505 868 1387 876 1263 633 242 1657 508 
2951 1156 37 1000 169 842 394 1356 457 523 1234 531 1364 242 1465 795 1017 
2952 736 6 170 876 526 335 1456 1364 1301 821 1687 
2953 170 842 335 
2954 1597 868 37 1385 394 242 531 1556 1204 
2955 774 1070 1465 
2956 868 549 167 170 1035 244 
2957 650 523 1420 1294 15 656 1553 1043 1558 792 1561 1070 1204 954 1471 325 968 714 1102 334 1364 603 1116 1264 1400 
2958 170 1102 143 1204 795 
2959 992 774 404 1364 
2960 1662 335 1204 
2961 868 170 1069 1294 1678 242 1204 821 
2962 1156 1000 170 394 523 526 531 1364 1301 1334 1465 
2963 320 868 774 1545 650 1323 781 1234 1556 792 
2964 1603 293 1322 
2965 1664 382 1666 1029 774 134 1032 1672 138 1292 781 141 656 148 277 1556 407 792 1022 795 1311 291 547 36 808 1322 1662 810 557 1070 1327 1069 812 1588 1204 182 824 440 570 702 1471 447 322 1347 835 965 838 837 1356 1102 1487 1491 1107 1622 603 1116 222 734 994 738 868 612 998 1378 1640 618 1642 622 1136 1017 
2966 1442 1282 1603 1349 1030 783 
2967 774 781 656 537 170 426 177 1204 440 319 1227 1364 469 603 868 1382 621 1264 242 
2968 738 440 169 
2969 278 1559 1566 425 555 1581 1198 1591 195 70 1486 592 977 1362 600 1116 1246 874 1259 
2970 1416 812 1102 238 1017 
2971 1515 1069 656 
2972 137 1662 1133 975 
2973 1633 868 567 102 1541 1322 170 1485 1487 656 1263 335 1588 1493 404 254 
2974 1029 166 457 170 335 242 1400 
2975 1248 868 1160 
2976 1664 1029 774 526 913 531 660 151 792 1566 670 1700 37 166 170 1662 1069 1070 1204 1465 1214 581 1231 849 1234 1364 603 861 868 1000 1264 242 1017 
2977 1664 1029 6 774 137 660 792 288 1317 1204 1471 320 1231 1233 344 863 738 868 242 
2978 1064 1102 1716 1204 
2979 1664 769 382 1283 523 1037 656 1301 1302 549 1317 1064 1321 170 811 1717 1471 447 965 1486 1102 206 335 975 726 1114 1116 868 876 1010 1400 
2980 37 6 1032 1321 523 331 1102 1294 440 
2981 1514 1262 1563 
2982 773 142 1136 755 500 1400 
2983 965 1375 1127 748 1069 302 1116 
2984 1400 646 523 526 1566 37 38 1322 1323 1465 1471 320 1102 79 476 222 1633 242 
2985 1156 868 169 394 1070 1234 242 1204 726 1400 
2986 382 772 1160 1032 141 656 528 660 1301 662 925 801 294 38 170 431 691 1204 1461 823 567 703 1603 83 1624 630 503 
2987 868 1382 75 242 
2988 6 170 656 1266 1400 
2989 993 294 198 1158 1069 909 1105 1362 502 
2990 1248 394 435 
2991 137 394 141 531 1556 1049 670 170 1204 440 1471 581 588 336 979 1364 222 95 868 
2992 170 845 335 
2993 1603 567 881 690 951 1204 
2994 1063 842 428 1356 1332 821 
2995 394 660 792 
2996 1029 979 1204 
2997 163 774 170 1610 656 242 1204 1054 1400 
2998 1184 866 414 1189 421 1607 1160 1624 335 146 916 1399 1400 
2999 320 449 931 440 1608 28 1389 656 1400 1692 
3000 1566 1471 206 1168 1204 1302 603 476 348 
3001 1664 322 1000 656 1427 1556 440 185 795 
3002 106 1264 531 
3003 170 394 523 1038 
3004 997 1684 598 
3005 868 457 170 784 528 767 1717 
3006 394 810 138 656 
3007 547 452 1487 1392 
3008 1556 1301 1044 1566 286 1057 1322 1323 170 1204 1334 186 447 1471 1603 1364 92 1244 1246 
3009 388 1541 1034 11 12 781 782 639 656 400 1296 1553 1678 1429 1302 926 1566 1697 1317 1534 1064 170 811 685 301 1711 1069 1716 1717 54 56 314 1471 320 835 70 1352 523 1486 206 1487 1102 1107 1364 1493 726 1116 1122 868 612 742 617 366 1263 633 114 1657 
3010 130 6 526 786 531 660 1043 1566 670 804 170 812 824 440 447 1471 706 1102 736 868 1136 1400 1017 
3011 288 581 1095 169 1322 1165 1102 1456 1204 1014 759 792 
3012 774 1566 1662 670 1264 114 242 1204 440 1180 
3013 1664 774 906 1294 660 917 408 1180 285 156 672 801 1062 168 1069 1070 1201 50 691 1204 1461 1588 1591 567 435 1339 828 1342 576 1228 594 728 861 1248 357 1132 1264 
3014 868 38 1566 1323 523 1678 537 1364 1400 1017 
3015 1666 931 567 1032 170 1323 812 1356 1233 1234 1271 1400 1017 381 
3016 514 102 1611 1485 1040 627 951 1690 
3017 1635 36 170 23 795 222 
3018 868 1566 170 364 335 1301 
3019 774 170 975 656 240 404 468 
3020 583 170 656 
3021 1378 1029 457 170 526 913 116 1400 
3022 512 523 1035 526 1038 531 1556 1044 1047 1052 29 1566 36 37 1070 1587 567 1596 1597 1603 581 1094 1095 1610 1099 603 95 1635 1639 103 1642 1138 115 116 1659 126 1662 1664 642 1156 1669 136 1165 1678 1168 660 151 1179 156 1180 1700 166 168 169 170 686 177 692 1204 693 1207 1214 714 1231 721 723 726 738 1265 242 252 776 787 1301 792 793 1308 1322 299 812 1328 819 1358 1364 1370 863 866 868 1382 1385 1400 382 1413 1414 1416 394 913 411 426 948 1462 1465 957 1471 457 469 1499 991 992 1505 
3023 33 514 579 1541 774 903 1064 1487 656 1263 658 83 463 1493 1054 823 
3024 997 102 1322 1485 852 1399 857 281 
3025 769 388 1541 1034 523 11 908 526 1295 656 1553 782 639 1045 1429 1687 536 1183 1534 424 1064 1322 170 1323 426 1199 1711 1457 1204 949 54 1717 56 1462 440 1471 704 394 835 1096 842 75 1487 335 1234 1107 1364 1493 725 1116 605 606 736 1122 868 612 1263 633 242 1266 888 1017 1400 1657 1533 
3026 1317 1607 394 146 1364 1558 1399 
3027 777 795 861 
3028 640 994 34 868 776 1098 43 650 13 913 1556 
3029 714 1662 335 1044 440 
3030 738 1413 1491 
3031 1603 868 1322 1323 526 656 
3032 866 1156 170 394 335 1364 1301 
3033 833 294 15 
3034 1664 646 1160 650 1566 415 165 294 170 1070 1204 567 954 447 1471 1485 334 1363 
3035 1536 1541 775 1034 526 1295 656 16 1043 148 1556 1302 407 926 1151 416 294 1064 811 1580 1330 1204 311 312 185 1466 703 842 1100 206 335 1487 1364 1493 726 1116 1246 1637 748 1132 494 1263 1262 
3036 288 736 1603 1156 440 6 
3037 6 394 1556 795 411 670 37 166 170 1194 948 1205 567 440 62 1471 1356 726 736 738 1000 622 242 1400 1017 
3038 1156 1566 335 656 1266 1556 84 1204 
3039 1664 1566 335 656 1556 
3040 800 1666 649 1074 1012 1364 1204 407 440 820 
3041 868 523 299 
3042 868 394 1234 
3043 1413 1471 170 394 335 
3044 394 812 795 1052 
3045 774 170 1069 
3046 650 242 1556 
3047 1155 1541 775 1290 782 656 1183 427 1711 1717 320 965 1097 845 719 1616 210 467 1493 
3048 868 1322 781 656 689 
3049 224 678 779 
3050 385 414 1241 1607 940 365 798 882 1490 146 403 211 1399 792 253 1180 
3051 1283 868 6 457 170 1385 670 1037 48 440 1017 
3052 802 261 778 460 591 1648 1428 
3053 897 257 1603 776 201 392 778 620 1484 367 1648 953 
3054 1088 1027 1102 1204 863 215 
3055 6 1322 1194 846 1649 1400 699 892 
3056 1024 392 649 1289 1424 146 1054 414 548 676 549 167 1324 48 313 316 962 1607 590 80 977 1365 858 1246 
3057 868 394 1035 
3058 1160 138 523 1294 656 1301 1558 1446 810 305 1588 1204 182 186 699 320 1102 1261 1264 881 
3059 1667 1543 523 526 656 1299 1046 1177 1058 1315 1572 169 427 172 1451 948 440 572 1471 449 323 1348 1347 454 457 205 335 593 855 216 90 603 731 349 1630 222 734 994 1507 740 997 866 233 1515 1646 1649 243 1011 501 246 883 1400 1017 
3060 774 526 656 1432 537 1566 1194 1323 1069 301 440 1471 1102 1235 603 742 242 1651 
3061 1034 399 1296 1553 417 1699 549 167 313 70 1609 1486 1116 220 1009 1010 1399 
3062 170 394 1556 
3063 801 1608 1582 753 
3064 931 1541 1323 526 335 
3065 384 102 136 1194 
3066 1541 137 1662 1485 1263 656 1487 
3067 1160 656 1717 
3068 1664 786 1491 1172 
3069 1603 526 1364 
3070 165 1541 1178 1029 1566 170 1387 266 1487 656 1263 660 1493 758 254 538 
3071 1536 930 356 172 526 1711 656 1591 
3072 1705 1135 47 
3073 547 1059 414 678 1607 968 1553 145 146 1399 1497 
3074 38 1322 75 526 242 1204 
3075 613 1230 755 1204 247 1400 891 
3076 166 168 1321 146 1204 
3077 549 294 313 360 536 1096 167 1100 1199 1457 724 1205 1015 440 
3078 1322 1010 1491 1588 
3079 549 1349 313 1064 167 172 1262 15 
3080 1607 146 1399 
3081 447 1322 812 1400 
3082 1027 398 656 913 1555 1556 407 34 678 1063 166 1064 1322 170 1323 1585 1204 440 1212 1471 322 1603 329 721 1364 343 1246 863 736 240 1649 1010 
3083 1160 1547 656 1043 286 549 1323 1588 1590 313 699 1471 1603 1102 1365 215 222 868 881 114 
3084 1670 1416 526 1038 656 1687 1566 1662 1204 1465 75 1102 1364 215 1246 863 240 114 
3085 965 742 774 296 134 170 1322 685 301 688 210 1364 823 
3086 509 382 1157 262 1544 1673 1039 15 146 1426 1173 662 534 1434 414 547 419 677 1705 1450 171 1323 685 1582 47 815 943 1070 944 1072 1079 1335 185 314 1601 967 1607 839 1354 460 1485 461 464 465 210 850 1237 982 1369 1625 731 220 859 353 121 102 1256 1003 365 1262 750 239 1137 501 1397 1399 377 1403 
3087 1442 549 167 1330 313 
3088 382 1566 364 335 1556 1334 1400 
3089 580 394 330 215 1400 
3090 769 322 738 440 1662 1037 975 1400 
3091 864 1574 656 787 1364 440 
3092 1155 1097 1070 531 1556 
3093 1664 774 523 526 656 1301 1054 37 169 1322 1323 1325 1069 301 1070 1204 181 1334 699 1471 1603 1487 335 863 742 
3094 449 483 1027 1350 6 102 684 781 92 1586 627 852 341 1656 
3095 1132 1325 1330 
3096 1603 102 1485 187 1327 399 1553 461 913 1460 1204 955 
3097 1156 903 1064 170 335 656 
3098 1664 388 1541 1034 11 782 656 1553 404 1301 1429 535 1566 1184 930 163 421 37 1534 1711 688 1204 54 56 954 835 334 1487 977 1107 1493 858 1116 864 1122 612 1263 633 242 1399 1657 
3099 1541 656 1058 35 1204 570 1471 320 449 1476 200 1487 852 1493 731 483 998 1263 
3100 1603 656 83 
3101 1035 523 526 1038 531 1556 1044 1052 29 1566 36 37 1070 1587 567 1597 1603 581 1095 1610 1099 603 95 1635 1639 103 1642 1138 115 116 1659 126 1664 642 1156 1669 136 1165 1678 1168 660 151 1179 156 1180 1700 166 168 169 170 686 177 1204 693 1207 1214 714 1231 721 723 726 738 1265 242 776 787 1301 792 793 1308 299 812 1328 819 1358 1364 1370 866 868 1382 1385 382 1413 1414 1416 394 913 411 426 948 1462 1465 957 1471 457 469 1499 991 992 1505 
3102 736 186 170 1204 500 758 1400 
3103 774 1035 670 1069 378 
3104 774 1321 394 1234 
3105 868 1541 1263 656 1487 660 1493 1204 
3106 1121 868 37 170 394 141 1294 1070 656 975 
3107 1519 240 335 1044 
3108 670 748 1100 654 
3109 1032 523 1420 142 1294 656 784 786 400 1561 283 1566 286 804 165 424 1064 1322 1195 1323 1069 1194 301 1204 824 1471 1603 842 1102 335 977 83 1364 598 1114 120 477 1246 92 866 742 1639 1000 617 1643 366 881 242 1398 1400 763 1532 
3110 424 892 1322 1471 812 685 1486 141 656 1098 1032 778 150 254 664 1116 
3111 992 1635 1037 1556 
3112 718 143 913 
3113 1664 1413 1160 1032 12 526 1296 1051 1697 34 547 1323 1204 1717 1591 440 320 1088 1472 837 70 1352 1486 593 1234 725 376 868 105 618 241 
3114 1669 6 1029 842 335 656 1556 1364 1334 215 
3115 1603 6 1194 1364 1400 
3116 170 523 656 531 1556 
3117 656 786 1427 1301 410 668 38 1322 1323 1204 824 185 440 1471 320 1356 845 1102 205 1630 1400 
3118 1160 656 1562 1566 1064 170 1322 567 699 1471 320 1087 1476 330 203 1102 1233 851 1238 215 120 1372 
3119 1664 223 1603 1566 1545 1471 
3120 1664 1029 781 656 913 1044 1566 1700 680 1585 1204 1471 457 718 1364 1365 868 
3121 774 1514 1662 1069 
3122 868 1471 1234 1462 1400 
3123 36 774 1480 398 656 1301 378 
3124 1543 808 1010 
3125 774 394 526 1566 547 1323 1070 1204 440 1597 1471 447 1603 75 1102 724 1136 
3126 414 1222 742 1607 301 146 
3127 6 394 1038 1678 656 531 154 1437 1064 1322 1194 1323 426 1327 1204 1462 1597 835 1356 1102 1487 1491 1364 1116 863 248 612 868 1385 240 1266 1271 1400 1017 
3128 1378 868 1029 137 812 
3129 320 322 1666 868 38 169 426 1323 1471 526 656 1364 1204 439 440 
3130 1608 335 656 1556 343 440 
3131 1664 868 1001 137 1234 242 
3132 523 1294 526 656 1678 531 1556 1558 792 1566 166 424 1192 1194 1323 1707 1462 567 1472 1102 1358 215 731 1245 1136 499 
3133 523 781 656 1043 1566 670 1700 549 167 170 1323 301 1069 1201 1205 313 1471 322 1608 1480 718 1102 335 215 1116 606 742 876 
3134 6 1674 812 1102 215 
3135 163 868 186 585 670 748 1134 528 1400 1048 1562 1372 
3136 617 170 106 523 
3137 1669 1356 1165 1231 1456 1008 1681 979 721 1204 1654 792 601 
3138 1252 1284 742 333 141 301 
3139 736 1416 1545 1035 526 1519 240 
3140 394 1035 526 1301 670 37 170 1070 1587 1204 1334 440 1234 851 1364 1000 1001 1514 
3141 738 580 1000 394 335 1204 
3142 1413 781 656 913 23 795 1566 165 1064 1069 564 1334 440 570 317 1471 320 449 322 962 1603 1102 120 113 1399 
3143 1400 1285 6 1029 266 781 1294 656 1553 1555 537 410 28 670 1313 34 1063 1064 1322 1323 170 301 818 1332 185 699 828 189 1471 447 833 449 326 1102 721 1362 1364 343 1115 92 989 1372 222 347 479 738 868 742 237 109 1649 373 1526 
3144 166 1032 170 1037 1070 526 1204 
3145 1664 170 1610 242 
3146 1323 759 656 1204 1591 1400 
3147 523 1070 404 
3148 1714 762 1211 
3149 1678 531 1334 
3150 774 170 1662 1069 1364 1204 
3151 774 170 394 913 114 242 603 
3152 868 1253 1385 523 1332 1204 1622 827 
3153 35 483 1317 1543 1480 621 1174 1207 1400 
3154 1664 265 523 270 1556 148 662 407 278 1559 1563 1183 1443 424 425 1322 1323 430 687 1070 51 1334 1591 320 1603 1349 1102 975 592 79 977 721 1364 1363 214 603 1501 477 221 489 1262 496 882 1011 884 503 1400 891 
3155 1664 37 774 1000 170 75 621 1069 1102 1264 1234 242 1364 1204 
3156 795 170 1323 670 1037 334 767 1716 954 891 92 
3157 512 1035 523 14 526 1038 531 1556 1044 1052 29 1566 36 37 1070 1587 567 1597 1603 581 1095 1610 1099 603 1630 95 1635 1639 103 1642 1138 115 116 1659 126 1662 1664 642 1156 1669 136 1165 1678 656 1168 660 151 1179 156 1180 1700 166 168 169 170 686 177 1204 693 1207 1214 200 714 1231 721 723 726 738 1265 242 767 776 784 786 787 1301 792 793 1308 299 812 1328 819 1358 335 1364 1370 866 868 1382 1385 891 381 382 1413 1414 1416 394 913 426 948 1462 440 1465 957 1471 449 1476 457 469 1499 991 992 1505 
3158 382 567 1534 1064 169 618 1070 335 656 84 215 1400 381 
3159 992 1640 44 975 114 242 84 1400 
3160 1692 1160 553 424 232 1420 272 
3161 1541 1263 656 15 
3162 166 170 335 
3163 868 1000 1385 656 1234 
3164 868 1317 1204 795 861 
3165 774 1566 1321 1069 1231 1204 567 861 
3166 288 6 1194 1456 1334 1400 
3167 1160 1064 138 810 656 1716 
3168 394 781 1038 1295 786 670 291 1189 424 170 1070 818 440 824 1471 447 1603 965 1364 215 222 868 881 1400 763 
3169 1344 736 34 1121 1253 526 1519 
3170 1662 1514 888 1141 
3171 1317 581 6 1141 
3172 738 169 1400 
3173 320 931 1566 656 660 1495 215 
3174 612 1541 388 1322 11 1487 656 1263 633 1107 1493 54 1429 56 1657 1017 
3175 742 523 301 656 
3176 288 1413 838 169 394 331 1323 1102 975 1070 1264 404 1556 
3177 1248 1000 435 1301 567 
3178 1024 513 1544 15 1560 1054 1064 1070 1072 50 565 1079 576 1601 1607 1106 1625 605 107 1132 1137 629 1145 121 644 1157 1673 141 146 148 1173 662 1695 162 163 171 172 685 180 185 210 1237 1246 1256 750 239 1262 255 262 815 1333 314 1339 839 1354 334 850 858 859 1373 1383 366 1397 1399 377 1403 386 387 400 1426 917 407 408 414 1450 1451 943 944 1458 947 949 954 967 968 464 1500 
3179 1122 1541 782 1263 656 1487 1711 1493 
3180 1666 1400 6 170 523 364 1037 526 335 242 1364 1204 440 1465 603 1017 
3181 320 737 1160 670 656 1204 
3182 1127 1096 302 1199 1457 1109 536 1529 
3183 1633 1288 1161 1450 360 685 366 1167 15 400 210 1717 
3184 1664 898 382 774 200 329 1662 656 1266 
3185 424 366 400 
3186 512 1035 523 526 1038 531 1556 1044 1052 29 1566 36 37 1070 1587 567 1597 1603 581 1095 1610 1099 603 95 1635 1639 103 1642 1138 115 116 1659 1662 126 1664 642 1156 1669 136 1165 1678 1168 660 151 1179 156 1180 1700 166 168 169 170 686 177 1204 693 1207 1214 200 714 1231 721 723 726 738 1265 242 776 787 1301 792 793 1308 299 812 1328 819 1358 1364 1370 866 868 1382 1385 382 1413 1414 1416 394 913 411 426 948 1462 1465 957 1471 457 469 1499 991 992 1505 
3187 804 6 1102 656 821 
3188 1194 335 863 
3189 1064 1070 656 
3190 738 122 523 1204 
3191 864 1607 146 
3192 1664 1603 581 1639 1358 1264 
3193 1156 1566 1000 170 523 266 1514 1294 335 531 1204 1364 1301 567 824 
3194 1416 136 1556 1432 538 1566 1572 1322 1069 1204 1591 322 332 335 1491 1364 1235 881 
3195 868 38 1543 1322 1706 170 1323 656 1716 
3196 646 781 656 1433 1566 286 549 165 167 1323 1327 1204 821 313 186 1471 1472 320 1603 1222 1102 593 344 92 617 1136 
3197 289 1603 1063 745 654 240 
3198 192 996 742 1160 424 1706 301 366 656 400 1716 824 
3199 382 774 137 1069 792 
3200 1566 654 721 440 
3201 6 678 818 
3202 320 1664 1029 137 394 526 1038 656 1264 660 469 1044 1204 
3203 931 1156 6 457 1322 557 526 335 786 1400 92 
3204 738 1378 165 488 1480 331 1102 1456 1364 795 477 
3205 382 1311 440 1608 1322 394 656 242 767 1365 1238 343 1400 1116 
3206 1289 1034 140 656 146 414 547 548 549 676 167 301 313 1607 80 1365 1116 868 742 881 
3207 1410 6 394 1038 656 1662 1707 1070 1204 59 699 1471 1476 837 1102 335 1234 868 488 1136 888 1400 
3208 939 1490 472 
3209 868 996 38 457 170 1322 670 335 1233 787 373 343 1400 90 
3210 1029 169 1400 
3211 1248 1160 1322 1194 1102 656 689 435 1043 404 567 
3212 382 772 1029 1322 812 1043 
3213 1424 1553 1310 293 550 809 938 1324 172 941 1709 315 188 977 1490 212 1246 350 483 1126 1147 
3214 357 742 1322 301 1037 
3215 1027 136 1032 1163 1295 146 1043 660 148 662 407 531 414 1183 294 170 1323 813 1588 1205 1334 1204 440 1465 316 1468 1342 1471 703 1607 719 1616 1365 86 858 733 736 1128 1129 1389 1262 242 
3216 774 975 1400 861 
3217 75 811 143 656 
3218 1156 1541 6 394 1038 656 1043 531 1301 793 1566 931 37 1194 1323 170 1070 1204 567 440 447 1471 320 457 1102 335 1487 975 1493 342 868 871 1385 1263 888 1400 
3219 1160 526 113 1204 
3220 643 1668 1155 1544 1291 402 170 1584 689 1597 1088 581 1097 1612 79 1506 868 
3221 1121 1400 774 1566 1471 335 1327 824 1586 760 795 
3222 166 170 394 
3223 931 37 781 
3224 1505 6 656 913 1556 1301 888 
3225 1194 1556 567 
3226 738 1476 6 335 1234 787 1364 1204 
3227 1027 616 1194 1324 246 349 
3228 742 876 301 1294 1070 656 
3229 440 170 1585 
3230 962 382 1160 75 
3231 1064 1322 170 43 781 1194 670 656 767 404 1400 
3232 170 75 1204 567 
3233 1378 6 876 
3234 387 1672 783 1553 145 1171 146 279 1564 414 1059 1322 822 1471 449 322 1219 1345 1607 840 335 856 1501 1251 1637 1255 1640 107 878 1399 
3235 1541 137 1487 656 1263 
3236 1160 525 879 656 1204 248 
3237 838 1662 523 170 526 1043 1204 
3238 1664 137 654 1678 531 660 1556 154 289 1700 1317 1194 170 1070 1585 1204 570 1471 1102 1234 84 861 991 868 
3239 1400 1543 1032 266 1035 786 531 1566 34 166 168 170 948 1332 567 440 824 1465 1597 1471 449 322 335 1364 1622 736 1505 888 
3240 1664 1283 1413 394 526 398 913 1556 1566 36 1317 170 428 1069 1582 1070 1204 821 1462 440 1471 1356 603 222 738 1635 876 
3241 1664 320 868 1160 656 1204 
3242 868 1321 394 457 1662 
3243 736 382 1541 774 1064 1674 1262 1263 656 335 1556 1493 440 186 
3244 523 1294 656 
3245 440 394 781 1070 1234 
3246 931 1637 1194 335 656 1400 858 
3247 526 767 1556 1204 
3248 72 170 1323 685 366 656 400 1073 1716 1400 185 314 507 
3249 736 322 868 1662 1102 975 
3250 384 1664 1666 1160 523 1292 526 654 656 1678 1556 1566 931 37 166 1322 170 688 1585 1204 440 1465 1471 1356 1234 1364 736 868 1000 1136 
3251 1664 1186 1597 868 581 1416 1385 394 1234 242 84 1044 1017 893 
3252 1416 649 394 656 795 1566 1064 1323 1070 440 570 1486 1102 1234 83 1365 215 1136 881 1264 1400 
3253 6 786 404 536 1311 1322 170 1194 1323 1199 824 440 58 1597 1471 1479 210 1364 222 736 
3254 1410 523 526 1038 531 670 931 170 1584 1332 1204 440 1597 1471 1622 476 222 736 1387 
3255 6 1070 1102 656 1556 
3256 1444 868 1322 1662 170 1102 656 1266 1556 90 
3257 658 1432 1306 26 285 544 806 680 1451 173 1330 1588 1349 975 1491 1235 727 100 1005 1010 1651 885 
3258 1664 1194 531 1204 1462 440 861 
3259 170 1662 242 660 1204 
3260 38 1000 523 526 824 
3261 618 468 1204 
3262 382 774 1000 1416 169 670 526 1070 1456 1233 242 531 1556 767 1465 
3263 1000 170 1356 1294 1038 1364 
3264 382 868 6 200 170 883 84 
3265 672 1069 951 
3266 1379 931 1317 1606 1674 331 620 781 1102 975 656 721 114 523 660 792 
3267 32 1069 718 1455 656 209 
3268 1505 1566 1471 394 1662 1070 404 1462 440 
3269 670 876 1356 1456 404 
3270 1674 781 1553 18 795 157 1534 1063 1451 1207 569 449 962 721 338 601 485 
3271 388 1541 1034 638 11 782 656 1553 1429 1322 1711 54 56 835 1487 1107 1493 1116 1122 868 612 618 1263 633 1400 1657 
3272 1160 814 718 
3273 1566 335 1204 
3274 738 6 106 795 
3275 1322 1194 1102 656 
3276 170 335 1204 1301 
3277 426 1070 1204 215 1400 1465 1116 
3278 1029 6 1674 394 1292 1678 1038 23 1437 1070 1586 1204 440 1471 449 1355 975 1234 344 90 476 868 
3279 1155 1097 1714 762 1211 
3280 386 1383 366 400 947 
3281 170 242 603 
3282 382 774 170 670 1069 1264 1204 440 1180 
3283 37 169 170 499 1556 948 1301 1204 1465 
3284 866 868 1000 1471 1194 523 781 398 1102 656 1204 758 1400 
3285 514 141 783 656 1043 148 1556 1171 407 279 542 1566 804 1064 1662 1323 1451 1069 1707 815 1204 1460 187 317 1471 320 1098 1102 858 1116 1501 1246 222 736 738 1255 1385 622 1400 
3286 320 1447 1566 606 781 1553 1234 
3287 114 724 1400 861 
3288 512 1569 1156 6 457 170 1204 
3289 492 1069 1102 
3290 357 1322 138 810 
3291 1505 868 440 617 1678 1102 593 1400 891 
3292 320 646 620 781 531 
3293 1639 186 891 
3294 1664 1027 1029 774 169 1662 670 1556 
3295 1597 868 774 137 170 394 621 1070 1231 1069 1234 242 500 1044 1204 1180 
3296 881 343 1400 1562 1372 
3297 1476 1323 1069 
3298 320 170 1102 1365 
3299 322 34 6 1063 876 721 755 
3300 1032 142 786 531 1301 1317 38 166 440 186 62 1471 581 1102 335 736 1266 1017 
3301 37 1102 335 760 1233 1400 
3302 997 781 1365 727 26 699 
3303 32 287 868 680 1678 1455 209 1365 
3304 992 166 1194 781 975 1433 570 
3305 1666 1032 170 
3306 774 1323 621 
3307 1471 170 1102 335 
3308 868 774 781 
3309 1541 1644 1487 656 
3310 1069 1037 851 660 567 1400 959 
3311 774 168 1294 
3312 394 1674 526 670 1566 38 1323 1069 1471 457 1102 335 1233 1364 488 242 755 
3313 38 6 1471 
3314 131 523 781 
3315 288 1664 1603 1700 711 170 650 1069 1294 752 242 1558 
3316 868 394 1102 1070 767 404 1204 342 1465 
3317 907 656 402 1299 149 663 1436 669 926 1439 1444 1706 1578 1326 1714 1211 1086 959 833 1604 457 79 1359 1234 1365 600 1116 996 1646 880 496 1520 
3318 1380 553 1322 1134 
3319 480 324 1480 1169 499 1531 540 
3320 320 1027 1317 38 1194 1038 
3321 132 1321 170 1674 
3322 289 868 774 526 242 
3323 320 1323 792 755 1400 
3324 6 656 788 1051 1692 671 1322 170 1069 1585 186 1471 837 1116 861 476 1127 618 1395 1399 
3325 1029 1566 1070 
3326 773 6 1032 142 656 917 1437 670 1566 1322 812 430 46 439 1471 1102 335 215 1253 
3327 320 6 656 1234 215 
3328 1664 774 1662 
3329 781 1102 656 849 1558 
3330 1664 320 781 
3331 488 335 888 
3332 1664 289 1204 
3333 102 1566 1322 1485 1365 1238 699 
3334 6 1323 1400 
3335 1069 656 1558 
3336 320 1603 1317 1323 781 975 114 
3337 1541 1263 656 1487 
3338 322 1603 106 1102 1265 821 1400 
3339 1700 457 1662 
3340 344 549 38 167 172 1491 
3341 1668 136 1545 1147 1038 1425 1556 286 927 1566 1700 1574 170 1323 568 1365 739 868 1400 
3342 1603 1637 774 394 656 1233 404 1013 
3343 320 1471 1582 1044 
3344 866 37 166 299 812 335 
3345 99 868 931 1566 1064 136 526 1102 656 881 1204 1400 1116 861 
3346 1410 1603 1413 170 1356 1069 1294 
3347 1664 1662 654 1264 567 
3348 320 1664 656 
3349 1027 523 1295 656 1552 531 148 1556 406 668 294 1064 296 185 1465 1212 703 1471 199 1608 858 
3350 1387 1136 1365 
3351 1603 868 1414 1000 447 170 523 440 
3352 773 6 907 523 1294 656 402 531 1301 669 670 931 1444 37 38 1662 1578 1326 567 1465 186 1086 1471 1102 79 335 1364 1633 868 496 1520 500 1400 
3353 931 868 38 457 526 
3354 320 288 868 1317 774 6 
3355 1323 1233 531 
3356 1024 1420 399 1553 913 146 1561 1054 287 32 414 1699 1322 172 1455 1073 1588 1471 834 1602 1607 712 1485 209 1364 858 1246 1399 
3357 842 1234 1465 
3358 1664 899 617 1098 1485 781 526 656 1716 
3359 868 1323 1233 
3360 868 1029 1204 440 
3361 1027 1029 6 1547 1043 1561 538 29 1566 1060 1064 553 1579 557 570 1102 593 1637 102 1640 617 618 1642 622 114 630 1662 1670 646 1674 143 656 1179 1692 672 1696 1706 1194 170 1204 1238 215 731 1246 222 738 1251 758 759 760 1271 781 783 786 1301 795 1322 821 1334 317 320 1350 329 335 851 342 348 876 364 373 1400 891 1420 913 1437 930 1462 440 445 1471 1472 447 1476 1480 1485 461 1491 979 477 488 
3362 992 38 1037 
3363 549 167 263 172 1709 124 313 444 
3364 1379 774 1069 1102 242 792 1180 861 
3365 641 531 1558 1308 289 166 1069 440 445 1471 335 721 875 621 879 1138 755 627 888 
3366 382 1317 774 781 1294 1043 
3367 1400 6 1301 163 1063 1322 1706 170 1584 440 1471 705 1356 863 1635 876 1141 
3368 1379 1603 1700 
3369 1476 1471 170 335 767 851 
3370 1294 1360 178 1301 919 
3371 795 1317 6 394 1356 440 603 29 
3372 1664 1156 394 1204 
3373 1664 1156 1416 1294 654 1678 151 537 288 289 1700 300 1069 1585 714 1358 1370 476 868 
3374 1541 170 1263 656 
3375 1029 170 394 781 242 1364 
3376 1664 1032 523 781 1294 526 656 913 531 1043 1556 1044 668 1566 286 166 170 1323 1069 1588 1205 1334 181 824 185 186 1462 1332 1471 320 449 331 1102 335 603 1246 736 357 238 1264 500 1014 758 1400 
3377 1476 38 6 215 
3378 1674 523 1323 
3379 1102 335 755 
3380 1413 6 646 1416 774 781 526 656 913 1692 1696 1194 299 812 557 1327 1471 320 1472 1222 1102 335 1233 851 342 477 617 1389 1136 114 501 
3381 774 1032 1323 975 
3382 1029 811 1323 206 656 1302 
3383 170 394 242 948 
3384 1400 1032 523 526 786 660 1566 38 1323 1586 440 1471 322 457 1102 1364 476 222 1136 
3385 141 656 400 1064 301 1070 440 824 570 1597 447 320 1471 1090 1479 842 215 357 
3386 1603 742 301 
3387 322 1413 1471 670 656 767 1334 440 795 
3388 440 1102 719 1616 142 786 1204 118 1622 1400 153 186 
3389 1035 523 526 1038 531 1556 1044 1052 29 1566 36 37 1070 1587 567 1597 1603 581 1095 1610 1099 603 95 1635 1639 103 1642 1138 115 1659 126 1662 1664 642 1156 1669 136 1165 1678 656 1168 660 151 1179 156 1180 1700 166 168 169 170 686 177 1204 693 1207 1214 714 1231 721 723 726 736 738 1265 242 767 776 787 1301 792 793 1308 299 812 1328 819 1358 1364 1370 866 868 1382 1385 382 1413 1414 1416 394 913 426 948 1462 1465 957 1471 457 469 1499 991 992 1505 
3390 656 1201 531 1364 1204 1180 
3391 1674 656 1233 
3392 6 1479 1662 
3393 1603 868 1000 170 526 1234 531 
3394 388 1541 1034 11 141 782 656 657 1553 1429 1444 1534 935 296 1450 685 1711 305 54 951 56 1463 314 835 1487 1107 1493 1116 1122 612 1263 633 1657 
3395 6 335 1400 
3396 320 1664 774 170 1323 1102 1204 792 861 
3397 1283 1603 868 
3398 1664 1674 1678 656 1301 795 1566 1311 931 38 1064 1069 1471 1102 851 215 476 879 1649 114 1400 
3399 1029 6 776 137 523 1301 793 1566 1063 169 170 428 812 1585 1204 1207 440 1471 322 457 1098 331 335 207 1364 215 222 1000 
3400 1057 868 1321 170 394 1035 1471 1070 1519 723 1556 1364 
3401 1283 774 523 656 1556 795 37 1064 1451 812 557 1069 567 440 1471 1603 457 1102 207 861 222 95 738 
3402 1541 1322 1034 1263 656 1487 146 1493 1399 1400 
3403 1027 1029 1035 523 526 1038 531 532 1044 1052 29 1566 36 37 1070 1587 567 1597 1603 1092 581 1095 1610 1099 76 603 95 1635 1639 103 617 1642 1138 115 1659 126 1664 642 1156 1669 136 1165 1678 656 1168 660 151 1179 156 1180 1700 166 168 169 170 686 177 1204 693 1207 1214 714 1231 723 726 738 1265 242 1269 767 776 787 1301 792 793 1308 1322 299 812 1328 819 322 842 1358 335 1364 1370 866 868 1382 1385 382 1413 1414 1416 394 913 426 948 1462 1465 957 1471 457 469 1499 991 992 1505 
3404 1024 385 1040 146 403 662 278 1559 1434 1054 287 32 672 414 1059 798 425 938 1451 172 813 1450 1455 690 1591 1208 951 315 188 317 67 1349 1607 968 592 465 209 211 1241 858 604 1246 1004 1262 1393 884 
3405 320 738 1413 774 621 975 1234 
3406 544 1164 723 
3407 162 1251 868 1317 1670 1566 1322 656 272 1264 1555 692 1717 
3408 1283 1662 1070 975 
3409 382 1539 1541 6 842 1098 587 1487 656 1263 1493 567 440 1628 861 
3410 168 526 531 215 
3411 1156 134 18 284 927 1406 547 294 1450 171 1323 555 1198 1070 1204 52 569 703 320 1473 832 1603 451 965 1474 199 586 1619 1237 984 1368 485 1272 
3412 357 1322 811 170 1485 206 656 786 1204 1302 1400 1151 
3413 288 1472 1317 646 1322 913 1365 
3414 1472 868 1322 
3415 868 1029 1385 714 394 1356 1231 1681 915 1556 1204 570 
3416 1607 562 146 
3417 1646 1486 1299 
3418 1662 1102 335 656 92 767 1556 760 186 1116 
3419 848 83 1012 
3420 1317 1566 137 
3421 1027 1156 1656 1165 913 1681 1043 531 151 792 1566 37 38 1194 1323 1456 1586 1204 447 1471 1476 1102 975 979 1364 215 603 476 477 1642 876 760 
3422 1634 868 549 1317 167 200 1192 656 913 562 313 93 
3423 1379 1603 1385 
3424 1185 258 360 1481 1450 1662 1322 685 718 1354 239 210 436 757 1688 
3425 1323 557 1069 1486 1296 786 
3426 868 1678 1400 
3427 736 931 774 440 1385 170 714 1471 1102 1400 476 
3428 382 868 37 774 1000 1471 1234 242 1364 1204 1465 
3429 1027 1285 1064 447 479 237 142 79 1362 531 404 189 823 1276 
3430 1251 868 1034 1069 
3431 738 1029 1102 
3432 1664 1284 1541 1546 656 146 662 414 545 547 1191 1323 939 1069 689 1204 186 1471 320 322 1607 333 335 1487 1493 983 1624 349 736 1252 237 1263 1522 1011 1014 1399 1400 
3433 1185 440 1481 
3434 547 1637 268 973 494 1230 
3435 1121 1155 1064 1097 138 810 
3436 1388 881 824 
3437 1248 435 214 
3438 1472 736 1102 1136 1456 1233 
3439 774 38 1566 170 621 526 781 1327 1234 724 
3440 394 1034 523 656 144 784 148 1556 1204 824 440 1471 320 330 1487 335 83 1116 476 736 1000 
3441 320 1322 335 
3442 440 1543 774 1034 670 1264 792 1180 1204 1400 858 1116 861 
3443 1027 6 1032 1471 457 331 186 1102 786 1364 215 601 90 1692 1246 
3444 34 75 1332 181 
3445 656 1043 1301 1194 1323 557 1586 1204 824 186 699 1471 320 1472 1102 1364 93 222 1000 
3446 35 1032 1674 331 398 181 
3447 1541 742 1607 301 1487 656 1263 146 1717 1493 
3448 1064 457 811 1486 1716 1302 
3449 1156 1541 5 656 1043 1301 1692 1566 824 1471 320 1102 1487 335 1234 1493 868 1263 114 
3450 288 320 1102 1043 1400 1692 
3451 523 142 531 931 1444 37 1063 170 1451 688 1204 181 440 322 838 1608 1102 79 335 738 496 1400 
3452 1285 776 1064 447 237 1362 1272 
3453 1160 170 330 526 1687 
3454 1607 146 1399 
3455 1670 742 301 
3456 170 43 335 
3457 449 1027 1451 812 335 786 1204 181 
3458 320 641 1539 587 592 148 
3459 322 1029 424 1064 200 1323 1070 335 143 786 1204 
3460 138 1194 810 
3461 1028 1389 1102 153 
3462 738 6 424 1000 447 781 1102 656 1204 1591 728 
3463 1029 774 394 650 724 1271 
3464 868 1541 1263 656 1487 1588 
3465 6 394 1547 1678 1692 1566 37 1194 1323 1586 1204 1462 567 186 1471 330 1102 476 617 1642 501 
3466 1582 14 1043 
3467 1413 781 913 146 414 1566 547 168 1204 1597 1471 320 1603 1607 1111 864 868 1136 1399 
3468 545 1566 1322 1485 
3469 382 37 774 1029 170 1323 526 1070 1102 242 1204 440 1180 861 
3470 170 1322 75 
3471 781 913 1400 1017 
3472 1032 1194 1233 567 
3473 838 1323 786 
3474 1607 594 146 
3475 1400 868 39 1584 786 824 
3476 6 170 1356 526 1678 948 1301 215 
3477 1566 1607 906 523 145 146 1399 
3478 774 893 526 1556 
3479 1446 824 1238 760 1562 
3480 481 781 1070 
3481 866 931 1064 1032 1322 523 1323 1000 943 784 656 767 1301 888 
3482 1 900 1420 1552 1561 934 1067 173 446 961 1221 461 1485 1362 1367 1246 1507 
3483 736 1566 1608 656 1014 
3484 1664 1160 670 1069 1204 404 567 1465 
3485 382 1666 1700 1317 1662 1102 335 1204 404 440 90 891 
3486 320 1664 868 774 457 170 621 526 1364 1204 
3487 394 1420 526 1556 1561 795 930 170 1204 1334 186 447 1471 975 335 1234 215 1385 114 
3488 102 1160 1644 1485 718 461 81 
3489 868 38 170 266 1654 1017 381 
3490 136 913 760 
3491 1664 738 1000 394 523 1364 1301 1204 1400 
3492 488 1662 781 
3493 384 1400 6 523 1547 526 1437 1566 166 169 1322 170 1323 1194 1456 1332 1462 440 824 1471 1476 1102 975 335 1233 1234 1372 736 
3494 37 6 1385 170 330 335 404 888 90 
3495 320 795 962 738 1636 1029 1413 1317 1378 169 177 721 1400 603 
3496 1060 1413 1382 1000 113 1400 
3497 1070 335 767 
3498 1234 1717 1400 
3499 736 288 1027 35 975 1136 792 242 1204 660 254 824 
3500 1027 1156 6 1674 781 1566 38 1322 1323 1325 1584 1204 1465 447 1471 457 1103 1234 1364 215 476 868 1000 1400 
3501 769 394 907 638 1553 1556 1429 662 669 1444 1578 1204 54 1086 1102 79 1107 222 490 496 1520 242 
3502 185 1566 1608 332 1553 1400 121 1246 
3503 1476 996 6 1541 1706 1322 1069 141 1263 656 1136 1234 1493 1400 1048 28 
3504 320 1664 931 868 1662 913 1400 1465 286 1437 
3505 868 6 1204 1687 
3506 382 1027 6 1032 415 170 177 1364 1400 90 603 
3507 6 1547 786 1566 670 38 1323 812 1205 567 440 824 1471 320 1348 452 1102 335 1233 851 90 476 736 868 871 620 1389 500 
3508 320 1603 1069 1204 
3509 449 1471 335 
3510 162 163 387 107 1695 1458 1106 629 1333 565 1560 1145 
3511 576 1712 242 531 595 917 
3512 1664 1344 868 75 1323 1069 1204 
3513 1156 773 1674 1043 1556 1301 531 931 166 170 1323 1662 948 1204 440 824 1471 322 736 1400 
3514 1541 294 1034 813 334 1263 1040 656 951 1487 1588 1493 407 954 
3515 1664 132 774 170 1323 300 861 1514 1231 242 1204 792 1180 957 
3516 170 1323 335 979 1204 
3517 1674 656 1204 440 
3518 656 657 1555 407 1432 925 1569 930 931 549 1322 1579 440 186 1471 320 65 322 1603 200 1102 335 1232 1235 598 1368 858 734 479 738 1649 1651 372 1526 1015 
3519 170 1035 656 1264 
3520 804 440 335 
3521 320 1028 1323 1069 975 1365 1400 
3522 1541 1160 1487 656 1263 1493 
3523 899 1027 38 1032 170 1656 114 1043 1586 948 1400 1465 186 891 
3524 1288 360 1450 1354 685 239 15 210 
3525 1352 874 12 
3526 1541 1263 656 1487 335 1493 
3527 1222 779 557 1136 501 
3528 1664 1069 1204 
3529 1541 777 1034 141 656 668 545 811 301 1717 824 185 579 1352 1486 1487 1493 1116 1628 742 1263 1526 
3530 1069 526 215 
3531 772 388 11 930 934 173 56 317 961 837 202 465 978 1378 108 1010 119 
3532 1102 656 767 1204 
3533 1029 774 457 170 1069 1204 792 1180 
3534 1666 1400 1413 6 772 394 1674 781 142 913 786 1043 1692 1566 286 547 931 38 1063 1194 557 1334 824 440 186 447 320 1471 1472 1088 452 838 1102 335 593 601 92 222 738 1378 868 617 876 622 1136 888 
3535 736 774 394 1323 526 
3536 382 931 868 38 1222 670 1584 786 500 215 1400 122 
3537 320 1322 781 531 1204 1558 
3538 1027 1156 6 774 523 526 786 1322 1323 170 824 1597 1471 1102 1233 1234 1364 738 242 
3539 1400 1541 1566 1323 523 781 1102 1263 656 1487 1043 1493 342 501 824 699 
3540 1664 1603 868 774 440 394 861 526 975 242 660 1204 792 
3541 742 232 1323 301 1070 334 656 1400 954 
3542 930 770 1477 325 773 306 1014 664 731 
3543 1607 1160 146 1399 
3544 320 457 266 1233 
3545 320 1379 868 776 331 364 620 1582 1069 1392 1233 
3546 320 1102 656 1553 
3547 1541 137 812 335 656 1487 1263 467 1493 90 
3548 266 1102 1233 1332 
3549 331 114 1204 
3550 1027 6 1102 335 
3551 1664 1603 1597 868 774 440 394 526 792 242 660 1204 1400 
3552 289 1471 1069 660 792 
3553 6 137 1204 
3554 1323 523 1102 
3555 457 44 1102 526 113 242 1400 
3556 1389 1102 567 1692 
3557 449 394 1069 781 
3558 320 1700 1413 1674 620 526 1264 499 500 1301 851 
3559 382 868 773 166 1566 1194 842 170 523 812 335 755 1556 1332 1400 
3560 523 656 1558 287 1183 32 163 549 167 1064 1323 46 1455 439 440 313 1471 320 1603 1102 209 120 1246 736 620 1389 1264 
3561 672 1313 1027 
3562 774 649 523 525 526 656 660 1556 535 537 1566 1449 170 1323 1462 440 699 447 1471 1356 1102 975 
3563 547 1603 1700 1416 136 1642 1323 1000 1385 1038 1102 975 1070 1069 
3564 1283 774 1222 1102 567 792 1180 
3565 449 322 1156 
3566 1000 1323 523 660 1400 
3567 6 1416 1032 786 1687 1692 165 557 1456 1334 440 1471 1102 335 593 621 501 
3568 1000 457 1662 526 335 1070 1400 1017 
3569 868 6 1678 
3570 1032 335 404 
3571 774 1610 1323 1069 975 
3572 320 1476 656 
3573 320 1472 170 670 781 656 1043 
3574 1664 774 1662 1204 1433 
3575 514 1603 1700 1069 1294 242 1556 500 
3576 386 706 1383 811 206 366 400 947 
3577 1664 774 1000 170 1610 621 1069 1102 1264 1234 242 1364 1204 
3578 335 824 148 215 
3579 1317 760 888 
3580 868 1000 1323 656 1364 
3581 382 931 868 6 170 1102 786 1204 1400 
3582 1472 617 557 786 1400 1692 
3583 931 457 335 
3584 1026 389 656 917 925 287 1321 1450 685 815 943 1459 54 314 576 967 846 592 1107 470 598 606 867 868 1649 1266 
3585 1486 335 656 
3586 449 294 46 
3587 1064 558 656 1584 
3588 868 781 114 531 
3589 1664 457 1194 650 242 1204 
3590 382 931 656 
3591 1603 733 9 1546 188 983 1400 1529 
3592 1664 1029 6 774 526 913 531 660 151 792 1566 670 1700 37 166 170 1662 1069 1070 1204 1465 1214 1471 581 1231 849 1234 1364 603 868 1000 1264 242 
3593 37 774 621 1069 
3594 1029 398 177 1234 570 731 
3595 1156 37 1323 523 656 913 786 1043 242 1204 186 1532 
3596 320 738 868 1413 781 335 656 1044 1334 
3597 864 449 137 1102 
3598 1378 322 721 1332 
3599 1607 1160 685 690 146 1591 314 828 93 
3600 868 1029 1323 1102 
3601 1700 170 1070 
3602 1027 774 6 1416 523 1301 795 1437 1566 1700 1317 38 170 299 1586 1204 1591 1471 1476 581 1102 1103 1234 851 1364 
3603 137 714 1069 
3604 736 769 1472 394 1323 781 760 786 1234 1204 1301 767 1400 286 
3605 320 165 774 
3606 32 1192 365 1455 209 1109 
3607 1294 1102 1264 335 
3608 1664 6 876 1102 335 786 
3609 170 557 531 1556 501 1204 
3610 166 170 656 
3611 1102 1456 861 
3612 1156 871 1032 656 
3613 1028 1322 1323 1327 786 
3614 288 1156 170 781 1233 348 
3615 1027 136 1545 394 1038 29 1317 1194 1323 170 1070 1471 447 1102 1113 738 868 1000 
3616 192 320 453 1064 232 781 1551 15 1362 
3617 547 6 1471 335 656 
3618 774 266 1102 786 787 
3619 871 1588 1204 1400 
3620 6 1471 1102 656 
3621 224 291 1036 
3622 868 1541 1263 
3623 774 394 523 1102 335 1234 
3624 774 169 170 1323 526 242 531 1556 
3625 680 1160 15 
3626 457 781 656 
3627 1666 37 531 1204 
3628 1156 170 1323 
3629 1444 1578 907 1326 79 496 1520 402 
3630 868 1317 38 1400 1064 394 1323 170 1102 335 1585 818 1586 1204 1205 62 
3631 1536 15 689 148 
3632 1598 1465 523 1069 852 660 1364 
3633 1192 656 956 
3634 33 1416 1065 1662 1608 656 1682 660 1240 635 
3635 992 1574 1513 1322 1266 
3636 322 165 1064 1323 
3637 1664 1603 1348 335 792 
3638 656 883 1204 1245 186 
3639 1664 1069 1102 1264 1204 
3640 457 1034 1262 15 656 1043 951 440 
3641 547 170 526 
3642 322 141 846 433 563 1204 597 1591 728 1274 
3643 420 1034 656 689 1204 
3644 1607 1160 718 146 1399 
3645 549 167 680 1607 146 1399 1624 313 155 
3646 452 1323 1102 975 1586 1400 
3647 320 1348 457 781 1102 335 656 593 
3648 392 1324 367 1424 977 
3649 394 1231 1233 
3650 931 523 142 
3651 1323 335 1204 
3652 320 1651 692 1235 
3653 288 1063 424 1102 1264 531 
3654 1322 526 656 1204 1400 
3655 1102 1043 1400 476 
3656 1088 1156 38 1448 1032 170 1323 812 786 440 
3657 1413 1322 1102 120 
3658 452 1070 1234 
3659 864 1607 146 
3660 1416 141 1233 
3661 388 1541 1034 11 782 656 1553 1429 1534 1711 54 56 835 1487 1107 1493 1116 222 1122 612 1263 633 1657 
3662 387 1295 1560 1695 162 163 294 1458 1333 565 703 1218 1106 1500 107 1009 629 
3663 868 38 170 1103 1204 1017 
3664 170 1323 394 523 335 786 1043 
3665 320 1027 1413 1566 329 781 1102 215 760 1465 92 
3666 1603 523 44 975 1204 
3667 1317 781 760 
